date,item_id,daily_consumption_units,recorded_stock_on_hand_units,stock_on_order_units,order_placed_today,stockout_today_units,expiry_today_units
2025-01-01,A01,34,1332.4,1671.0,True,0,0
2025-01-01,A02,151,2249.0,4399.0,True,0,0
2025-01-01,A03,6,314.0,1012.0,True,0,0
2025-01-01,A04,0,100.0,549.0,True,0,0
2025-01-01,A05,49,2351.0,6211.0,True,0,0
2025-01-01,A06,16,5629.1,11103.0,True,0,1
2025-01-01,A07,1,449.0,1267.0,True,0,0
2025-01-01,A08,2,198.0,0.0,False,0,0
2025-01-01,A09,1,185.9,909.0,True,0,0
2025-01-01,A10,112,3887.0,12062.0,True,0,1
2025-01-01,B01,0,80.0,428.0,True,0,0
2025-01-01,B02,1,283.5,2133.0,True,0,0
2025-01-01,B03,18,102.0,1007.0,True,0,0
2025-01-01,B04,0,90.0,988.0,True,0,0
2025-01-01,B05,0,40.0,0.0,False,0,0
2025-01-01,B06,0,260.0,1200.0,True,0,0
2025-01-01,B07,48,1452.0,8915.0,True,0,0
2025-01-01,B08,6,494.0,2922.0,True,0,0
2025-01-01,B09,8,132.0,1031.0,True,0,0
2025-01-01,B10,1,59.0,227.0,True,0,0
2025-01-01,B11,2,178.0,1031.0,True,0,0
2025-01-01,B12,27,273.0,1802.0,True,0,0
2025-01-01,C01,1,11.0,68.0,True,0,0
2025-01-01,C02,1,99.0,0.0,False,0,0
2025-01-01,C03,0,16.5,132.0,True,0,0
2025-01-01,C04,1,79.0,568.0,True,0,0
2025-01-01,C05,0,40.0,0.0,False,0,0
2025-01-01,C06,1,59.0,0.0,False,0,0
2025-01-01,C07,0,71.4,0.0,False,0,0
2025-01-01,C08,0,15.0,106.0,True,0,0
2025-01-02,A01,11,1155.0,1671.0,False,0,0
2025-01-02,A02,159,2090.0,4399.0,False,0,0
2025-01-02,A03,6,308.0,1012.0,False,0,0
2025-01-02,A04,0,100.0,549.0,False,0,0
2025-01-02,A05,205,1837.7,6211.0,False,0,0
2025-01-02,A06,120,5062.0,11103.0,False,0,1
2025-01-02,A07,18,431.0,1267.0,False,0,0
2025-01-02,A08,1,197.0,0.0,False,0,0
2025-01-02,A09,3,196.0,909.0,False,0,0
2025-01-02,A10,354,3532.0,12062.0,False,0,1
2025-01-02,B01,6,74.0,428.0,False,0,0
2025-01-02,B02,6,243.0,2133.0,False,0,0
2025-01-02,B03,14,88.0,1007.0,False,0,0
2025-01-02,B04,4,86.0,988.0,False,0,0
2025-01-02,B05,1,39.0,0.0,False,0,0
2025-01-02,B06,2,258.0,1200.0,False,0,0
2025-01-02,B07,310,1142.0,8915.0,False,0,0
2025-01-02,B08,3,491.0,2922.0,False,0,0
2025-01-02,B09,2,136.2,1031.0,False,0,0
2025-01-02,B10,1,58.0,227.0,False,0,0
2025-01-02,B11,13,165.0,1031.0,False,0,0
2025-01-02,B12,1,272.0,1802.0,False,0,0
2025-01-02,C01,1,10.0,68.0,False,0,0
2025-01-02,C02,6,93.0,920.0,True,0,0
2025-01-02,C03,0,18.0,132.0,False,0,0
2025-01-02,C04,9,70.0,568.0,False,0,0
2025-01-02,C05,0,40.0,0.0,False,0,0
2025-01-02,C06,0,50.2,0.0,False,0,0
2025-01-02,C07,0,80.0,0.0,False,0,0
2025-01-02,C08,5,10.0,106.0,False,0,0
2025-01-03,A01,3,1152.0,1671.0,False,0,0
2025-01-03,A02,9,2081.0,4399.0,False,0,0
2025-01-03,A03,59,249.0,1012.0,False,0,0
2025-01-03,A04,0,100.0,549.0,False,0,0
2025-01-03,A05,100,2046.0,6211.0,False,0,0
2025-01-03,A06,53,5008.0,11103.0,False,0,1
2025-01-03,A07,4,427.0,1267.0,False,0,0
2025-01-03,A08,2,195.0,0.0,False,0,0
2025-01-03,A09,8,188.0,909.0,False,0,0
2025-01-03,A10,79,3452.0,12062.0,False,0,1
2025-01-03,B01,0,74.0,428.0,False,0,0
2025-01-03,B02,0,243.0,2133.0,False,0,0
2025-01-03,B03,0,88.0,1007.0,False,0,0
2025-01-03,B04,12,74.0,988.0,False,0,0
2025-01-03,B05,0,39.0,0.0,False,0,0
2025-01-03,B06,71,187.0,1200.0,False,0,0
2025-01-03,B07,2,1140.0,8915.0,False,0,0
2025-01-03,B08,3,488.0,2922.0,False,0,0
2025-01-03,B09,16,114.0,1031.0,False,0,0
2025-01-03,B10,0,58.0,227.0,False,0,0
2025-01-03,B11,22,143.0,1031.0,False,0,0
2025-01-03,B12,37,227.8,1802.0,False,0,0
2025-01-03,C01,0,11.3,68.0,False,0,0
2025-01-03,C02,1,92.0,920.0,False,0,0
2025-01-03,C03,1,17.0,132.0,False,0,0
2025-01-03,C04,7,63.0,568.0,False,0,0
2025-01-03,C05,5,35.0,404.0,True,0,0
2025-01-03,C06,17,42.0,0.0,False,0,0
2025-01-03,C07,3,81.0,0.0,False,0,0
2025-01-03,C08,3,7.0,106.0,False,0,0
2025-01-04,A01,23,1129.0,1671.0,False,0,0
2025-01-04,A02,139,1942.0,4399.0,False,0,0
2025-01-04,A03,16,233.0,1012.0,False,0,0
2025-01-04,A04,1,99.0,549.0,False,0,0
2025-01-04,A05,82,1964.0,6211.0,False,0,0
2025-01-04,A06,141,4866.0,11103.0,False,0,1
2025-01-04,A07,0,427.0,1267.0,False,0,0
2025-01-04,A08,0,195.0,0.0,False,0,0
2025-01-04,A09,2,186.0,909.0,False,0,0
2025-01-04,A10,23,3428.0,12062.0,False,0,1
2025-01-04,B01,1,73.0,428.0,False,0,0
2025-01-04,B02,0,243.0,2133.0,False,0,0
2025-01-04,B03,9,79.0,1007.0,False,0,0
2025-01-04,B04,12,62.0,988.0,False,0,0
2025-01-04,B05,0,38.5,0.0,False,0,0
2025-01-04,B06,2,196.0,1200.0,False,0,0
2025-01-04,B07,30,1110.0,8915.0,False,0,0
2025-01-04,B08,9,479.0,2922.0,False,0,0
2025-01-04,B09,0,114.0,1031.0,False,0,0
2025-01-04,B10,0,52.6,227.0,False,0,0
2025-01-04,B11,0,143.0,1031.0,False,0,0
2025-01-04,B12,7,228.0,1802.0,False,0,0
2025-01-04,C01,1,9.0,68.0,False,0,0
2025-01-04,C02,1,91.0,920.0,False,0,0
2025-01-04,C03,0,17.0,132.0,False,0,0
2025-01-04,C04,0,63.0,568.0,False,0,0
2025-01-04,C05,2,33.0,404.0,False,0,0
2025-01-04,C06,2,45.9,0.0,False,0,0
2025-01-04,C07,4,75.1,0.0,False,0,0
2025-01-04,C08,0,7.2,106.0,False,0,0
2025-01-05,A01,9,1120.0,1671.0,False,0,0
2025-01-05,A02,0,1942.0,4399.0,False,0,0
2025-01-05,A03,0,233.0,1012.0,False,0,0
2025-01-05,A04,0,99.0,549.0,False,0,0
2025-01-05,A05,149,1815.0,6211.0,False,0,0
2025-01-05,A06,107,4758.0,11103.0,False,0,1
2025-01-05,A07,2,425.0,1267.0,False,0,0
2025-01-05,A08,12,183.0,0.0,False,0,0
2025-01-05,A09,1,185.0,909.0,False,0,0
2025-01-05,A10,493,2934.0,12062.0,False,0,1
2025-01-05,B01,0,73.0,428.0,False,0,0
2025-01-05,B02,1,242.0,2133.0,False,0,0
2025-01-05,B03,0,79.0,1007.0,False,0,0
2025-01-05,B04,18,44.0,988.0,False,0,0
2025-01-05,B05,0,39.0,0.0,False,0,0
2025-01-05,B06,7,178.0,1200.0,False,0,0
2025-01-05,B07,192,918.0,8915.0,False,0,0
2025-01-05,B08,8,471.0,2922.0,False,0,0
2025-01-05,B09,5,109.0,1031.0,False,0,0
2025-01-05,B10,1,57.0,227.0,False,0,0
2025-01-05,B11,5,138.0,1031.0,False,0,0
2025-01-05,B12,1,201.1,1802.0,False,0,0
2025-01-05,C01,2,7.0,68.0,False,0,0
2025-01-05,C02,0,91.0,920.0,False,0,0
2025-01-05,C03,0,17.0,132.0,False,0,0
2025-01-05,C04,6,57.0,568.0,False,0,0
2025-01-05,C05,0,33.0,404.0,False,0,0
2025-01-05,C06,0,40.0,516.0,True,0,0
2025-01-05,C07,3,70.0,0.0,False,0,0
2025-01-05,C08,2,5.0,106.0,False,0,0
2025-01-06,A01,18,1102.0,1671.0,False,0,0
2025-01-06,A02,51,1891.0,4399.0,False,0,0
2025-01-06,A03,7,226.0,1012.0,False,0,0
2025-01-06,A04,1,98.0,549.0,False,0,0
2025-01-06,A05,5,1810.0,6211.0,False,0,0
2025-01-06,A06,654,4103.0,11103.0,False,0,1
2025-01-06,A07,80,345.0,1267.0,False,0,0
2025-01-06,A08,12,171.0,0.0,False,0,0
2025-01-06,A09,2,183.0,909.0,False,0,0
2025-01-06,A10,389,2544.0,12062.0,False,0,1
2025-01-06,B01,0,73.0,428.0,False,0,0
2025-01-06,B02,2,240.0,2133.0,False,0,0
2025-01-06,B03,8,68.7,1007.0,False,0,0
2025-01-06,B04,0,44.0,988.0,False,0,0
2025-01-06,B05,0,39.0,0.0,False,0,0
2025-01-06,B06,16,162.0,1200.0,False,0,0
2025-01-06,B07,61,857.0,8915.0,False,0,0
2025-01-06,B08,1,494.3,2922.0,False,0,0
2025-01-06,B09,3,106.0,1031.0,False,0,0
2025-01-06,B10,3,54.0,227.0,False,0,0
2025-01-06,B11,1,137.0,1031.0,False,0,0
2025-01-06,B12,29,198.0,1802.0,False,0,0
2025-01-06,C01,0,7.0,68.0,False,0,0
2025-01-06,C02,11,72.2,920.0,False,0,0
2025-01-06,C03,0,17.0,132.0,False,0,0
2025-01-06,C04,0,57.0,568.0,False,0,0
2025-01-06,C05,3,30.0,404.0,False,0,0
2025-01-06,C06,3,38.1,516.0,False,0,0
2025-01-06,C07,3,67.0,0.0,False,0,0
2025-01-06,C08,0,5.0,106.0,False,0,0
2025-01-07,A01,42,1060.0,1671.0,False,0,0
2025-01-07,A02,193,1552.9,4399.0,False,0,0
2025-01-07,A03,5,221.0,1012.0,False,0,0
2025-01-07,A04,2,96.0,549.0,False,0,0
2025-01-07,A05,48,1825.2,6211.0,False,0,0
2025-01-07,A06,14,4088.0,11103.0,False,0,1
2025-01-07,A07,9,336.0,1267.0,False,0,0
2025-01-07,A08,0,189.8,0.0,False,0,0
2025-01-07,A09,6,177.0,909.0,False,0,0
2025-01-07,A10,96,2447.0,12062.0,False,0,1
2025-01-07,B01,0,73.0,428.0,False,0,0
2025-01-07,B02,12,228.0,2133.0,False,0,0
2025-01-07,B03,3,68.0,1007.0,False,0,0
2025-01-07,B04,0,1087.9,0.0,False,0,0
2025-01-07,B05,1,41.3,0.0,False,0,0
2025-01-07,B06,3,159.0,1200.0,False,0,0
2025-01-07,B07,55,802.0,8915.0,False,0,0
2025-01-07,B08,41,429.0,2922.0,False,0,0
2025-01-07,B09,5,101.0,1031.0,False,0,0
2025-01-07,B10,1,53.0,227.0,False,0,0
2025-01-07,B11,1,136.0,1031.0,False,0,0
2025-01-07,B12,1,223.4,1802.0,False,0,0
2025-01-07,C01,1,6.0,68.0,False,0,0
2025-01-07,C02,11,69.7,920.0,False,0,0
2025-01-07,C03,0,17.0,132.0,False,0,0
2025-01-07,C04,0,49.5,568.0,False,0,0
2025-01-07,C05,4,29.7,404.0,False,0,0
2025-01-07,C06,0,37.0,516.0,False,0,0
2025-01-07,C07,6,61.0,0.0,False,0,0
2025-01-07,C08,0,5.0,106.0,False,0,0
2025-01-08,A01,5,1055.0,1671.0,False,0,0
2025-01-08,A02,179,1519.0,4399.0,False,0,0
2025-01-08,A03,3,198.1,1012.0,False,0,0
2025-01-08,A04,2,94.0,549.0,False,0,0
2025-01-08,A05,71,1552.0,6211.0,False,0,0
2025-01-08,A06,63,4024.0,11103.0,False,0,1
2025-01-08,A07,2,334.0,1267.0,False,0,0
2025-01-08,A08,5,166.0,0.0,False,0,0
2025-01-08,A09,0,177.0,909.0,False,0,0
2025-01-08,A10,18,2429.0,12062.0,False,0,0
2025-01-08,B01,0,73.0,428.0,False,0,0
2025-01-08,B02,9,219.0,2133.0,False,0,0
2025-01-08,B03,2,66.0,1007.0,False,0,0
2025-01-08,B04,3,1029.0,0.0,False,0,0
2025-01-08,B05,1,37.0,0.0,False,0,0
2025-01-08,B06,1,158.0,1200.0,False,0,0
2025-01-08,B07,20,777.6,8915.0,False,0,0
2025-01-08,B08,35,394.0,2922.0,False,0,0
2025-01-08,B09,0,101.0,1031.0,False,0,0
2025-01-08,B10,1,52.0,227.0,False,0,0
2025-01-08,B11,0,136.0,1031.0,False,0,0
2025-01-08,B12,9,160.7,1802.0,False,0,0
2025-01-08,C01,0,6.0,68.0,False,0,0
2025-01-08,C02,1,68.0,920.0,False,0,0
2025-01-08,C03,0,17.0,132.0,False,0,0
2025-01-08,C04,1,56.0,568.0,False,0,0
2025-01-08,C05,0,29.5,404.0,False,0,0
2025-01-08,C06,1,36.0,516.0,False,0,0
2025-01-08,C07,5,56.0,0.0,False,0,0
2025-01-08,C08,0,5.0,106.0,False,0,0
2025-01-09,A01,51,1004.0,1671.0,False,0,0
2025-01-09,A02,1,1518.0,4399.0,False,0,0
2025-01-09,A03,4,214.0,1012.0,False,0,0
2025-01-09,A04,2,92.0,549.0,False,0,0
2025-01-09,A05,42,1649.0,6211.0,False,0,0
2025-01-09,A06,261,3762.0,11103.0,False,0,1
2025-01-09,A07,9,325.0,1267.0,False,0,0
2025-01-09,A08,1,165.0,0.0,False,0,0
2025-01-09,A09,10,167.0,909.0,False,0,0
2025-01-09,A10,40,2389.0,12062.0,False,0,0
2025-01-09,B01,12,61.0,428.0,False,0,0
2025-01-09,B02,18,201.0,2133.0,False,0,0
2025-01-09,B03,25,41.0,1007.0,False,0,0
2025-01-09,B04,2,1027.0,0.0,False,0,0
2025-01-09,B05,5,32.0,0.0,False,0,0
2025-01-09,B06,16,142.0,1200.0,False,0,0
2025-01-09,B07,31,751.0,8915.0,False,0,0
2025-01-09,B08,60,334.0,2922.0,False,0,0
2025-01-09,B09,36,65.0,1031.0,False,0,0
2025-01-09,B10,1,51.0,227.0,False,0,0
2025-01-09,B11,22,114.0,1031.0,False,0,0
2025-01-09,B12,51,137.0,1802.0,False,0,0
2025-01-09,C01,0,6.0,68.0,False,0,0
2025-01-09,C02,1,67.0,920.0,False,0,0
2025-01-09,C03,0,17.0,132.0,False,0,0
2025-01-09,C04,3,53.0,568.0,False,0,0
2025-01-09,C05,0,26.0,404.0,False,0,0
2025-01-09,C06,1,35.0,516.0,False,0,0
2025-01-09,C07,1,55.0,0.0,False,0,0
2025-01-09,C08,0,5.0,106.0,False,0,0
2025-01-10,A01,30,974.0,1671.0,False,0,0
2025-01-10,A02,1,1517.0,4399.0,False,0,0
2025-01-10,A03,6,208.0,1012.0,False,0,0
2025-01-10,A04,2,90.0,549.0,False,0,0
2025-01-10,A05,36,1613.0,6211.0,False,0,0
2025-01-10,A06,67,3618.6,11103.0,False,0,1
2025-01-10,A07,15,310.0,1267.0,False,0,0
2025-01-10,A08,8,157.0,0.0,False,0,0
2025-01-10,A09,3,164.0,909.0,False,0,0
2025-01-10,A10,420,1969.0,12062.0,False,0,0
2025-01-10,B01,3,58.0,428.0,False,0,0
2025-01-10,B02,7,194.0,2133.0,False,0,0
2025-01-10,B03,2,1046.0,0.0,False,0,0
2025-01-10,B04,0,889.9,0.0,False,0,0
2025-01-10,B05,3,29.0,0.0,False,0,0
2025-01-10,B06,1,141.0,1200.0,False,0,0
2025-01-10,B07,83,668.0,8915.0,False,0,0
2025-01-10,B08,2,332.0,2922.0,False,0,0
2025-01-10,B09,10,55.0,1031.0,False,0,0
2025-01-10,B10,0,51.0,227.0,False,0,0
2025-01-10,B11,23,91.0,1031.0,False,0,0
2025-01-10,B12,15,122.0,1802.0,False,0,0
2025-01-10,C01,0,6.0,68.0,False,0,0
2025-01-10,C02,3,64.0,920.0,False,0,0
2025-01-10,C03,0,17.0,132.0,False,0,0
2025-01-10,C04,8,45.0,568.0,False,0,0
2025-01-10,C05,0,26.0,404.0,False,0,0
2025-01-10,C06,1,34.0,516.0,False,0,0
2025-01-10,C07,1,54.0,640.0,True,0,0
2025-01-10,C08,0,4.7,106.0,False,0,0
2025-01-11,A01,2,1005.4,1671.0,False,0,0
2025-01-11,A02,16,1501.0,4399.0,False,0,0
2025-01-11,A03,4,204.0,1012.0,False,0,0
2025-01-11,A04,0,90.0,549.0,False,0,0
2025-01-11,A05,48,1565.0,6211.0,False,0,0
2025-01-11,A06,508,3185.0,11103.0,False,0,1
2025-01-11,A07,0,310.0,1267.0,False,0,0
2025-01-11,A08,8,149.0,0.0,False,0,0
2025-01-11,A09,30,134.0,909.0,False,0,0
2025-01-11,A10,247,1722.0,12062.0,False,0,0
2025-01-11,B01,0,58.0,428.0,False,0,0
2025-01-11,B02,0,194.0,2133.0,False,0,0
2025-01-11,B03,0,1046.0,0.0,False,0,0
2025-01-11,B04,1,1026.0,0.0,False,0,0
2025-01-11,B05,1,28.0,0.0,False,0,0
2025-01-11,B06,1,140.0,1200.0,False,0,0
2025-01-11,B07,284,384.0,8915.0,False,0,0
2025-01-11,B08,4,328.0,2922.0,False,0,0
2025-01-11,B09,0,51.4,1031.0,False,0,0
2025-01-11,B10,0,51.0,227.0,False,0,0
2025-01-11,B11,0,91.0,1031.0,False,0,0
2025-01-11,B12,54,68.0,1802.0,False,0,0
2025-01-11,C01,2,4.0,68.0,False,0,0
2025-01-11,C02,0,64.0,920.0,False,0,0
2025-01-11,C03,1,16.0,132.0,False,0,0
2025-01-11,C04,3,41.3,568.0,False,0,0
2025-01-11,C05,0,26.0,404.0,False,0,0
2025-01-11,C06,0,34.0,516.0,False,0,0
2025-01-11,C07,1,53.0,640.0,False,0,0
2025-01-11,C08,0,5.0,106.0,False,0,0
2025-01-12,A01,5,967.0,1671.0,False,0,0
2025-01-12,A02,40,1461.0,4399.0,False,0,0
2025-01-12,A03,6,198.0,1012.0,False,0,0
2025-01-12,A04,0,90.0,549.0,False,0,0
2025-01-12,A05,5,1761.1,6211.0,False,0,0
2025-01-12,A06,342,2842.0,11103.0,False,0,1
2025-01-12,A07,0,310.0,1267.0,False,0,0
2025-01-12,A08,1,148.0,0.0,False,0,0
2025-01-12,A09,3,131.0,909.0,False,0,0
2025-01-12,A10,1,1721.0,12062.0,False,0,0
2025-01-12,B01,0,58.0,428.0,False,0,0
2025-01-12,B02,6,188.0,2133.0,False,0,0
2025-01-12,B03,2,1044.0,0.0,False,0,0
2025-01-12,B04,7,1019.0,0.0,False,0,0
2025-01-12,B05,0,28.0,0.0,False,0,0
2025-01-12,B06,1,155.2,1200.0,False,0,0
2025-01-12,B07,72,312.0,8915.0,False,0,0
2025-01-12,B08,14,314.0,2922.0,False,0,0
2025-01-12,B09,1,54.0,1031.0,False,0,0
2025-01-12,B10,0,51.0,227.0,False,0,0
2025-01-12,B11,0,91.0,1031.0,False,0,0
2025-01-12,B12,0,63.2,1802.0,False,0,0
2025-01-12,C01,0,4.0,68.0,False,0,0
2025-01-12,C02,0,64.0,920.0,False,0,0
2025-01-12,C03,0,16.0,132.0,False,0,0
2025-01-12,C04,0,42.0,568.0,False,0,0
2025-01-12,C05,0,26.0,404.0,False,0,0
2025-01-12,C06,0,37.6,516.0,False,0,0
2025-01-12,C07,0,53.0,640.0,False,0,0
2025-01-12,C08,1,4.0,106.0,False,0,0
2025-01-13,A01,2,965.0,1671.0,False,0,0
2025-01-13,A02,28,1433.0,4399.0,False,0,0
2025-01-13,A03,1,197.0,1012.0,False,0,0
2025-01-13,A04,2,88.0,549.0,False,0,0
2025-01-13,A05,0,7769.0,0.0,False,0,2
2025-01-13,A06,0,2841.0,11103.0,False,0,1
2025-01-13,A07,14,296.0,1267.0,False,0,0
2025-01-13,A08,5,143.0,0.0,False,0,0
2025-01-13,A09,18,104.1,909.0,False,0,0
2025-01-13,A10,10,1711.0,12062.0,False,0,0
2025-01-13,B01,0,58.0,428.0,False,0,0
2025-01-13,B02,23,165.0,2133.0,False,0,0
2025-01-13,B03,24,1020.0,0.0,False,0,0
2025-01-13,B04,0,1019.0,0.0,False,0,0
2025-01-13,B05,0,28.0,0.0,False,0,0
2025-01-13,B06,12,127.0,1200.0,False,0,0
2025-01-13,B07,39,273.0,8915.0,False,0,0
2025-01-13,B08,35,279.0,2922.0,False,0,0
2025-01-13,B09,9,45.0,1031.0,False,0,0
2025-01-13,B10,0,51.0,227.0,False,0,0
2025-01-13,B11,1,90.0,1031.0,False,0,0
2025-01-13,B12,26,42.0,1802.0,False,0,0
2025-01-13,C01,1,3.0,68.0,False,0,0
2025-01-13,C02,5,59.0,920.0,False,0,0
2025-01-13,C03,0,14.7,132.0,False,0,0
2025-01-13,C04,3,39.0,568.0,False,0,0
2025-01-13,C05,1,25.0,404.0,False,0,0
2025-01-13,C06,4,30.0,516.0,False,0,0
2025-01-13,C07,1,52.0,640.0,False,0,0
2025-01-13,C08,0,4.0,106.0,False,0,0
2025-01-14,A01,31,934.0,1671.0,False,0,0
2025-01-14,A02,16,1417.0,4399.0,False,0,0
2025-01-14,A03,0,197.0,1012.0,False,0,0
2025-01-14,A04,2,86.0,549.0,False,0,0
2025-01-14,A05,2,7765.0,0.0,False,0,2
2025-01-14,A06,219,2621.0,11103.0,False,0,1
2025-01-14,A07,39,257.0,1267.0,False,0,0
2025-01-14,A08,0,143.0,0.0,False,0,0
2025-01-14,A09,3,110.0,909.0,False,0,0
2025-01-14,A10,348,1363.0,12062.0,False,0,0
2025-01-14,B01,1,50.9,428.0,False,0,0
2025-01-14,B02,17,148.0,2133.0,False,0,0
2025-01-14,B03,1,1019.0,0.0,False,0,0
2025-01-14,B04,10,1009.0,0.0,False,0,0
2025-01-14,B05,0,28.0,0.0,False,0,0
2025-01-14,B06,20,107.0,1200.0,False,0,0
2025-01-14,B07,140,133.0,8915.0,False,0,0
2025-01-14,B08,11,268.0,2922.0,False,0,0
2025-01-14,B09,3,42.0,1031.0,False,0,0
2025-01-14,B10,1,50.0,227.0,False,0,0
2025-01-14,B11,10,80.0,1031.0,False,0,0
2025-01-14,B12,75,0.0,1802.0,False,33,0
2025-01-14,C01,0,3.0,68.0,False,0,0
2025-01-14,C02,5,54.0,920.0,False,0,0
2025-01-14,C03,0,16.0,132.0,False,0,0
2025-01-14,C04,3,36.0,568.0,False,0,0
2025-01-14,C05,0,25.0,404.0,False,0,0
2025-01-14,C06,0,30.0,516.0,False,0,0
2025-01-14,C07,1,51.0,640.0,False,0,0
2025-01-14,C08,0,4.4,106.0,False,0,0
2025-01-15,A01,3,931.0,1671.0,False,0,0
2025-01-15,A02,2,1415.0,4399.0,False,0,0
2025-01-15,A03,17,180.0,1012.0,False,0,0
2025-01-15,A04,0,86.0,549.0,False,0,0
2025-01-15,A05,4,7759.0,0.0,False,0,2
2025-01-15,A06,409,2212.0,11103.0,False,0,0
2025-01-15,A07,4,253.0,1267.0,False,0,0
2025-01-15,A08,8,135.0,0.0,False,0,0
2025-01-15,A09,3,107.0,909.0,False,0,0
2025-01-15,A10,4,1359.0,12062.0,False,0,0
2025-01-15,B01,0,57.0,428.0,False,0,0
2025-01-15,B02,4,144.0,2133.0,False,0,0
2025-01-15,B03,3,1016.0,0.0,False,0,0
2025-01-15,B04,7,1002.0,0.0,False,0,0
2025-01-15,B05,1,27.0,0.0,False,0,0
2025-01-15,B06,5,102.0,1200.0,False,0,0
2025-01-15,B07,19,114.0,8915.0,False,0,0
2025-01-15,B08,13,255.0,2922.0,False,0,0
2025-01-15,B09,0,42.0,1031.0,False,0,0
2025-01-15,B10,0,50.0,227.0,False,0,0
2025-01-15,B11,3,77.0,1031.0,False,0,0
2025-01-15,B12,10,0.0,1802.0,False,10,0
2025-01-15,C01,0,3.0,68.0,False,0,0
2025-01-15,C02,1,53.0,920.0,False,0,0
2025-01-15,C03,0,16.0,132.0,False,0,0
2025-01-15,C04,1,35.0,568.0,False,0,0
2025-01-15,C05,1,24.0,404.0,False,0,0
2025-01-15,C06,3,27.0,516.0,False,0,0
2025-01-15,C07,2,45.2,640.0,False,0,0
2025-01-15,C08,0,4.0,106.0,False,0,0
2025-01-16,A01,5,926.0,1671.0,False,0,0
2025-01-16,A02,3,1412.0,4399.0,False,0,0
2025-01-16,A03,50,130.0,1012.0,False,0,0
2025-01-16,A04,0,86.0,549.0,False,0,0
2025-01-16,A05,61,7696.0,0.0,False,0,2
2025-01-16,A06,688,1524.0,11103.0,False,0,0
2025-01-16,A07,22,238.4,1267.0,False,0,0
2025-01-16,A08,0,135.0,0.0,False,0,0
2025-01-16,A09,2,105.0,909.0,False,0,0
2025-01-16,A10,109,1250.0,12062.0,False,0,0
2025-01-16,B01,0,57.0,428.0,False,0,0
2025-01-16,B02,24,104.9,2133.0,False,0,0
2025-01-16,B03,11,1005.0,0.0,False,0,0
2025-01-16,B04,0,1002.0,0.0,False,0,0
2025-01-16,B05,1,26.0,0.0,False,0,0
2025-01-16,B06,0,102.0,1200.0,False,0,0
2025-01-16,B07,107,7.0,8915.0,False,0,0
2025-01-16,B08,34,221.0,2922.0,False,0,0
2025-01-16,B09,0,42.0,1031.0,False,0,0
2025-01-16,B10,3,47.0,227.0,False,0,0
2025-01-16,B11,8,69.0,1031.0,False,0,0
2025-01-16,B12,34,0.0,1802.0,False,34,0
2025-01-16,C01,0,3.0,68.0,False,0,0
2025-01-16,C02,11,42.0,920.0,False,0,0
2025-01-16,C03,1,15.0,132.0,False,0,0
2025-01-16,C04,5,30.0,568.0,False,0,0
2025-01-16,C05,2,22.0,404.0,False,0,0
2025-01-16,C06,0,27.0,516.0,False,0,0
2025-01-16,C07,0,49.0,640.0,False,0,0
2025-01-16,C08,1,3.0,106.0,False,0,0
2025-01-17,A01,95,900.0,1671.0,False,0,0
2025-01-17,A02,148,1264.0,4399.0,False,0,0
2025-01-17,A03,3,142.9,1012.0,False,0,0
2025-01-17,A04,1,85.0,549.0,False,0,0
2025-01-17,A05,45,7888.0,0.0,False,0,2
2025-01-17,A06,1099,425.0,11103.0,False,0,0
2025-01-17,A07,4,227.0,1267.0,False,0,0
2025-01-17,A08,9,128.0,0.0,False,0,0
2025-01-17,A09,8,97.0,909.0,False,0,0
2025-01-17,A10,2,1248.0,12062.0,False,0,0
2025-01-17,B01,2,55.0,428.0,False,0,0
2025-01-17,B02,6,114.0,2133.0,False,0,0
2025-01-17,B03,2,1003.0,0.0,False,0,0
2025-01-17,B04,0,1002.0,0.0,False,0,0
2025-01-17,B05,0,26.0,0.0,False,0,0
2025-01-17,B06,6,96.0,1200.0,False,0,0
2025-01-17,B07,52,0.0,8915.0,False,45,0
2025-01-17,B08,8,211.5,2922.0,False,0,0
2025-01-17,B09,3,39.0,1031.0,False,0,0
2025-01-17,B10,3,44.0,227.0,False,0,0
2025-01-17,B11,0,69.0,1031.0,False,0,0
2025-01-17,B12,15,0.0,1802.0,False,15,0
2025-01-17,C01,0,3.0,68.0,False,0,0
2025-01-17,C02,3,39.0,920.0,False,0,0
2025-01-17,C03,1,12.2,132.0,False,0,0
2025-01-17,C04,0,30.0,568.0,False,0,0
2025-01-17,C05,4,17.0,404.0,False,0,0
2025-01-17,C06,0,27.0,516.0,False,0,0
2025-01-17,C07,3,46.0,640.0,False,0,0
2025-01-17,C08,0,3.0,106.0,False,0,0
2025-01-18,A01,65,766.0,1671.0,False,0,0
2025-01-18,A02,6,1083.9,4399.0,False,0,0
2025-01-18,A03,2,125.0,1012.0,False,0,0
2025-01-18,A04,1,84.0,549.0,False,0,0
2025-01-18,A05,18,7629.0,0.0,False,0,2
2025-01-18,A06,70,355.0,11103.0,False,0,0
2025-01-18,A07,48,179.0,1267.0,False,0,0
2025-01-18,A08,10,116.0,0.0,False,0,0
2025-01-18,A09,2,95.0,909.0,False,0,0
2025-01-18,A10,8,1240.0,12062.0,False,0,0
2025-01-18,B01,0,55.0,428.0,False,0,0
2025-01-18,B02,0,114.0,2133.0,False,0,0
2025-01-18,B03,7,996.0,0.0,False,0,0
2025-01-18,B04,12,990.0,0.0,False,0,0
2025-01-18,B05,0,26.8,0.0,False,0,0
2025-01-18,B06,0,96.0,1200.0,False,0,0
2025-01-18,B07,175,0.0,8915.0,False,175,0
2025-01-18,B08,33,206.5,2922.0,False,0,0
2025-01-18,B09,5,34.0,1031.0,False,0,0
2025-01-18,B10,2,42.0,227.0,False,0,0
2025-01-18,B11,7,62.0,1031.0,False,0,0
2025-01-18,B12,17,0.0,1802.0,False,17,0
2025-01-18,C01,0,3.0,68.0,False,0,0
2025-01-18,C02,8,31.0,920.0,False,0,0
2025-01-18,C03,0,14.0,132.0,False,0,0
2025-01-18,C04,7,23.0,568.0,False,0,0
2025-01-18,C05,1,17.0,404.0,False,0,0
2025-01-18,C06,0,27.0,516.0,False,0,0
2025-01-18,C07,1,45.0,640.0,False,0,0
2025-01-18,C08,0,3.0,106.0,False,0,0
2025-01-19,A01,17,749.0,1671.0,False,0,0
2025-01-19,A02,144,1114.0,4399.0,False,0,0
2025-01-19,A03,16,109.0,1012.0,False,0,0
2025-01-19,A04,0,84.0,549.0,False,0,0
2025-01-19,A05,54,7573.0,0.0,False,0,2
2025-01-19,A06,16,339.0,11103.0,False,0,0
2025-01-19,A07,14,165.0,1267.0,False,0,0
2025-01-19,A08,1,124.2,0.0,False,0,0
2025-01-19,A09,10,97.7,909.0,False,0,0
2025-01-19,A10,271,969.0,12062.0,False,0,0
2025-01-19,B01,0,55.0,428.0,False,0,0
2025-01-19,B02,0,114.0,2133.0,False,0,0
2025-01-19,B03,0,996.0,0.0,False,0,0
2025-01-19,B04,13,977.0,0.0,False,0,0
2025-01-19,B05,0,26.0,0.0,False,0,0
2025-01-19,B06,0,96.0,1200.0,False,0,0
2025-01-19,B07,36,0.0,8915.0,False,36,0
2025-01-19,B08,4,176.0,2922.0,False,0,0
2025-01-19,B09,0,34.0,1031.0,False,0,0
2025-01-19,B10,1,41.0,227.0,False,0,0
2025-01-19,B11,2,60.0,1031.0,False,0,0
2025-01-19,B12,20,0.0,1802.0,False,20,0
2025-01-19,C01,0,3.0,68.0,False,0,0
2025-01-19,C02,0,31.0,920.0,False,0,0
2025-01-19,C03,1,13.0,132.0,False,0,0
2025-01-19,C04,0,23.0,568.0,False,0,0
2025-01-19,C05,0,17.0,404.0,False,0,0
2025-01-19,C06,0,27.0,516.0,False,0,0
2025-01-19,C07,0,45.0,640.0,False,0,0
2025-01-19,C08,5,0.0,106.0,False,2,0
2025-01-20,A01,16,733.0,1671.0,False,0,0
2025-01-20,A02,169,945.0,4399.0,False,0,0
2025-01-20,A03,19,90.0,1012.0,False,0,0
2025-01-20,A04,0,633.0,0.0,False,0,0
2025-01-20,A05,110,7461.0,0.0,False,0,2
2025-01-20,A06,104,235.0,11103.0,False,0,0
2025-01-20,A07,2,163.0,1267.0,False,0,0
2025-01-20,A08,1,114.0,0.0,False,0,0
2025-01-20,A09,0,85.0,909.0,False,0,0
2025-01-20,A10,7,962.0,12062.0,False,0,0
2025-01-20,B01,0,55.0,428.0,False,0,0
2025-01-20,B02,20,94.0,2133.0,False,0,0
2025-01-20,B03,1,891.6,0.0,False,0,0
2025-01-20,B04,4,973.0,0.0,False,0,0
2025-01-20,B05,0,26.0,0.0,False,0,0
2025-01-20,B06,43,53.0,1200.0,False,0,0
2025-01-20,B07,2,0.0,8915.0,False,2,0
2025-01-20,B08,46,138.7,2922.0,False,0,0
2025-01-20,B09,7,27.0,1031.0,False,0,0
2025-01-20,B10,3,38.0,227.0,False,0,0
2025-01-20,B11,10,50.0,1031.0,False,0,0
2025-01-20,B12,4,0.0,1802.0,False,4,0
2025-01-20,C01,0,3.0,68.0,False,0,0
2025-01-20,C02,1,34.5,920.0,False,0,0
2025-01-20,C03,1,12.0,132.0,False,0,0
2025-01-20,C04,26,0.0,568.0,False,3,0
2025-01-20,C05,3,14.0,404.0,False,0,0
2025-01-20,C06,0,27.0,516.0,False,0,0
2025-01-20,C07,7,38.0,640.0,False,0,0
2025-01-20,C08,0,0.0,106.0,False,0,0
2025-01-21,A01,19,714.0,1671.0,False,0,0
2025-01-21,A02,17,928.0,4399.0,False,0,0
2025-01-21,A03,24,66.0,1012.0,False,0,0
2025-01-21,A04,0,633.0,0.0,False,0,0
2025-01-21,A05,27,7432.0,0.0,False,0,2
2025-01-21,A06,149,95.7,11103.0,False,0,0
2025-01-21,A07,4,159.0,1267.0,False,0,0
2025-01-21,A08,18,96.0,331.0,True,0,0
2025-01-21,A09,0,85.0,909.0,False,0,0
2025-01-21,A10,8,954.0,12062.0,False,0,0
2025-01-21,B01,0,55.0,428.0,False,0,0
2025-01-21,B02,5,89.0,2133.0,False,0,0
2025-01-21,B03,1,994.0,0.0,False,0,0
2025-01-21,B04,0,973.0,0.0,False,0,0
2025-01-21,B05,1,25.0,0.0,False,0,0
2025-01-21,B06,0,53.0,1200.0,False,0,0
2025-01-21,B07,69,0.0,8915.0,False,69,0
2025-01-21,B08,0,130.0,2922.0,False,0,0
2025-01-21,B09,4,23.0,1031.0,False,0,0
2025-01-21,B10,2,36.0,227.0,False,0,0
2025-01-21,B11,4,46.0,1031.0,False,0,0
2025-01-21,B12,15,0.0,1802.0,False,15,0
2025-01-21,C01,1,2.0,68.0,False,0,0
2025-01-21,C02,1,28.2,920.0,False,0,0
2025-01-21,C03,0,12.0,132.0,False,0,0
2025-01-21,C04,1,0.0,568.0,False,1,0
2025-01-21,C05,2,13.0,404.0,False,0,0
2025-01-21,C06,5,22.0,516.0,False,0,0
2025-01-21,C07,2,36.0,640.0,False,0,0
2025-01-21,C08,1,0.0,106.0,False,1,0
2025-01-22,A01,56,658.0,1671.0,False,0,0
2025-01-22,A02,177,751.0,4399.0,False,0,0
2025-01-22,A03,25,41.0,1012.0,False,0,0
2025-01-22,A04,4,629.0,0.0,False,0,0
2025-01-22,A05,177,7254.0,0.0,False,0,1
2025-01-22,A06,1,89.9,11103.0,False,0,0
2025-01-22,A07,5,154.0,1267.0,False,0,0
2025-01-22,A08,0,96.0,331.0,False,0,0
2025-01-22,A09,1,84.0,909.0,False,0,0
2025-01-22,A10,1,953.0,12062.0,False,0,0
2025-01-22,B01,7,48.0,428.0,False,0,0
2025-01-22,B02,3,86.0,2133.0,False,0,0
2025-01-22,B03,0,994.0,0.0,False,0,0
2025-01-22,B04,0,973.0,0.0,False,0,0
2025-01-22,B05,0,25.0,0.0,False,0,0
2025-01-22,B06,13,40.0,1200.0,False,0,0
2025-01-22,B07,11,0.0,8915.0,False,11,0
2025-01-22,B08,2,128.0,2922.0,False,0,0
2025-01-22,B09,0,23.0,1031.0,False,0,0
2025-01-22,B10,4,32.0,227.0,False,0,0
2025-01-22,B11,12,34.0,1031.0,False,0,0
2025-01-22,B12,12,0.0,1802.0,False,12,0
2025-01-22,C01,0,2.0,68.0,False,0,0
2025-01-22,C02,5,24.0,920.0,False,0,0
2025-01-22,C03,3,9.0,132.0,False,0,0
2025-01-22,C04,6,0.0,568.0,False,6,0
2025-01-22,C05,0,12.0,404.0,False,0,0
2025-01-22,C06,2,20.0,516.0,False,0,0
2025-01-22,C07,0,36.0,640.0,False,0,0
2025-01-22,C08,0,0.0,106.0,False,0,0
2025-01-23,A01,15,643.0,1671.0,False,0,0
2025-01-23,A02,45,706.0,4399.0,False,0,0
2025-01-23,A03,9,32.0,1012.0,False,0,0
2025-01-23,A04,1,673.5,0.0,False,0,0
2025-01-23,A05,151,7046.7,0.0,False,0,1
2025-01-23,A06,398,0.0,11103.0,False,313,0
2025-01-23,A07,0,154.0,1267.0,False,0,0
2025-01-23,A08,30,66.0,331.0,False,0,0
2025-01-23,A09,1,83.0,909.0,False,0,0
2025-01-23,A10,159,794.0,12062.0,False,0,0
2025-01-23,B01,2,45.7,428.0,False,0,0
2025-01-23,B02,10,76.3,2133.0,False,0,0
2025-01-23,B03,0,994.0,0.0,False,0,0
2025-01-23,B04,0,973.0,0.0,False,0,0
2025-01-23,B05,0,25.0,0.0,False,0,0
2025-01-23,B06,35,5.0,1200.0,False,0,0
2025-01-23,B07,14,0.0,8915.0,False,14,0
2025-01-23,B08,14,114.0,2922.0,False,0,0
2025-01-23,B09,13,1041.0,0.0,False,0,0
2025-01-23,B10,0,32.0,227.0,False,0,0
2025-01-23,B11,0,34.0,1031.0,False,0,0
2025-01-23,B12,32,0.0,1802.0,False,32,0
2025-01-23,C01,1,1.0,68.0,False,0,0
2025-01-23,C02,0,24.0,920.0,False,0,0
2025-01-23,C03,1,8.0,132.0,False,0,0
2025-01-23,C04,3,0.0,568.0,False,3,0
2025-01-23,C05,4,8.0,404.0,False,0,0
2025-01-23,C06,14,6.0,516.0,False,0,0
2025-01-23,C07,0,36.0,640.0,False,0,0
2025-01-23,C08,0,0.0,106.0,False,0,0
2025-01-24,A01,5,638.0,1671.0,False,0,0
2025-01-24,A02,2,704.0,4399.0,False,0,0
2025-01-24,A03,55,0.0,1012.0,False,23,0
2025-01-24,A04,4,624.0,0.0,False,0,0
2025-01-24,A05,51,6954.9,0.0,False,0,1
2025-01-24,A06,149,0.0,11103.0,False,149,0
2025-01-24,A07,2,152.0,1267.0,False,0,0
2025-01-24,A08,0,66.0,331.0,False,0,0
2025-01-24,A09,1,82.0,909.0,False,0,0
2025-01-24,A10,234,560.0,12062.0,False,0,0
2025-01-24,B01,4,42.0,428.0,False,0,0
2025-01-24,B02,1,75.0,2133.0,False,0,0
2025-01-24,B03,1,993.0,0.0,False,0,0
2025-01-24,B04,1,1025.4,0.0,False,0,0
2025-01-24,B05,0,25.0,0.0,False,0,0
2025-01-24,B06,17,0.0,1200.0,False,12,0
2025-01-24,B07,100,0.0,8915.0,False,100,0
2025-01-24,B08,3,111.0,2922.0,False,0,0
2025-01-24,B09,1,1040.0,0.0,False,0,0
2025-01-24,B10,4,28.0,227.0,False,0,0
2025-01-24,B11,15,19.0,1031.0,False,0,0
2025-01-24,B12,11,0.0,1802.0,False,11,0
2025-01-24,C01,0,1.0,68.0,False,0,0
2025-01-24,C02,4,20.0,920.0,False,0,0
2025-01-24,C03,0,140.0,0.0,False,0,0
2025-01-24,C04,0,0.0,568.0,False,0,0
2025-01-24,C05,2,6.0,404.0,False,0,0
2025-01-24,C06,0,6.0,516.0,False,0,0
2025-01-24,C07,5,31.0,640.0,False,0,0
2025-01-24,C08,0,0.0,106.0,False,0,0
2025-01-25,A01,1,2308.0,0.0,False,0,0
2025-01-25,A02,12,692.0,4399.0,False,0,0
2025-01-25,A03,5,0.0,1012.0,False,5,0
2025-01-25,A04,4,620.0,0.0,False,0,0
2025-01-25,A05,149,6900.0,0.0,False,0,1
2025-01-25,A06,89,0.0,11103.0,False,89,0
2025-01-25,A07,6,146.0,1267.0,False,0,0
2025-01-25,A08,3,63.0,331.0,False,0,0
2025-01-25,A09,0,991.0,0.0,False,0,0
2025-01-25,A10,90,470.0,12062.0,False,0,0
2025-01-25,B01,1,36.5,428.0,False,0,0
2025-01-25,B02,8,65.9,2133.0,False,0,0
2025-01-25,B03,2,991.0,0.0,False,0,0
2025-01-25,B04,3,969.0,0.0,False,0,0
2025-01-25,B05,1,24.0,0.0,False,0,0
2025-01-25,B06,2,0.0,1200.0,False,2,0
2025-01-25,B07,1,0.0,8915.0,False,1,0
2025-01-25,B08,7,104.0,2922.0,False,0,0
2025-01-25,B09,1,1039.0,0.0,False,0,0
2025-01-25,B10,0,28.0,227.0,False,0,0
2025-01-25,B11,16,3.0,1031.0,False,0,0
2025-01-25,B12,14,0.0,1802.0,False,14,0
2025-01-25,C01,0,1.0,68.0,False,0,0
2025-01-25,C02,8,12.0,920.0,False,0,0
2025-01-25,C03,0,140.0,0.0,False,0,0
2025-01-25,C04,1,0.0,568.0,False,1,0
2025-01-25,C05,0,6.0,404.0,False,0,0
2025-01-25,C06,2,4.0,516.0,False,0,0
2025-01-25,C07,1,30.0,640.0,False,0,0
2025-01-25,C08,0,0.0,106.0,False,0,0
2025-01-26,A01,4,2304.0,0.0,False,0,0
2025-01-26,A02,32,660.0,4399.0,False,0,0
2025-01-26,A03,6,0.0,1012.0,False,6,0
2025-01-26,A04,4,616.0,0.0,False,0,0
2025-01-26,A05,13,6886.0,0.0,False,0,1
2025-01-26,A06,383,0.0,11103.0,False,383,0
2025-01-26,A07,32,114.0,1267.0,False,0,0
2025-01-26,A08,4,59.0,331.0,False,0,0
2025-01-26,A09,7,984.0,0.0,False,0,0
2025-01-26,A10,54,416.0,12062.0,False,0,0
2025-01-26,B01,3,38.0,428.0,False,0,0
2025-01-26,B02,0,67.0,2133.0,False,0,0
2025-01-26,B03,36,955.0,0.0,False,0,0
2025-01-26,B04,4,965.0,0.0,False,0,0
2025-01-26,B05,2,22.0,0.0,False,0,0
2025-01-26,B06,1,0.0,1200.0,False,1,0
2025-01-26,B07,50,0.0,8915.0,False,50,0
2025-01-26,B08,14,90.0,2922.0,False,0,0
2025-01-26,B09,15,1024.0,0.0,False,0,0
2025-01-26,B10,1,27.0,227.0,False,0,0
2025-01-26,B11,18,0.0,1031.0,False,15,0
2025-01-26,B12,2,0.0,1802.0,False,2,0
2025-01-26,C01,0,1.0,68.0,False,0,0
2025-01-26,C02,7,5.0,920.0,False,0,0
2025-01-26,C03,0,140.0,0.0,False,0,0
2025-01-26,C04,6,0.0,568.0,False,6,0
2025-01-26,C05,0,6.0,404.0,False,0,0
2025-01-26,C06,5,0.0,516.0,False,1,0
2025-01-26,C07,4,26.0,640.0,False,0,0
2025-01-26,C08,0,0.0,106.0,False,0,0
2025-01-27,A01,0,2304.0,0.0,False,0,0
2025-01-27,A02,8,652.0,4399.0,False,0,0
2025-01-27,A03,0,0.0,1012.0,False,0,0
2025-01-27,A04,2,614.0,0.0,False,0,0
2025-01-27,A05,33,6852.0,0.0,False,0,1
2025-01-27,A06,75,0.0,11103.0,False,75,0
2025-01-27,A07,16,98.0,1267.0,False,0,0
2025-01-27,A08,0,59.0,331.0,False,0,0
2025-01-27,A09,1,983.0,0.0,False,0,0
2025-01-27,A10,148,268.0,12062.0,False,0,0
2025-01-27,B01,0,38.0,428.0,False,0,0
2025-01-27,B02,12,55.0,2133.0,False,0,0
2025-01-27,B03,0,955.0,0.0,False,0,0
2025-01-27,B04,0,965.0,0.0,False,0,0
2025-01-27,B05,0,22.0,0.0,False,0,0
2025-01-27,B06,11,0.0,1200.0,False,11,0
2025-01-27,B07,95,0.0,8915.0,False,95,0
2025-01-27,B08,22,68.0,2922.0,False,0,0
2025-01-27,B09,2,1022.0,0.0,False,0,0
2025-01-27,B10,0,27.0,227.0,False,0,0
2025-01-27,B11,3,0.0,1031.0,False,3,0
2025-01-27,B12,1,0.0,1802.0,False,1,0
2025-01-27,C01,3,0.0,68.0,False,2,0
2025-01-27,C02,5,0.0,920.0,False,0,0
2025-01-27,C03,0,140.0,0.0,False,0,0
2025-01-27,C04,14,0.0,568.0,False,14,0
2025-01-27,C05,0,6.1,404.0,False,0,0
2025-01-27,C06,0,0.0,516.0,False,0,0
2025-01-27,C07,5,21.0,640.0,False,0,0
2025-01-27,C08,0,0.0,106.0,False,0,0
2025-01-28,A01,6,2298.0,0.0,False,0,0
2025-01-28,A02,180,472.0,4399.0,False,0,0
2025-01-28,A03,5,0.0,1012.0,False,5,0
2025-01-28,A04,11,603.0,0.0,False,0,0
2025-01-28,A05,24,6827.0,0.0,False,0,1
2025-01-28,A06,50,0.0,11103.0,False,50,0
2025-01-28,A07,15,84.3,1267.0,False,0,0
2025-01-28,A08,2,57.0,331.0,False,0,0
2025-01-28,A09,1,982.0,0.0,False,0,0
2025-01-28,A10,46,249.8,12062.0,False,0,0
2025-01-28,B01,0,38.0,428.0,False,0,0
2025-01-28,B02,12,43.0,2133.0,False,0,0
2025-01-28,B03,9,946.0,0.0,False,0,0
2025-01-28,B04,13,952.0,0.0,False,0,0
2025-01-28,B05,5,17.0,444.0,True,0,0
2025-01-28,B06,14,0.0,1200.0,False,14,0
2025-01-28,B07,13,0.0,8915.0,False,13,0
2025-01-28,B08,2,66.0,2922.0,False,0,0
2025-01-28,B09,30,992.0,0.0,False,0,0
2025-01-28,B10,2,25.0,227.0,False,0,0
2025-01-28,B11,8,0.0,1031.0,False,8,0
2025-01-28,B12,0,0.0,1802.0,False,0,0
2025-01-28,C01,1,0.0,68.0,False,1,0
2025-01-28,C02,8,0.0,920.0,False,8,0
2025-01-28,C03,0,140.0,0.0,False,0,0
2025-01-28,C04,6,0.0,568.0,False,6,0
2025-01-28,C05,3,3.0,404.0,False,0,0
2025-01-28,C06,0,0.0,516.0,False,0,0
2025-01-28,C07,0,21.0,640.0,False,0,0
2025-01-28,C08,0,0.0,106.0,False,0,0
2025-01-29,A01,5,2190.1,0.0,False,0,0
2025-01-29,A02,37,435.0,4399.0,False,0,0
2025-01-29,A03,5,0.0,1012.0,False,5,0
2025-01-29,A04,1,602.0,0.0,False,0,0
2025-01-29,A05,117,6709.0,0.0,False,0,1
2025-01-29,A06,47,0.0,11103.0,False,47,0
2025-01-29,A07,10,73.0,1267.0,False,0,0
2025-01-29,A08,10,47.0,331.0,False,0,0
2025-01-29,A09,0,982.0,0.0,False,0,0
2025-01-29,A10,123,99.0,12062.0,False,0,0
2025-01-29,B01,2,36.0,428.0,False,0,0
2025-01-29,B02,22,19.0,2133.0,False,0,0
2025-01-29,B03,25,921.0,0.0,False,0,0
2025-01-29,B04,17,935.0,0.0,False,0,0
2025-01-29,B05,3,14.0,444.0,False,0,0
2025-01-29,B06,51,0.0,1200.0,False,51,0
2025-01-29,B07,43,0.0,8915.0,False,43,0
2025-01-29,B08,23,43.0,2922.0,False,0,0
2025-01-29,B09,1,991.0,0.0,False,0,0
2025-01-29,B10,0,25.0,227.0,False,0,0
2025-01-29,B11,0,0.0,1031.0,False,0,0
2025-01-29,B12,17,0.0,1802.0,False,17,0
2025-01-29,C01,0,0.0,68.0,False,0,0
2025-01-29,C02,3,0.0,920.0,False,3,0
2025-01-29,C03,0,140.0,0.0,False,0,0
2025-01-29,C04,0,0.0,568.0,False,0,0
2025-01-29,C05,1,2.0,404.0,False,0,0
2025-01-29,C06,0,0.0,516.0,False,0,0
2025-01-29,C07,0,21.0,640.0,False,0,0
2025-01-29,C08,0,0.0,106.0,False,0,0
2025-01-30,A01,60,2252.0,0.0,False,0,0
2025-01-30,A02,11,424.0,4399.0,False,0,0
2025-01-30,A03,18,0.0,1012.0,False,18,0
2025-01-30,A04,0,547.0,0.0,False,0,0
2025-01-30,A05,110,6598.0,0.0,False,0,1
2025-01-30,A06,355,0.0,11103.0,False,355,0
2025-01-30,A07,37,38.8,1267.0,False,0,0
2025-01-30,A08,3,44.0,331.0,False,0,0
2025-01-30,A09,2,980.0,0.0,False,0,0
2025-01-30,A10,6,93.0,12062.0,False,0,0
2025-01-30,B01,2,34.0,428.0,False,0,0
2025-01-30,B02,48,0.0,2133.0,False,27,0
2025-01-30,B03,8,913.0,0.0,False,0,0
2025-01-30,B04,0,935.0,0.0,False,0,0
2025-01-30,B05,0,14.0,444.0,False,0,0
2025-01-30,B06,8,0.0,1200.0,False,8,0
2025-01-30,B07,67,0.0,8915.0,False,67,0
2025-01-30,B08,60,2904.0,0.0,False,0,1
2025-01-30,B09,0,991.0,0.0,False,0,0
2025-01-30,B10,9,16.0,227.0,False,0,0
2025-01-30,B11,12,0.0,1031.0,False,12,0
2025-01-30,B12,4,1798.0,0.0,False,0,0
2025-01-30,C01,0,0.0,68.0,False,0,0
2025-01-30,C02,8,912.0,0.0,False,0,0
2025-01-30,C03,0,140.0,0.0,False,0,0
2025-01-30,C04,5,0.0,568.0,False,5,0
2025-01-30,C05,0,2.0,404.0,False,0,0
2025-01-30,C06,1,0.0,516.0,False,1,0
2025-01-30,C07,4,17.0,640.0,False,0,0
2025-01-30,C08,0,0.0,106.0,False,0,0
2025-01-31,A01,12,2221.0,0.0,False,0,0
2025-01-31,A02,122,302.0,4399.0,False,0,0
2025-01-31,A03,0,0.0,1012.0,False,0,0
2025-01-31,A04,1,601.0,0.0,False,0,0
2025-01-31,A05,3,6594.0,0.0,False,0,1
2025-01-31,A06,315,0.0,11103.0,False,315,0
2025-01-31,A07,3,33.0,1267.0,False,0,0
2025-01-31,A08,4,40.0,331.0,False,0,0
2025-01-31,A09,0,980.0,0.0,False,0,0
2025-01-31,A10,228,0.0,12062.0,False,135,0
2025-01-31,B01,0,34.0,428.0,False,0,0
2025-01-31,B02,15,2118.0,0.0,False,0,0
2025-01-31,B03,8,905.0,0.0,False,0,0
2025-01-31,B04,1,934.0,0.0,False,0,0
2025-01-31,B05,0,14.0,444.0,False,0,0
2025-01-31,B06,0,0.0,1200.0,False,0,0
2025-01-31,B07,53,0.0,8915.0,False,53,0
2025-01-31,B08,6,2897.0,0.0,False,0,1
2025-01-31,B09,4,987.0,0.0,False,0,0
2025-01-31,B10,1,15.0,227.0,False,0,0
2025-01-31,B11,51,0.0,1031.0,False,51,0
2025-01-31,B12,39,1795.5,0.0,False,0,0
2025-01-31,C01,0,0.0,68.0,False,0,0
2025-01-31,C02,14,898.0,0.0,False,0,0
2025-01-31,C03,0,140.0,0.0,False,0,0
2025-01-31,C04,6,0.0,568.0,False,6,0
2025-01-31,C05,0,2.0,404.0,False,0,0
2025-01-31,C06,0,0.0,516.0,False,0,0
2025-01-31,C07,0,17.0,640.0,False,0,0
2025-01-31,C08,4,0.0,106.0,False,4,0
2025-02-01,A01,13,1965.7,0.0,False,0,0
2025-02-01,A02,40,262.0,4399.0,False,0,0
2025-02-01,A03,1,1011.0,0.0,False,0,0
2025-02-01,A04,0,543.8,0.0,False,0,0
2025-02-01,A05,103,7183.4,0.0,False,0,1
2025-02-01,A06,80,0.0,11103.0,False,80,0
2025-02-01,A07,1,33.1,1267.0,False,0,0
2025-02-01,A08,1,39.0,331.0,False,0,0
2025-02-01,A09,7,973.0,0.0,False,0,0
2025-02-01,A10,76,0.0,12062.0,False,76,0
2025-02-01,B01,0,462.0,0.0,False,0,0
2025-02-01,B02,0,2118.0,0.0,False,0,0
2025-02-01,B03,0,914.4,0.0,False,0,0
2025-02-01,B04,0,934.0,0.0,False,0,0
2025-02-01,B05,0,14.0,444.0,False,0,0
2025-02-01,B06,1,0.0,1200.0,False,1,0
2025-02-01,B07,8,0.0,8915.0,False,8,0
2025-02-01,B08,0,2896.0,0.0,False,0,1
2025-02-01,B09,3,984.0,0.0,False,0,0
2025-02-01,B10,2,13.0,227.0,False,0,0
2025-02-01,B11,1,0.0,1031.0,False,1,0
2025-02-01,B12,20,1739.0,0.0,False,0,0
2025-02-01,C01,0,0.0,68.0,False,0,0
2025-02-01,C02,0,875.3,0.0,False,0,0
2025-02-01,C03,0,140.0,0.0,False,0,0
2025-02-01,C04,1,0.0,568.0,False,1,0
2025-02-01,C05,0,2.2,404.0,False,0,0
2025-02-01,C06,0,0.0,516.0,False,0,0
2025-02-01,C07,0,17.0,640.0,False,0,0
2025-02-01,C08,0,0.0,106.0,False,0,0
2025-02-02,A01,26,2182.0,0.0,False,0,0
2025-02-02,A02,21,241.0,4399.0,False,0,0
2025-02-02,A03,18,993.0,0.0,False,0,0
2025-02-02,A04,2,651.4,0.0,False,0,0
2025-02-02,A05,13,6476.0,0.0,False,0,1
2025-02-02,A06,243,0.0,11103.0,False,243,0
2025-02-02,A07,0,32.0,1267.0,False,0,0
2025-02-02,A08,2,37.0,331.0,False,0,0
2025-02-02,A09,14,959.0,0.0,False,0,0
2025-02-02,A10,239,0.0,12062.0,False,239,0
2025-02-02,B01,0,462.0,0.0,False,0,0
2025-02-02,B02,34,2084.0,0.0,False,0,0
2025-02-02,B03,8,897.0,0.0,False,0,0
2025-02-02,B04,9,925.0,0.0,False,0,0
2025-02-02,B05,5,9.0,444.0,False,0,0
2025-02-02,B06,41,0.0,1200.0,False,41,0
2025-02-02,B07,96,0.0,8915.0,False,96,0
2025-02-02,B08,42,2853.0,0.0,False,0,1
2025-02-02,B09,6,978.0,0.0,False,0,0
2025-02-02,B10,0,240.0,0.0,False,0,0
2025-02-02,B11,17,0.0,1031.0,False,17,0
2025-02-02,B12,6,1733.0,0.0,False,0,0
2025-02-02,C01,1,0.0,68.0,False,1,0
2025-02-02,C02,5,893.0,0.0,False,0,0
2025-02-02,C03,0,140.0,0.0,False,0,0
2025-02-02,C04,1,0.0,568.0,False,1,0
2025-02-02,C05,2,0.0,404.0,False,0,0
2025-02-02,C06,0,0.0,516.0,False,0,0
2025-02-02,C07,1,14.1,640.0,False,0,0
2025-02-02,C08,0,0.0,106.0,False,0,0
2025-02-03,A01,22,2160.0,0.0,False,0,0
2025-02-03,A02,53,188.0,4399.0,False,0,0
2025-02-03,A03,35,958.0,0.0,False,0,0
2025-02-03,A04,3,596.0,0.0,False,0,0
2025-02-03,A05,20,6455.0,0.0,False,0,1
2025-02-03,A06,95,0.0,11103.0,False,95,0
2025-02-03,A07,6,26.0,1267.0,False,0,0
2025-02-03,A08,2,35.0,331.0,False,0,0
2025-02-03,A09,5,954.0,0.0,False,0,0
2025-02-03,A10,0,0.0,12062.0,False,0,0
2025-02-03,B01,3,459.0,0.0,False,0,0
2025-02-03,B02,8,2076.0,0.0,False,0,0
2025-02-03,B03,8,889.0,0.0,False,0,0
2025-02-03,B04,4,921.0,0.0,False,0,0
2025-02-03,B05,0,9.0,444.0,False,0,0
2025-02-03,B06,14,1186.0,0.0,False,0,0
2025-02-03,B07,69,0.0,8915.0,False,69,0
2025-02-03,B08,0,2852.0,0.0,False,0,1
2025-02-03,B09,22,956.0,0.0,False,0,0
2025-02-03,B10,0,240.0,0.0,False,0,0
2025-02-03,B11,1,0.0,1031.0,False,1,0
2025-02-03,B12,17,1716.0,0.0,False,0,0
2025-02-03,C01,6,0.0,68.0,False,6,0
2025-02-03,C02,0,893.0,0.0,False,0,0
2025-02-03,C03,0,119.4,0.0,False,0,0
2025-02-03,C04,3,0.0,568.0,False,3,0
2025-02-03,C05,3,0.0,404.0,False,3,0
2025-02-03,C06,0,0.0,516.0,False,0,0
2025-02-03,C07,2,14.0,640.0,False,0,0
2025-02-03,C08,0,0.0,106.0,False,0,0
2025-02-04,A01,62,1828.6,1175.0,True,0,0
2025-02-04,A02,88,100.0,4399.0,False,0,0
2025-02-04,A03,5,953.0,0.0,False,0,0
2025-02-04,A04,1,595.0,0.0,False,0,0
2025-02-04,A05,160,6294.0,0.0,False,0,1
2025-02-04,A06,201,0.0,11103.0,False,201,0
2025-02-04,A07,17,9.0,1267.0,False,0,0
2025-02-04,A08,3,35.8,331.0,False,0,0
2025-02-04,A09,9,945.0,0.0,False,0,0
2025-02-04,A10,167,0.0,12062.0,False,167,0
2025-02-04,B01,0,459.0,0.0,False,0,0
2025-02-04,B02,11,2065.0,0.0,False,0,0
2025-02-04,B03,2,887.0,0.0,False,0,0
2025-02-04,B04,6,915.0,0.0,False,0,0
2025-02-04,B05,2,6.1,444.0,False,0,0
2025-02-04,B06,1,1185.0,0.0,False,0,0
2025-02-04,B07,2,0.0,8915.0,False,2,0
2025-02-04,B08,54,2797.0,0.0,False,0,1
2025-02-04,B09,20,936.0,0.0,False,0,0
2025-02-04,B10,1,239.0,0.0,False,0,0
2025-02-04,B11,7,0.0,1031.0,False,7,0
2025-02-04,B12,0,1716.0,0.0,False,0,0
2025-02-04,C01,1,0.0,68.0,False,1,0
2025-02-04,C02,8,885.0,0.0,False,0,0
2025-02-04,C03,2,138.0,0.0,False,0,0
2025-02-04,C04,0,0.0,568.0,False,0,0
2025-02-04,C05,0,0.0,404.0,False,0,0
2025-02-04,C06,18,0.0,516.0,False,18,0
2025-02-04,C07,7,7.0,640.0,False,0,0
2025-02-04,C08,5,0.0,106.0,False,5,0
2025-02-05,A01,13,2085.0,1175.0,False,0,0
2025-02-05,A02,4,96.0,4399.0,False,0,0
2025-02-05,A03,0,953.0,0.0,False,0,0
2025-02-05,A04,3,592.0,0.0,False,0,0
2025-02-05,A05,41,5432.2,0.0,False,0,1
2025-02-05,A06,210,0.0,11103.0,False,210,0
2025-02-05,A07,14,0.0,1267.0,False,5,0
2025-02-05,A08,1,31.0,331.0,False,0,0
2025-02-05,A09,7,938.0,0.0,False,0,0
2025-02-05,A10,136,0.0,12062.0,False,136,0
2025-02-05,B01,3,456.0,0.0,False,0,0
2025-02-05,B02,3,2062.0,0.0,False,0,0
2025-02-05,B03,8,879.0,0.0,False,0,0
2025-02-05,B04,11,904.0,0.0,False,0,0
2025-02-05,B05,0,7.0,444.0,False,0,0
2025-02-05,B06,1,1184.0,0.0,False,0,0
2025-02-05,B07,63,0.0,8915.0,False,63,0
2025-02-05,B08,49,2747.0,0.0,False,0,1
2025-02-05,B09,13,786.0,0.0,False,0,0
2025-02-05,B10,0,239.0,0.0,False,0,0
2025-02-05,B11,12,0.0,1031.0,False,12,0
2025-02-05,B12,1,1715.0,0.0,False,0,0
2025-02-05,C01,0,0.0,68.0,False,0,0
2025-02-05,C02,0,885.0,0.0,False,0,0
2025-02-05,C03,0,138.0,0.0,False,0,0
2025-02-05,C04,0,0.0,568.0,False,0,0
2025-02-05,C05,0,0.0,404.0,False,0,0
2025-02-05,C06,3,0.0,516.0,False,3,0
2025-02-05,C07,12,0.0,640.0,False,5,0
2025-02-05,C08,0,0.0,106.0,False,0,0
2025-02-06,A01,86,1999.0,1175.0,False,0,0
2025-02-06,A02,0,96.0,4399.0,False,0,0
2025-02-06,A03,29,924.0,0.0,False,0,0
2025-02-06,A04,3,589.0,0.0,False,0,0
2025-02-06,A05,382,5869.0,0.0,False,0,1
2025-02-06,A06,191,0.0,11103.0,False,191,0
2025-02-06,A07,7,0.0,1267.0,False,7,0
2025-02-06,A08,0,31.0,331.0,False,0,0
2025-02-06,A09,0,938.0,0.0,False,0,0
2025-02-06,A10,15,0.0,12062.0,False,15,0
2025-02-06,B01,5,451.0,0.0,False,0,0
2025-02-06,B02,34,2028.0,0.0,False,0,0
2025-02-06,B03,2,877.0,0.0,False,0,0
2025-02-06,B04,1,903.0,0.0,False,0,0
2025-02-06,B05,0,7.0,444.0,False,0,0
2025-02-06,B06,19,1165.0,0.0,False,0,0
2025-02-06,B07,166,0.0,8915.0,False,166,0
2025-02-06,B08,11,2735.0,0.0,False,0,1
2025-02-06,B09,3,1050.6,0.0,False,0,0
2025-02-06,B10,6,233.0,0.0,False,0,0
2025-02-06,B11,1,0.0,1031.0,False,1,0
2025-02-06,B12,19,1696.0,0.0,False,0,0
2025-02-06,C01,1,0.0,68.0,False,1,0
2025-02-06,C02,2,883.0,0.0,False,0,0
2025-02-06,C03,0,138.0,0.0,False,0,0
2025-02-06,C04,5,0.0,568.0,False,5,0
2025-02-06,C05,0,0.0,404.0,False,0,0
2025-02-06,C06,0,0.0,516.0,False,0,0
2025-02-06,C07,0,0.0,640.0,False,0,0
2025-02-06,C08,0,0.0,106.0,False,0,0
2025-02-07,A01,31,1968.0,1175.0,False,0,0
2025-02-07,A02,65,31.0,4399.0,False,0,0
2025-02-07,A03,7,917.0,0.0,False,0,0
2025-02-07,A04,0,589.0,0.0,False,0,0
2025-02-07,A05,33,5835.0,0.0,False,0,1
2025-02-07,A06,211,10890.0,0.0,False,0,2
2025-02-07,A07,13,0.0,1267.0,False,13,0
2025-02-07,A08,23,8.0,331.0,False,0,0
2025-02-07,A09,0,938.0,0.0,False,0,0
2025-02-07,A10,14,0.0,12062.0,False,14,0
2025-02-07,B01,5,446.0,0.0,False,0,0
2025-02-07,B02,2,2026.0,0.0,False,0,0
2025-02-07,B03,27,822.7,0.0,False,0,0
2025-02-07,B04,14,889.0,0.0,False,0,0
2025-02-07,B05,0,7.0,444.0,False,0,0
2025-02-07,B06,5,1160.0,0.0,False,0,0
2025-02-07,B07,2,0.0,8915.0,False,2,0
2025-02-07,B08,3,2731.0,0.0,False,0,1
2025-02-07,B09,4,825.2,0.0,False,0,0
2025-02-07,B10,6,258.1,0.0,False,0,0
2025-02-07,B11,3,0.0,1031.0,False,3,0
2025-02-07,B12,10,1686.0,0.0,False,0,0
2025-02-07,C01,1,0.0,68.0,False,1,0
2025-02-07,C02,3,880.0,0.0,False,0,0
2025-02-07,C03,0,138.0,0.0,False,0,0
2025-02-07,C04,6,0.0,568.0,False,6,0
2025-02-07,C05,1,403.0,0.0,False,0,0
2025-02-07,C06,1,0.0,516.0,False,1,0
2025-02-07,C07,0,0.0,640.0,False,0,0
2025-02-07,C08,0,0.0,106.0,False,0,0
2025-02-08,A01,93,1961.6,1175.0,False,0,0
2025-02-08,A02,76,0.0,4399.0,False,45,0
2025-02-08,A03,5,912.0,0.0,False,0,0
2025-02-08,A04,0,589.0,0.0,False,0,0
2025-02-08,A05,15,5819.0,0.0,False,0,1
2025-02-08,A06,333,10555.0,6177.0,True,0,2
2025-02-08,A07,57,0.0,1267.0,False,57,0
2025-02-08,A08,1,7.0,331.0,False,0,0
2025-02-08,A09,1,1049.1,0.0,False,0,0
2025-02-08,A10,191,0.0,12062.0,False,191,0
2025-02-08,B01,8,464.1,0.0,False,0,0
2025-02-08,B02,22,2004.0,0.0,False,0,0
2025-02-08,B03,0,850.0,0.0,False,0,0
2025-02-08,B04,0,889.0,0.0,False,0,0
2025-02-08,B05,1,5.8,444.0,False,0,0
2025-02-08,B06,1,1159.0,0.0,False,0,0
2025-02-08,B07,8,0.0,8915.0,False,8,0
2025-02-08,B08,20,2710.0,0.0,False,0,1
2025-02-08,B09,4,912.0,0.0,False,0,0
2025-02-08,B10,0,227.0,0.0,False,0,0
2025-02-08,B11,23,0.0,1031.0,False,23,0
2025-02-08,B12,0,1686.0,0.0,False,0,0
2025-02-08,C01,0,0.0,68.0,False,0,0
2025-02-08,C02,0,880.0,0.0,False,0,0
2025-02-08,C03,2,136.0,0.0,False,0,0
2025-02-08,C04,3,0.0,568.0,False,3,0
2025-02-08,C05,13,390.0,0.0,False,0,0
2025-02-08,C06,0,585.3,0.0,False,0,0
2025-02-08,C07,4,0.0,640.0,False,4,0
2025-02-08,C08,1,0.0,106.0,False,1,0
2025-02-09,A01,9,1866.0,1175.0,False,0,0
2025-02-09,A02,124,0.0,4399.0,False,124,0
2025-02-09,A03,5,907.0,0.0,False,0,0
2025-02-09,A04,0,589.0,0.0,False,0,0
2025-02-09,A05,30,5788.0,0.0,False,0,1
2025-02-09,A06,525,11034.0,6177.0,False,0,2
2025-02-09,A07,5,0.0,1267.0,False,5,0
2025-02-09,A08,3,4.0,331.0,False,0,0
2025-02-09,A09,4,933.0,0.0,False,0,0
2025-02-09,A10,57,0.0,12062.0,False,57,0
2025-02-09,B01,0,438.0,0.0,False,0,0
2025-02-09,B02,5,1999.0,0.0,False,0,0
2025-02-09,B03,5,845.0,0.0,False,0,0
2025-02-09,B04,2,887.0,0.0,False,0,0
2025-02-09,B05,6,0.0,444.0,False,0,0
2025-02-09,B06,35,1072.7,0.0,False,0,0
2025-02-09,B07,80,0.0,8915.0,False,80,0
2025-02-09,B08,17,3057.5,0.0,False,0,1
2025-02-09,B09,8,904.0,0.0,False,0,0
2025-02-09,B10,3,224.0,0.0,False,0,0
2025-02-09,B11,5,0.0,1031.0,False,5,0
2025-02-09,B12,5,1681.0,0.0,False,0,0
2025-02-09,C01,0,0.0,68.0,False,0,0
2025-02-09,C02,3,877.0,0.0,False,0,0
2025-02-09,C03,1,135.0,0.0,False,0,0
2025-02-09,C04,0,0.0,568.0,False,0,0
2025-02-09,C05,2,388.0,0.0,False,0,0
2025-02-09,C06,3,513.0,0.0,False,0,0
2025-02-09,C07,0,0.0,640.0,False,0,0
2025-02-09,C08,0,106.0,0.0,False,0,0
2025-02-10,A01,25,1841.0,1175.0,False,0,0
2025-02-10,A02,19,0.0,4399.0,False,19,0
2025-02-10,A03,2,905.0,0.0,False,0,0
2025-02-10,A04,0,589.0,0.0,False,0,0
2025-02-10,A05,5,5486.1,0.0,False,0,1
2025-02-10,A06,232,9794.0,6177.0,False,0,2
2025-02-10,A07,20,0.0,1267.0,False,20,0
2025-02-10,A08,1,3.0,331.0,False,0,0
2025-02-10,A09,4,929.0,0.0,False,0,0
2025-02-10,A10,272,0.0,12062.0,False,272,0
2025-02-10,B01,10,428.0,0.0,False,0,0
2025-02-10,B02,0,1999.0,0.0,False,0,0
2025-02-10,B03,0,845.0,0.0,False,0,0
2025-02-10,B04,0,887.0,0.0,False,0,0
2025-02-10,B05,0,0.0,444.0,False,0,0
2025-02-10,B06,18,1106.0,0.0,False,0,0
2025-02-10,B07,293,0.0,8915.0,False,293,0
2025-02-10,B08,23,2668.0,0.0,False,0,1
2025-02-10,B09,2,902.0,0.0,False,0,0
2025-02-10,B10,0,233.2,0.0,False,0,0
2025-02-10,B11,0,0.0,1031.0,False,0,0
2025-02-10,B12,57,1624.0,0.0,False,0,0
2025-02-10,C01,6,0.0,68.0,False,6,0
2025-02-10,C02,0,877.0,0.0,False,0,0
2025-02-10,C03,0,135.0,0.0,False,0,0
2025-02-10,C04,1,0.0,568.0,False,1,0
2025-02-10,C05,6,352.3,0.0,False,0,0
2025-02-10,C06,3,510.0,0.0,False,0,0
2025-02-10,C07,1,0.0,640.0,False,1,0
2025-02-10,C08,3,114.3,0.0,False,0,0
2025-02-11,A01,8,1833.0,1175.0,False,0,0
2025-02-11,A02,26,0.0,4399.0,False,26,0
2025-02-11,A03,11,894.0,0.0,False,0,0
2025-02-11,A04,1,588.0,0.0,False,0,0
2025-02-11,A05,4,5777.0,0.0,False,0,1
2025-02-11,A06,797,9204.0,6177.0,False,0,2
2025-02-11,A07,1,0.0,1267.0,False,1,0
2025-02-11,A08,0,3.0,331.0,False,0,0
2025-02-11,A09,11,918.0,0.0,False,0,0
2025-02-11,A10,18,0.0,12062.0,False,18,0
2025-02-11,B01,5,423.0,0.0,False,0,0
2025-02-11,B02,11,1988.0,0.0,False,0,0
2025-02-11,B03,18,827.0,0.0,False,0,0
2025-02-11,B04,5,882.0,0.0,False,0,0
2025-02-11,B05,0,0.0,444.0,False,0,0
2025-02-11,B06,9,1097.0,0.0,False,0,0
2025-02-11,B07,21,0.0,8915.0,False,21,0
2025-02-11,B08,21,2646.0,0.0,False,0,1
2025-02-11,B09,5,897.0,0.0,False,0,0
2025-02-11,B10,10,214.0,0.0,False,0,0
2025-02-11,B11,10,0.0,1031.0,False,10,0
2025-02-11,B12,15,1609.0,0.0,False,0,0
2025-02-11,C01,0,0.0,68.0,False,0,0
2025-02-11,C02,7,870.0,0.0,False,0,0
2025-02-11,C03,0,153.5,0.0,False,0,0
2025-02-11,C04,0,0.0,568.0,False,0,0
2025-02-11,C05,1,381.0,0.0,False,0,0
2025-02-11,C06,0,510.0,0.0,False,0,0
2025-02-11,C07,1,0.0,640.0,False,1,0
2025-02-11,C08,2,101.0,0.0,False,0,0
2025-02-12,A01,124,1709.0,1175.0,False,0,0
2025-02-12,A02,76,0.0,4399.0,False,76,0
2025-02-12,A03,1,893.0,0.0,False,0,0
2025-02-12,A04,1,620.1,0.0,False,0,0
2025-02-12,A05,20,5756.0,0.0,False,0,1
2025-02-12,A06,145,8848.0,6177.0,False,0,2
2025-02-12,A07,1,0.0,1267.0,False,1,0
2025-02-12,A08,8,0.0,331.0,False,5,0
2025-02-12,A09,10,908.0,0.0,False,0,0
2025-02-12,A10,4,0.0,12062.0,False,4,0
2025-02-12,B01,0,423.0,0.0,False,0,0
2025-02-12,B02,1,1987.0,0.0,False,0,0
2025-02-12,B03,7,919.4,0.0,False,0,0
2025-02-12,B04,7,875.0,0.0,False,0,0
2025-02-12,B05,0,0.0,444.0,False,0,0
2025-02-12,B06,0,1071.3,0.0,False,0,0
2025-02-12,B07,43,0.0,8915.0,False,43,0
2025-02-12,B08,20,2625.0,0.0,False,0,1
2025-02-12,B09,4,893.0,0.0,False,0,0
2025-02-12,B10,1,213.0,0.0,False,0,0
2025-02-12,B11,0,1031.0,0.0,False,0,0
2025-02-12,B12,84,1525.0,0.0,False,0,0
2025-02-12,C01,1,0.0,68.0,False,1,0
2025-02-12,C02,12,858.0,0.0,False,0,0
2025-02-12,C03,0,135.0,0.0,False,0,0
2025-02-12,C04,7,0.0,568.0,False,7,0
2025-02-12,C05,1,380.0,0.0,False,0,0
2025-02-12,C06,5,505.0,0.0,False,0,0
2025-02-12,C07,2,0.0,640.0,False,2,0
2025-02-12,C08,0,101.0,0.0,False,0,0
2025-02-13,A01,22,1687.0,1175.0,False,0,0
2025-02-13,A02,63,0.0,4399.0,False,63,0
2025-02-13,A03,2,891.0,0.0,False,0,0
2025-02-13,A04,0,587.0,0.0,False,0,0
2025-02-13,A05,105,5650.0,0.0,False,0,1
2025-02-13,A06,265,8581.0,6177.0,False,0,2
2025-02-13,A07,23,0.0,1267.0,False,23,0
2025-02-13,A08,3,0.0,331.0,False,3,0
2025-02-13,A09,1,907.0,0.0,False,0,0
2025-02-13,A10,27,0.0,12062.0,False,27,0
2025-02-13,B01,1,422.0,0.0,False,0,0
2025-02-13,B02,0,1987.0,0.0,False,0,0
2025-02-13,B03,1,819.0,0.0,False,0,0
2025-02-13,B04,6,869.0,0.0,False,0,0
2025-02-13,B05,0,0.0,444.0,False,0,0
2025-02-13,B06,4,1093.0,0.0,False,0,0
2025-02-13,B07,72,0.0,8915.0,False,72,0
2025-02-13,B08,3,2621.0,0.0,False,0,1
2025-02-13,B09,14,879.0,0.0,False,0,0
2025-02-13,B10,3,210.0,0.0,False,0,0
2025-02-13,B11,41,990.0,0.0,False,0,0
2025-02-13,B12,0,1525.0,0.0,False,0,0
2025-02-13,C01,0,0.0,68.0,False,0,0
2025-02-13,C02,3,855.0,0.0,False,0,0
2025-02-13,C03,0,135.0,0.0,False,0,0
2025-02-13,C04,3,0.0,568.0,False,3,0
2025-02-13,C05,0,380.0,0.0,False,0,0
2025-02-13,C06,0,525.3,0.0,False,0,0
2025-02-13,C07,1,0.0,640.0,False,1,0
2025-02-13,C08,1,94.1,0.0,False,0,0
2025-02-14,A01,45,1642.0,1175.0,False,0,0
2025-02-14,A02,2,0.0,4399.0,False,2,0
2025-02-14,A03,1,890.0,0.0,False,0,0
2025-02-14,A04,1,586.0,0.0,False,0,0
2025-02-14,A05,7,5642.0,0.0,False,0,1
2025-02-14,A06,51,8143.2,6177.0,False,0,2
2025-02-14,A07,2,0.0,1267.0,False,2,0
2025-02-14,A08,3,0.0,331.0,False,3,0
2025-02-14,A09,0,986.6,0.0,False,0,0
2025-02-14,A10,39,0.0,12062.0,False,39,0
2025-02-14,B01,0,422.0,0.0,False,0,0
2025-02-14,B02,0,1897.7,0.0,False,0,0
2025-02-14,B03,2,742.3,0.0,False,0,0
2025-02-14,B04,0,869.0,0.0,False,0,0
2025-02-14,B05,1,0.0,444.0,False,1,0
2025-02-14,B06,0,1093.0,0.0,False,0,0
2025-02-14,B07,22,0.0,8915.0,False,22,0
2025-02-14,B08,1,2619.0,0.0,False,0,1
2025-02-14,B09,0,879.0,0.0,False,0,0
2025-02-14,B10,3,207.0,0.0,False,0,0
2025-02-14,B11,9,981.0,0.0,False,0,0
2025-02-14,B12,8,1517.0,0.0,False,0,0
2025-02-14,C01,1,0.0,68.0,False,1,0
2025-02-14,C02,5,850.0,0.0,False,0,0
2025-02-14,C03,0,135.0,0.0,False,0,0
2025-02-14,C04,6,0.0,568.0,False,6,0
2025-02-14,C05,0,380.0,0.0,False,0,0
2025-02-14,C06,0,505.0,0.0,False,0,0
2025-02-14,C07,13,627.0,0.0,False,0,0
2025-02-14,C08,1,99.0,0.0,False,0,0
2025-02-15,A01,0,1642.0,1175.0,False,0,0
2025-02-15,A02,26,0.0,4399.0,False,26,0
2025-02-15,A03,11,879.0,0.0,False,0,0
2025-02-15,A04,2,584.0,0.0,False,0,0
2025-02-15,A05,10,5631.0,0.0,False,0,1
2025-02-15,A06,2,8524.0,6177.0,False,0,2
2025-02-15,A07,17,0.0,1267.0,False,17,0
2025-02-15,A08,2,0.0,331.0,False,2,0
2025-02-15,A09,0,907.0,0.0,False,0,0
2025-02-15,A10,10,0.0,12062.0,False,10,0
2025-02-15,B01,1,421.0,0.0,False,0,0
2025-02-15,B02,5,1982.0,0.0,False,0,0
2025-02-15,B03,0,817.0,0.0,False,0,0
2025-02-15,B04,4,865.0,0.0,False,0,0
2025-02-15,B05,1,0.0,444.0,False,1,0
2025-02-15,B06,29,1064.0,0.0,False,0,0
2025-02-15,B07,120,0.0,8915.0,False,120,0
2025-02-15,B08,20,2598.0,0.0,False,0,1
2025-02-15,B09,2,877.0,0.0,False,0,0
2025-02-15,B10,1,206.0,0.0,False,0,0
2025-02-15,B11,4,977.0,0.0,False,0,0
2025-02-15,B12,52,1465.0,0.0,False,0,0
2025-02-15,C01,1,0.0,68.0,False,1,0
2025-02-15,C02,0,850.0,0.0,False,0,0
2025-02-15,C03,1,134.0,0.0,False,0,0
2025-02-15,C04,18,0.0,568.0,False,18,0
2025-02-15,C05,2,378.0,0.0,False,0,0
2025-02-15,C06,4,501.0,0.0,False,0,0
2025-02-15,C07,7,589.6,0.0,False,0,0
2025-02-15,C08,2,97.0,0.0,False,0,0
2025-02-16,A01,7,1635.0,1175.0,False,0,0
2025-02-16,A02,15,0.0,4399.0,False,15,0
2025-02-16,A03,1,878.0,0.0,False,0,0
2025-02-16,A04,3,581.0,0.0,False,0,0
2025-02-16,A05,115,5515.0,0.0,False,0,1
2025-02-16,A06,103,8419.0,6177.0,False,0,2
2025-02-16,A07,3,0.0,1267.0,False,3,0
2025-02-16,A08,3,0.0,331.0,False,3,0
2025-02-16,A09,0,907.0,0.0,False,0,0
2025-02-16,A10,61,11999.0,0.0,False,0,2
2025-02-16,B01,0,421.0,0.0,False,0,0
2025-02-16,B02,6,1976.0,0.0,False,0,0
2025-02-16,B03,2,815.0,0.0,False,0,0
2025-02-16,B04,1,864.0,0.0,False,0,0
2025-02-16,B05,2,0.0,444.0,False,2,0
2025-02-16,B06,16,1048.0,0.0,False,0,0
2025-02-16,B07,65,0.0,8915.0,False,65,0
2025-02-16,B08,0,2597.0,0.0,False,0,1
2025-02-16,B09,2,875.0,0.0,False,0,0
2025-02-16,B10,0,206.0,0.0,False,0,0
2025-02-16,B11,2,975.0,0.0,False,0,0
2025-02-16,B12,4,1461.0,0.0,False,0,0
2025-02-16,C01,0,0.0,68.0,False,0,0
2025-02-16,C02,2,848.0,0.0,False,0,0
2025-02-16,C03,0,134.0,0.0,False,0,0
2025-02-16,C04,1,0.0,568.0,False,1,0
2025-02-16,C05,1,377.0,0.0,False,0,0
2025-02-16,C06,3,498.0,0.0,False,0,0
2025-02-16,C07,0,620.0,0.0,False,0,0
2025-02-16,C08,0,97.0,0.0,False,0,0
2025-02-17,A01,150,1485.0,1175.0,False,0,0
2025-02-17,A02,65,0.0,4399.0,False,65,0
2025-02-17,A03,1,877.0,0.0,False,0,0
2025-02-17,A04,9,572.0,0.0,False,0,0
2025-02-17,A05,4,5510.0,0.0,False,0,1
2025-02-17,A06,139,8278.0,6177.0,False,0,2
2025-02-17,A07,22,0.0,1267.0,False,22,0
2025-02-17,A08,2,0.0,331.0,False,2,0
2025-02-17,A09,3,904.0,0.0,False,0,0
2025-02-17,A10,380,12333.5,0.0,False,0,2
2025-02-17,B01,10,411.0,0.0,False,0,0
2025-02-17,B02,3,1973.0,0.0,False,0,0
2025-02-17,B03,4,811.0,0.0,False,0,0
2025-02-17,B04,2,862.0,0.0,False,0,0
2025-02-17,B05,0,0.0,444.0,False,0,0
2025-02-17,B06,24,1024.0,0.0,False,0,0
2025-02-17,B07,66,0.0,8915.0,False,66,0
2025-02-17,B08,66,2530.0,0.0,False,0,1
2025-02-17,B09,2,873.0,0.0,False,0,0
2025-02-17,B10,0,206.0,0.0,False,0,0
2025-02-17,B11,0,975.0,0.0,False,0,0
2025-02-17,B12,38,1423.0,0.0,False,0,0
2025-02-17,C01,2,0.0,68.0,False,2,0
2025-02-17,C02,9,839.0,0.0,False,0,0
2025-02-17,C03,0,134.0,0.0,False,0,0
2025-02-17,C04,2,566.0,0.0,False,0,0
2025-02-17,C05,1,376.0,0.0,False,0,0
2025-02-17,C06,0,498.0,0.0,False,0,0
2025-02-17,C07,3,617.0,0.0,False,0,0
2025-02-17,C08,0,97.0,0.0,False,0,0
2025-02-18,A01,10,1475.0,1175.0,False,0,0
2025-02-18,A02,7,0.0,4399.0,False,7,0
2025-02-18,A03,1,876.0,0.0,False,0,0
2025-02-18,A04,0,572.0,0.0,False,0,0
2025-02-18,A05,37,5472.0,0.0,False,0,1
2025-02-18,A06,130,14322.0,0.0,False,0,3
2025-02-18,A07,14,0.0,1267.0,False,14,0
2025-02-18,A08,7,0.0,331.0,False,7,0
2025-02-18,A09,3,901.0,0.0,False,0,0
2025-02-18,A10,21,11594.0,0.0,False,0,2
2025-02-18,B01,0,359.5,0.0,False,0,0
2025-02-18,B02,7,1966.0,0.0,False,0,0
2025-02-18,B03,3,808.0,0.0,False,0,0
2025-02-18,B04,5,756.2,0.0,False,0,0
2025-02-18,B05,1,0.0,444.0,False,1,0
2025-02-18,B06,10,1014.0,0.0,False,0,0
2025-02-18,B07,3,0.0,8915.0,False,3,0
2025-02-18,B08,15,2514.0,0.0,False,0,1
2025-02-18,B09,6,867.0,0.0,False,0,0
2025-02-18,B10,8,198.0,0.0,False,0,0
2025-02-18,B11,0,975.0,0.0,False,0,0
2025-02-18,B12,17,1406.0,0.0,False,0,0
2025-02-18,C01,0,0.0,68.0,False,0,0
2025-02-18,C02,0,839.0,0.0,False,0,0
2025-02-18,C03,0,134.0,0.0,False,0,0
2025-02-18,C04,0,602.2,0.0,False,0,0
2025-02-18,C05,0,376.0,0.0,False,0,0
2025-02-18,C06,4,494.0,0.0,False,0,0
2025-02-18,C07,2,615.0,0.0,False,0,0
2025-02-18,C08,0,97.0,0.0,False,0,0
2025-02-19,A01,19,1456.0,1175.0,False,0,0
2025-02-19,A02,479,0.0,4399.0,False,479,0
2025-02-19,A03,0,876.0,0.0,False,0,0
2025-02-19,A04,3,569.0,0.0,False,0,0
2025-02-19,A05,108,5363.0,0.0,False,0,1
2025-02-19,A06,2,14317.0,0.0,False,0,3
2025-02-19,A07,0,1267.0,0.0,False,0,0
2025-02-19,A08,2,0.0,331.0,False,2,0
2025-02-19,A09,11,890.0,0.0,False,0,0
2025-02-19,A10,639,10953.0,0.0,False,0,2
2025-02-19,B01,0,411.0,0.0,False,0,0
2025-02-19,B02,2,1964.0,0.0,False,0,0
2025-02-19,B03,0,723.7,0.0,False,0,0
2025-02-19,B04,1,856.0,0.0,False,0,0
2025-02-19,B05,0,0.0,444.0,False,0,0
2025-02-19,B06,0,1014.0,0.0,False,0,0
2025-02-19,B07,7,0.0,8915.0,False,7,0
2025-02-19,B08,29,2484.0,0.0,False,0,1
2025-02-19,B09,2,865.0,0.0,False,0,0
2025-02-19,B10,0,179.0,0.0,False,0,0
2025-02-19,B11,13,962.0,0.0,False,0,0
2025-02-19,B12,4,1402.0,0.0,False,0,0
2025-02-19,C01,0,0.0,68.0,False,0,0
2025-02-19,C02,6,872.4,0.0,False,0,0
2025-02-19,C03,0,134.0,0.0,False,0,0
2025-02-19,C04,3,563.0,0.0,False,0,0
2025-02-19,C05,1,340.3,0.0,False,0,0
2025-02-19,C06,1,493.0,0.0,False,0,0
2025-02-19,C07,1,614.0,0.0,False,0,0
2025-02-19,C08,0,97.0,0.0,False,0,0
2025-02-20,A01,0,1239.9,1175.0,False,0,0
2025-02-20,A02,26,0.0,4399.0,False,26,0
2025-02-20,A03,0,876.0,0.0,False,0,0
2025-02-20,A04,0,569.0,0.0,False,0,0
2025-02-20,A05,77,5285.0,0.0,False,0,1
2025-02-20,A06,108,14206.0,0.0,False,0,3
2025-02-20,A07,6,1107.8,0.0,False,0,0
2025-02-20,A08,4,0.0,331.0,False,4,0
2025-02-20,A09,0,890.0,0.0,False,0,0
2025-02-20,A10,14,10937.0,0.0,False,0,2
2025-02-20,B01,1,410.0,0.0,False,0,0
2025-02-20,B02,2,1962.0,0.0,False,0,0
2025-02-20,B03,4,804.0,0.0,False,0,0
2025-02-20,B04,4,852.0,0.0,False,0,0
2025-02-20,B05,2,0.0,444.0,False,2,0
2025-02-20,B06,3,1011.0,0.0,False,0,0
2025-02-20,B07,18,0.0,8915.0,False,18,0
2025-02-20,B08,1,2833.2,0.0,False,0,1
2025-02-20,B09,7,858.0,0.0,False,0,0
2025-02-20,B10,1,197.0,0.0,False,0,0
2025-02-20,B11,13,949.0,0.0,False,0,0
2025-02-20,B12,1,1401.0,0.0,False,0,0
2025-02-20,C01,2,0.0,68.0,False,2,0
2025-02-20,C02,2,831.0,0.0,False,0,0
2025-02-20,C03,0,134.0,0.0,False,0,0
2025-02-20,C04,0,644.8,0.0,False,0,0
2025-02-20,C05,0,375.0,0.0,False,0,0
2025-02-20,C06,2,491.0,0.0,False,0,0
2025-02-20,C07,4,610.0,0.0,False,0,0
2025-02-20,C08,0,97.0,0.0,False,0,0
2025-02-21,A01,9,2621.0,0.0,False,0,1
2025-02-21,A02,78,0.0,4399.0,False,78,0
2025-02-21,A03,1,875.0,0.0,False,0,0
2025-02-21,A04,0,569.0,0.0,False,0,0
2025-02-21,A05,67,5217.0,0.0,False,0,1
2025-02-21,A06,33,14170.0,0.0,False,0,3
2025-02-21,A07,34,1227.0,0.0,False,0,0
2025-02-21,A08,0,0.0,331.0,False,0,0
2025-02-21,A09,4,886.0,0.0,False,0,0
2025-02-21,A10,138,10797.0,0.0,False,0,2
2025-02-21,B01,0,410.0,0.0,False,0,0
2025-02-21,B02,35,1927.0,0.0,False,0,0
2025-02-21,B03,28,781.8,0.0,False,0,0
2025-02-21,B04,15,837.0,0.0,False,0,0
2025-02-21,B05,2,0.0,444.0,False,2,0
2025-02-21,B06,2,1009.0,0.0,False,0,0
2025-02-21,B07,6,0.0,8915.0,False,6,0
2025-02-21,B08,5,2476.0,0.0,False,0,1
2025-02-21,B09,23,835.0,0.0,False,0,0
2025-02-21,B10,0,197.0,0.0,False,0,0
2025-02-21,B11,36,837.5,0.0,False,0,0
2025-02-21,B12,0,1401.0,0.0,False,0,0
2025-02-21,C01,0,0.0,68.0,False,0,0
2025-02-21,C02,12,819.0,0.0,False,0,0
2025-02-21,C03,0,134.0,0.0,False,0,0
2025-02-21,C04,0,563.0,0.0,False,0,0
2025-02-21,C05,1,364.7,0.0,False,0,0
2025-02-21,C06,1,490.0,0.0,False,0,0
2025-02-21,C07,1,609.0,0.0,False,0,0
2025-02-21,C08,1,96.0,0.0,False,0,0
2025-02-22,A01,3,2617.0,0.0,False,0,1
2025-02-22,A02,18,0.0,4399.0,False,18,0
2025-02-22,A03,0,875.0,0.0,False,0,0
2025-02-22,A04,2,580.6,0.0,False,0,0
2025-02-22,A05,18,5198.0,0.0,False,0,1
2025-02-22,A06,0,14167.0,0.0,False,0,3
2025-02-22,A07,16,1211.0,0.0,False,0,0
2025-02-22,A08,3,0.0,331.0,False,3,0
2025-02-22,A09,0,886.0,0.0,False,0,0
2025-02-22,A10,177,11250.2,0.0,False,0,2
2025-02-22,B01,6,404.0,0.0,False,0,0
2025-02-22,B02,8,1766.7,0.0,False,0,0
2025-02-22,B03,1,775.0,0.0,False,0,0
2025-02-22,B04,0,837.0,0.0,False,0,0
2025-02-22,B05,5,0.0,444.0,False,5,0
2025-02-22,B06,2,1007.0,0.0,False,0,0
2025-02-22,B07,20,0.0,8915.0,False,20,0
2025-02-22,B08,2,2473.0,0.0,False,0,1
2025-02-22,B09,8,827.0,0.0,False,0,0
2025-02-22,B10,4,193.0,0.0,False,0,0
2025-02-22,B11,4,909.0,0.0,False,0,0
2025-02-22,B12,21,1380.0,0.0,False,0,0
2025-02-22,C01,0,0.0,68.0,False,0,0
2025-02-22,C02,0,819.0,0.0,False,0,0
2025-02-22,C03,0,134.0,0.0,False,0,0
2025-02-22,C04,3,560.0,0.0,False,0,0
2025-02-22,C05,2,372.0,0.0,False,0,0
2025-02-22,C06,1,489.0,0.0,False,0,0
2025-02-22,C07,11,598.0,0.0,False,0,0
2025-02-22,C08,0,96.0,0.0,False,0,0
2025-02-23,A01,10,2406.3,0.0,False,0,1
2025-02-23,A02,69,0.0,4399.0,False,69,0
2025-02-23,A03,0,958.2,0.0,False,0,0
2025-02-23,A04,2,565.0,0.0,False,0,0
2025-02-23,A05,58,5139.0,0.0,False,0,1
2025-02-23,A06,37,14127.0,0.0,False,0,3
2025-02-23,A07,3,1208.0,0.0,False,0,0
2025-02-23,A08,0,0.0,331.0,False,0,0
2025-02-23,A09,11,875.0,0.0,False,0,0
2025-02-23,A10,9,10607.0,0.0,False,0,2
2025-02-23,B01,1,403.0,0.0,False,0,0
2025-02-23,B02,0,1919.0,0.0,False,0,0
2025-02-23,B03,2,773.0,0.0,False,0,0
2025-02-23,B04,1,923.2,0.0,False,0,0
2025-02-23,B05,0,0.0,444.0,False,0,0
2025-02-23,B06,18,989.0,0.0,False,0,0
2025-02-23,B07,36,0.0,8915.0,False,36,0
2025-02-23,B08,18,2454.0,0.0,False,0,1
2025-02-23,B09,1,826.0,0.0,False,0,0
2025-02-23,B10,1,191.1,0.0,False,0,0
2025-02-23,B11,3,906.0,0.0,False,0,0
2025-02-23,B12,1,1379.0,0.0,False,0,0
2025-02-23,C01,0,0.0,68.0,False,0,0
2025-02-23,C02,3,816.0,0.0,False,0,0
2025-02-23,C03,0,134.0,0.0,False,0,0
2025-02-23,C04,2,558.0,0.0,False,0,0
2025-02-23,C05,0,372.0,0.0,False,0,0
2025-02-23,C06,6,483.0,0.0,False,0,0
2025-02-23,C07,5,593.0,0.0,False,0,0
2025-02-23,C08,0,96.0,0.0,False,0,0
2025-02-24,A01,60,2545.0,0.0,False,0,1
2025-02-24,A02,18,0.0,4399.0,False,18,0
2025-02-24,A03,6,869.0,0.0,False,0,0
2025-02-24,A04,5,560.0,0.0,False,0,0
2025-02-24,A05,26,5112.0,0.0,False,0,1
2025-02-24,A06,84,14040.0,0.0,False,0,3
2025-02-24,A07,27,1181.0,0.0,False,0,0
2025-02-24,A08,7,0.0,331.0,False,7,0
2025-02-24,A09,0,875.0,0.0,False,0,0
2025-02-24,A10,223,10382.0,0.0,False,0,2
2025-02-24,B01,2,401.0,0.0,False,0,0
2025-02-24,B02,1,1918.0,0.0,False,0,0
2025-02-24,B03,3,770.0,0.0,False,0,0
2025-02-24,B04,2,834.0,0.0,False,0,0
2025-02-24,B05,0,0.0,444.0,False,0,0
2025-02-24,B06,19,970.0,0.0,False,0,0
2025-02-24,B07,125,0.0,8915.0,False,125,0
2025-02-24,B08,42,2412.0,0.0,False,0,0
2025-02-24,B09,14,812.0,0.0,False,0,0
2025-02-24,B10,5,187.0,0.0,False,0,0
2025-02-24,B11,0,906.0,0.0,False,0,0
2025-02-24,B12,6,1373.0,0.0,False,0,0
2025-02-24,C01,4,0.0,68.0,False,4,0
2025-02-24,C02,8,808.0,0.0,False,0,0
2025-02-24,C03,0,134.0,0.0,False,0,0
2025-02-24,C04,10,548.0,0.0,False,0,0
2025-02-24,C05,1,371.0,0.0,False,0,0
2025-02-24,C06,0,483.0,0.0,False,0,0
2025-02-24,C07,23,570.0,0.0,False,0,0
2025-02-24,C08,0,96.0,0.0,False,0,0
2025-02-25,A01,14,2530.0,0.0,False,0,1
2025-02-25,A02,108,0.0,4399.0,False,108,0
2025-02-25,A03,0,869.0,0.0,False,0,0
2025-02-25,A04,0,560.0,0.0,False,0,0
2025-02-25,A05,46,5065.0,3497.0,True,0,1
2025-02-25,A06,37,14000.0,0.0,False,0,3
2025-02-25,A07,0,1181.0,0.0,False,0,0
2025-02-25,A08,1,0.0,331.0,False,1,0
2025-02-25,A09,2,873.0,0.0,False,0,0
2025-02-25,A10,262,10118.0,0.0,False,0,2
2025-02-25,B01,8,393.0,0.0,False,0,0
2025-02-25,B02,10,2047.8,0.0,False,0,0
2025-02-25,B03,5,765.0,0.0,False,0,0
2025-02-25,B04,3,831.0,0.0,False,0,0
2025-02-25,B05,0,444.0,0.0,False,0,0
2025-02-25,B06,16,954.0,0.0,False,0,0
2025-02-25,B07,17,0.0,8915.0,False,17,0
2025-02-25,B08,11,2401.0,0.0,False,0,0
2025-02-25,B09,20,792.0,0.0,False,0,0
2025-02-25,B10,1,186.0,0.0,False,0,0
2025-02-25,B11,2,904.0,0.0,False,0,0
2025-02-25,B12,9,1364.0,0.0,False,0,0
2025-02-25,C01,1,0.0,68.0,False,1,0
2025-02-25,C02,2,806.0,0.0,False,0,0
2025-02-25,C03,0,120.4,0.0,False,0,0
2025-02-25,C04,0,548.0,0.0,False,0,0
2025-02-25,C05,0,371.0,0.0,False,0,0
2025-02-25,C06,4,479.0,0.0,False,0,0
2025-02-25,C07,0,570.0,0.0,False,0,0
2025-02-25,C08,0,96.0,0.0,False,0,0
2025-02-26,A01,73,2456.0,0.0,False,0,1
2025-02-26,A02,70,0.0,4399.0,False,70,0
2025-02-26,A03,13,856.0,0.0,False,0,0
2025-02-26,A04,5,555.0,0.0,False,0,0
2025-02-26,A05,52,5012.0,3497.0,False,0,1
2025-02-26,A06,107,13890.0,0.0,False,0,3
2025-02-26,A07,3,1178.0,0.0,False,0,0
2025-02-26,A08,0,0.0,331.0,False,0,0
2025-02-26,A09,7,866.0,0.0,False,0,0
2025-02-26,A10,201,9915.0,0.0,False,0,2
2025-02-26,B01,6,387.0,0.0,False,0,0
2025-02-26,B02,8,1900.0,0.0,False,0,0
2025-02-26,B03,17,821.2,0.0,False,0,0
2025-02-26,B04,1,830.0,0.0,False,0,0
2025-02-26,B05,1,443.0,0.0,False,0,0
2025-02-26,B06,9,945.0,0.0,False,0,0
2025-02-26,B07,20,0.0,8915.0,False,20,0
2025-02-26,B08,1,2400.0,0.0,False,0,0
2025-02-26,B09,4,788.0,0.0,False,0,0
2025-02-26,B10,0,186.0,0.0,False,0,0
2025-02-26,B11,1,903.0,0.0,False,0,0
2025-02-26,B12,2,1362.0,0.0,False,0,0
2025-02-26,C01,0,0.0,68.0,False,0,0
2025-02-26,C02,2,804.0,0.0,False,0,0
2025-02-26,C03,0,134.0,0.0,False,0,0
2025-02-26,C04,7,541.0,0.0,False,0,0
2025-02-26,C05,0,371.0,0.0,False,0,0
2025-02-26,C06,0,479.0,0.0,False,0,0
2025-02-26,C07,2,568.0,0.0,False,0,0
2025-02-26,C08,0,104.4,0.0,False,0,0
2025-02-27,A01,8,2447.0,0.0,False,0,1
2025-02-27,A02,67,0.0,4399.0,False,67,0
2025-02-27,A03,0,856.0,0.0,False,0,0
2025-02-27,A04,0,555.0,0.0,False,0,0
2025-02-27,A05,1,5010.0,3497.0,False,0,1
2025-02-27,A06,23,15459.8,0.0,False,0,3
2025-02-27,A07,16,1162.0,0.0,False,0,0
2025-02-27,A08,2,0.0,331.0,False,2,0
2025-02-27,A09,10,856.0,0.0,False,0,0
2025-02-27,A10,16,9897.0,0.0,False,0,2
2025-02-27,B01,1,386.0,0.0,False,0,0
2025-02-27,B02,1,1899.0,0.0,False,0,0
2025-02-27,B03,0,748.0,0.0,False,0,0
2025-02-27,B04,3,741.6,0.0,False,0,0
2025-02-27,B05,0,443.0,0.0,False,0,0
2025-02-27,B06,17,928.0,0.0,False,0,0
2025-02-27,B07,4,0.0,8915.0,False,4,0
2025-02-27,B08,1,2399.0,0.0,False,0,0
2025-02-27,B09,8,780.0,0.0,False,0,0
2025-02-27,B10,1,185.0,0.0,False,0,0
2025-02-27,B11,1,902.0,0.0,False,0,0
2025-02-27,B12,33,1329.0,0.0,False,0,0
2025-02-27,C01,0,0.0,68.0,False,0,0
2025-02-27,C02,1,767.6,0.0,False,0,0
2025-02-27,C03,0,134.0,0.0,False,0,0
2025-02-27,C04,0,599.9,0.0,False,0,0
2025-02-27,C05,1,370.0,0.0,False,0,0
2025-02-27,C06,4,475.0,0.0,False,0,0
2025-02-27,C07,7,515.1,0.0,False,0,0
2025-02-27,C08,0,96.0,0.0,False,0,0
2025-02-28,A01,1,2445.0,0.0,False,0,1
2025-02-28,A02,17,0.0,4399.0,False,17,0
2025-02-28,A03,1,855.0,0.0,False,0,0
2025-02-28,A04,19,536.0,0.0,False,0,0
2025-02-28,A05,5,5004.0,3497.0,False,0,1
2025-02-28,A06,32,13519.3,0.0,False,0,3
2025-02-28,A07,6,1156.0,0.0,False,0,0
2025-02-28,A08,4,327.0,0.0,False,0,0
2025-02-28,A09,14,842.0,0.0,False,0,0
2025-02-28,A10,5,9890.0,0.0,False,0,2
2025-02-28,B01,1,385.0,0.0,False,0,0
2025-02-28,B02,2,1897.0,0.0,False,0,0
2025-02-28,B03,24,724.0,0.0,False,0,0
2025-02-28,B04,34,793.0,0.0,False,0,0
2025-02-28,B05,1,442.0,0.0,False,0,0
2025-02-28,B06,0,928.0,0.0,False,0,0
2025-02-28,B07,89,0.0,8915.0,False,89,0
2025-02-28,B08,60,2339.0,0.0,False,0,0
2025-02-28,B09,2,868.2,0.0,False,0,0
2025-02-28,B10,0,185.0,0.0,False,0,0
2025-02-28,B11,7,895.0,0.0,False,0,0
2025-02-28,B12,0,1329.0,0.0,False,0,0
2025-02-28,C01,1,0.0,68.0,False,1,0
2025-02-28,C02,0,803.0,0.0,False,0,0
2025-02-28,C03,0,134.0,0.0,False,0,0
2025-02-28,C04,1,540.0,0.0,False,0,0
2025-02-28,C05,2,318.8,0.0,False,0,0
2025-02-28,C06,0,475.0,0.0,False,0,0
2025-02-28,C07,9,473.9,0.0,False,0,0
2025-02-28,C08,0,110.1,0.0,False,0,0
2025-03-01,A01,18,2427.0,0.0,False,0,0
2025-03-01,A02,51,0.0,4399.0,False,51,0
2025-03-01,A03,2,853.0,0.0,False,0,0
2025-03-01,A04,0,536.0,0.0,False,0,0
2025-03-01,A05,151,4852.0,3497.0,False,0,1
2025-03-01,A06,95,13731.0,0.0,False,0,3
2025-03-01,A07,1,1155.0,0.0,False,0,0
2025-03-01,A08,7,320.0,0.0,False,0,0
2025-03-01,A09,0,893.4,0.0,False,0,0
2025-03-01,A10,50,9838.0,0.0,False,0,2
2025-03-01,B01,0,385.0,0.0,False,0,0
2025-03-01,B02,7,1890.0,0.0,False,0,0
2025-03-01,B03,1,723.0,0.0,False,0,0
2025-03-01,B04,3,721.1,0.0,False,0,0
2025-03-01,B05,1,441.0,0.0,False,0,0
2025-03-01,B06,2,926.0,0.0,False,0,0
2025-03-01,B07,5,0.0,8915.0,False,5,0
2025-03-01,B08,7,2332.0,0.0,False,0,0
2025-03-01,B09,2,776.0,0.0,False,0,0
2025-03-01,B10,4,181.0,0.0,False,0,0
2025-03-01,B11,2,893.0,0.0,False,0,0
2025-03-01,B12,51,1278.0,0.0,False,0,0
2025-03-01,C01,0,0.0,68.0,False,0,0
2025-03-01,C02,2,801.0,0.0,False,0,0
2025-03-01,C03,0,134.0,0.0,False,0,0
2025-03-01,C04,4,536.0,0.0,False,0,0
2025-03-01,C05,2,366.0,0.0,False,0,0
2025-03-01,C06,1,474.0,0.0,False,0,0
2025-03-01,C07,0,552.0,0.0,False,0,0
2025-03-01,C08,2,94.0,0.0,False,0,0
2025-03-02,A01,4,2423.0,0.0,False,0,0
2025-03-02,A02,20,0.0,4399.0,False,20,0
2025-03-02,A03,18,835.0,0.0,False,0,0
2025-03-02,A04,0,530.0,0.0,False,0,0
2025-03-02,A05,46,8301.0,0.0,False,0,2
2025-03-02,A06,299,13429.0,0.0,False,0,3
2025-03-02,A07,5,1150.0,0.0,False,0,0
2025-03-02,A08,19,301.0,0.0,False,0,0
2025-03-02,A09,19,823.0,0.0,False,0,0
2025-03-02,A10,83,9753.0,0.0,False,0,2
2025-03-02,B01,0,385.0,0.0,False,0,0
2025-03-02,B02,1,1889.0,0.0,False,0,0
2025-03-02,B03,19,704.0,0.0,False,0,0
2025-03-02,B04,1,810.3,0.0,False,0,0
2025-03-02,B05,0,441.0,0.0,False,0,0
2025-03-02,B06,3,923.0,0.0,False,0,0
2025-03-02,B07,26,0.0,8915.0,False,26,0
2025-03-02,B08,0,2332.0,0.0,False,0,0
2025-03-02,B09,1,775.0,0.0,False,0,0
2025-03-02,B10,2,179.0,0.0,False,0,0
2025-03-02,B11,16,877.0,0.0,False,0,0
2025-03-02,B12,17,1261.0,0.0,False,0,0
2025-03-02,C01,5,0.0,68.0,False,5,0
2025-03-02,C02,7,794.0,0.0,False,0,0
2025-03-02,C03,0,134.0,0.0,False,0,0
2025-03-02,C04,6,530.0,0.0,False,0,0
2025-03-02,C05,0,366.0,0.0,False,0,0
2025-03-02,C06,0,474.0,0.0,False,0,0
2025-03-02,C07,11,541.0,0.0,False,0,0
2025-03-02,C08,0,94.0,0.0,False,0,0
2025-03-03,A01,38,2385.0,0.0,False,0,0
2025-03-03,A02,2,0.0,4399.0,False,2,0
2025-03-03,A03,30,801.7,0.0,False,0,0
2025-03-03,A04,0,481.9,0.0,False,0,0
2025-03-03,A05,20,8279.0,0.0,False,0,2
2025-03-03,A06,44,13382.0,0.0,False,0,3
2025-03-03,A07,14,1136.0,0.0,False,0,0
2025-03-03,A08,4,297.0,0.0,False,0,0
2025-03-03,A09,14,809.0,0.0,False,0,0
2025-03-03,A10,58,9693.0,0.0,False,0,2
2025-03-03,B01,0,385.0,0.0,False,0,0
2025-03-03,B02,35,1854.0,0.0,False,0,0
2025-03-03,B03,0,704.0,0.0,False,0,0
2025-03-03,B04,0,789.0,0.0,False,0,0
2025-03-03,B05,0,441.0,0.0,False,0,0
2025-03-03,B06,3,920.0,0.0,False,0,0
2025-03-03,B07,3,0.0,8915.0,False,3,0
2025-03-03,B08,1,2331.0,0.0,False,0,0
2025-03-03,B09,36,739.0,0.0,False,0,0
2025-03-03,B10,1,178.0,0.0,False,0,0
2025-03-03,B11,21,982.1,0.0,False,0,0
2025-03-03,B12,3,1258.0,0.0,False,0,0
2025-03-03,C01,0,0.0,68.0,False,0,0
2025-03-03,C02,13,781.0,0.0,False,0,0
2025-03-03,C03,1,133.0,0.0,False,0,0
2025-03-03,C04,2,528.0,0.0,False,0,0
2025-03-03,C05,3,363.0,0.0,False,0,0
2025-03-03,C06,7,458.4,0.0,False,0,0
2025-03-03,C07,12,529.0,0.0,False,0,0
2025-03-03,C08,0,95.6,0.0,False,0,0
2025-03-04,A01,17,2368.0,0.0,False,0,0
2025-03-04,A02,206,0.0,4399.0,False,206,0
2025-03-04,A03,5,800.0,0.0,False,0,0
2025-03-04,A04,1,535.0,0.0,False,0,0
2025-03-04,A05,68,8209.0,0.0,False,0,2
2025-03-04,A06,0,13379.0,0.0,False,0,3
2025-03-04,A07,1,1135.0,0.0,False,0,0
2025-03-04,A08,0,297.0,0.0,False,0,0
2025-03-04,A09,2,807.0,0.0,False,0,0
2025-03-04,A10,7,9684.0,0.0,False,0,2
2025-03-04,B01,4,381.0,0.0,False,0,0
2025-03-04,B02,20,1834.0,0.0,False,0,0
2025-03-04,B03,13,691.0,0.0,False,0,0
2025-03-04,B04,3,786.0,0.0,False,0,0
2025-03-04,B05,0,441.0,0.0,False,0,0
2025-03-04,B06,5,915.0,0.0,False,0,0
2025-03-04,B07,228,0.0,8915.0,False,228,0
2025-03-04,B08,79,2031.7,0.0,False,0,0
2025-03-04,B09,1,712.0,0.0,False,0,0
2025-03-04,B10,0,178.0,0.0,False,0,0
2025-03-04,B11,10,890.3,0.0,False,0,0
2025-03-04,B12,31,1227.0,0.0,False,0,0
2025-03-04,C01,5,0.0,68.0,False,5,0
2025-03-04,C02,9,772.0,0.0,False,0,0
2025-03-04,C03,0,133.0,0.0,False,0,0
2025-03-04,C04,7,521.0,0.0,False,0,0
2025-03-04,C05,0,314.2,0.0,False,0,0
2025-03-04,C06,1,466.0,0.0,False,0,0
2025-03-04,C07,1,528.0,0.0,False,0,0
2025-03-04,C08,0,83.9,0.0,False,0,0
2025-03-05,A01,79,2289.0,0.0,False,0,0
2025-03-05,A02,42,0.0,4399.0,False,42,0
2025-03-05,A03,1,799.0,0.0,False,0,0
2025-03-05,A04,1,534.0,0.0,False,0,0
2025-03-05,A05,85,8122.0,0.0,False,0,2
2025-03-05,A06,263,13113.0,0.0,False,0,3
2025-03-05,A07,43,1092.0,0.0,False,0,0
2025-03-05,A08,10,287.0,0.0,False,0,0
2025-03-05,A09,1,806.0,0.0,False,0,0
2025-03-05,A10,104,9578.0,0.0,False,0,2
2025-03-05,B01,0,381.0,0.0,False,0,0
2025-03-05,B02,8,1826.0,0.0,False,0,0
2025-03-05,B03,3,688.0,0.0,False,0,0
2025-03-05,B04,6,780.0,0.0,False,0,0
2025-03-05,B05,3,438.0,0.0,False,0,0
2025-03-05,B06,1,914.0,0.0,False,0,0
2025-03-05,B07,17,0.0,8915.0,False,17,0
2025-03-05,B08,2,2250.0,0.0,False,0,0
2025-03-05,B09,2,736.0,0.0,False,0,0
2025-03-05,B10,0,178.0,0.0,False,0,0
2025-03-05,B11,6,808.8,0.0,False,0,0
2025-03-05,B12,3,1224.0,0.0,False,0,0
2025-03-05,C01,0,0.0,68.0,False,0,0
2025-03-05,C02,1,771.0,0.0,False,0,0
2025-03-05,C03,3,130.0,0.0,False,0,0
2025-03-05,C04,0,521.0,0.0,False,0,0
2025-03-05,C05,0,363.0,0.0,False,0,0
2025-03-05,C06,6,460.0,0.0,False,0,0
2025-03-05,C07,2,526.0,0.0,False,0,0
2025-03-05,C08,0,94.0,0.0,False,0,0
2025-03-06,A01,20,2269.0,0.0,False,0,0
2025-03-06,A02,43,0.0,4399.0,False,43,0
2025-03-06,A03,0,799.0,0.0,False,0,0
2025-03-06,A04,0,534.0,0.0,False,0,0
2025-03-06,A05,4,8116.0,0.0,False,0,2
2025-03-06,A06,200,12910.0,0.0,False,0,3
2025-03-06,A07,24,1068.0,0.0,False,0,0
2025-03-06,A08,3,284.0,0.0,False,0,0
2025-03-06,A09,4,802.0,0.0,False,0,0
2025-03-06,A10,167,9409.0,0.0,False,0,2
2025-03-06,B01,0,381.0,0.0,False,0,0
2025-03-06,B02,10,1816.0,0.0,False,0,0
2025-03-06,B03,2,686.0,0.0,False,0,0
2025-03-06,B04,2,778.0,0.0,False,0,0
2025-03-06,B05,1,437.0,0.0,False,0,0
2025-03-06,B06,10,904.0,0.0,False,0,0
2025-03-06,B07,118,0.0,8915.0,False,118,0
2025-03-06,B08,16,2234.0,0.0,False,0,0
2025-03-06,B09,2,734.0,0.0,False,0,0
2025-03-06,B10,1,177.0,0.0,False,0,0
2025-03-06,B11,8,832.0,0.0,False,0,0
2025-03-06,B12,3,1221.0,0.0,False,0,0
2025-03-06,C01,1,0.0,68.0,False,1,0
2025-03-06,C02,14,757.0,0.0,False,0,0
2025-03-06,C03,0,130.0,0.0,False,0,0
2025-03-06,C04,0,521.0,0.0,False,0,0
2025-03-06,C05,1,362.0,0.0,False,0,0
2025-03-06,C06,1,459.0,0.0,False,0,0
2025-03-06,C07,1,551.2,0.0,False,0,0
2025-03-06,C08,0,94.0,0.0,False,0,0
2025-03-07,A01,19,2250.0,0.0,False,0,0
2025-03-07,A02,180,0.0,4399.0,False,180,0
2025-03-07,A03,0,799.0,0.0,False,0,0
2025-03-07,A04,0,534.0,0.0,False,0,0
2025-03-07,A05,279,7835.0,0.0,False,0,2
2025-03-07,A06,200,12707.0,0.0,False,0,3
2025-03-07,A07,0,1068.0,0.0,False,0,0
2025-03-07,A08,0,284.0,0.0,False,0,0
2025-03-07,A09,0,802.0,0.0,False,0,0
2025-03-07,A10,148,9259.0,0.0,False,0,2
2025-03-07,B01,4,377.0,0.0,False,0,0
2025-03-07,B02,7,1809.0,0.0,False,0,0
2025-03-07,B03,1,685.0,0.0,False,0,0
2025-03-07,B04,2,665.5,0.0,False,0,0
2025-03-07,B05,0,437.0,0.0,False,0,0
2025-03-07,B06,6,898.0,0.0,False,0,0
2025-03-07,B07,149,0.0,8915.0,False,149,0
2025-03-07,B08,43,2191.0,0.0,False,0,0
2025-03-07,B09,0,734.0,0.0,False,0,0
2025-03-07,B10,0,177.0,0.0,False,0,0
2025-03-07,B11,1,831.0,0.0,False,0,0
2025-03-07,B12,6,1215.0,0.0,False,0,0
2025-03-07,C01,0,0.0,68.0,False,0,0
2025-03-07,C02,3,754.0,0.0,False,0,0
2025-03-07,C03,1,129.0,0.0,False,0,0
2025-03-07,C04,3,518.0,0.0,False,0,0
2025-03-07,C05,0,362.0,0.0,False,0,0
2025-03-07,C06,0,459.0,0.0,False,0,0
2025-03-07,C07,1,524.0,0.0,False,0,0
2025-03-07,C08,3,91.0,0.0,False,0,0
2025-03-08,A01,24,2226.0,0.0,False,0,0
2025-03-08,A02,252,0.0,4399.0,False,252,0
2025-03-08,A03,7,792.0,0.0,False,0,0
2025-03-08,A04,6,528.0,0.0,False,0,0
2025-03-08,A05,20,7813.0,0.0,False,0,2
2025-03-08,A06,110,12594.0,0.0,False,0,3
2025-03-08,A07,7,1061.0,0.0,False,0,0
2025-03-08,A08,1,283.0,0.0,False,0,0
2025-03-08,A09,9,793.0,0.0,False,0,0
2025-03-08,A10,59,9542.4,0.0,False,0,2
2025-03-08,B01,2,375.0,0.0,False,0,0
2025-03-08,B02,22,1787.0,0.0,False,0,0
2025-03-08,B03,4,681.0,0.0,False,0,0
2025-03-08,B04,0,776.0,0.0,False,0,0
2025-03-08,B05,0,437.0,0.0,False,0,0
2025-03-08,B06,1,897.0,0.0,False,0,0
2025-03-08,B07,3,0.0,8915.0,False,3,0
2025-03-08,B08,8,2183.0,0.0,False,0,0
2025-03-08,B09,1,733.0,0.0,False,0,0
2025-03-08,B10,0,177.0,0.0,False,0,0
2025-03-08,B11,5,826.0,0.0,False,0,0
2025-03-08,B12,5,1210.0,0.0,False,0,0
2025-03-08,C01,0,0.0,68.0,False,0,0
2025-03-08,C02,2,752.0,0.0,False,0,0
2025-03-08,C03,0,129.0,0.0,False,0,0
2025-03-08,C04,0,518.0,0.0,False,0,0
2025-03-08,C05,0,362.0,0.0,False,0,0
2025-03-08,C06,0,459.0,0.0,False,0,0
2025-03-08,C07,3,521.0,0.0,False,0,0
2025-03-08,C08,1,90.0,0.0,False,0,0
2025-03-09,A01,18,2208.0,0.0,False,0,0
2025-03-09,A02,64,0.0,4399.0,False,64,0
2025-03-09,A03,1,759.5,0.0,False,0,0
2025-03-09,A04,0,504.4,0.0,False,0,0
2025-03-09,A05,0,7811.0,0.0,False,0,2
2025-03-09,A06,429,12163.0,0.0,False,0,2
2025-03-09,A07,10,1051.0,0.0,False,0,0
2025-03-09,A08,0,283.0,0.0,False,0,0
2025-03-09,A09,0,793.0,0.0,False,0,0
2025-03-09,A10,23,9173.0,0.0,False,0,2
2025-03-09,B01,4,411.8,0.0,False,0,0
2025-03-09,B02,8,1779.0,0.0,False,0,0
2025-03-09,B03,9,672.0,0.0,False,0,0
2025-03-09,B04,2,774.0,0.0,False,0,0
2025-03-09,B05,0,437.0,0.0,False,0,0
2025-03-09,B06,11,886.0,0.0,False,0,0
2025-03-09,B07,16,0.0,8915.0,False,16,0
2025-03-09,B08,13,2170.0,0.0,False,0,0
2025-03-09,B09,2,731.0,0.0,False,0,0
2025-03-09,B10,2,175.0,0.0,False,0,0
2025-03-09,B11,0,826.0,0.0,False,0,0
2025-03-09,B12,1,1209.0,0.0,False,0,0
2025-03-09,C01,0,0.0,68.0,False,0,0
2025-03-09,C02,0,752.0,0.0,False,0,0
2025-03-09,C03,1,128.0,0.0,False,0,0
2025-03-09,C04,1,471.4,0.0,False,0,0
2025-03-09,C05,2,360.0,0.0,False,0,0
2025-03-09,C06,1,458.0,0.0,False,0,0
2025-03-09,C07,0,521.0,0.0,False,0,0
2025-03-09,C08,1,89.0,0.0,False,0,0
2025-03-10,A01,3,2372.5,0.0,False,0,0
2025-03-10,A02,18,0.0,4399.0,False,18,0
2025-03-10,A03,4,787.0,0.0,False,0,0
2025-03-10,A04,3,525.0,0.0,False,0,0
2025-03-10,A05,62,7747.0,0.0,False,0,2
2025-03-10,A06,174,11987.0,0.0,False,0,2
2025-03-10,A07,20,1031.0,0.0,False,0,0
2025-03-10,A08,7,276.0,0.0,False,0,0
2025-03-10,A09,1,792.0,0.0,False,0,0
2025-03-10,A10,531,8640.0,0.0,False,0,2
2025-03-10,B01,3,368.0,0.0,False,0,0
2025-03-10,B02,26,1753.0,0.0,False,0,0
2025-03-10,B03,0,672.0,0.0,False,0,0
2025-03-10,B04,8,766.0,0.0,False,0,0
2025-03-10,B05,0,502.2,0.0,False,0,0
2025-03-10,B06,8,813.9,0.0,False,0,0
2025-03-10,B07,51,0.0,8915.0,False,51,0
2025-03-10,B08,90,2080.0,0.0,False,0,0
2025-03-10,B09,1,790.9,0.0,False,0,0
2025-03-10,B10,0,175.0,0.0,False,0,0
2025-03-10,B11,16,810.0,0.0,False,0,0
2025-03-10,B12,152,1057.0,0.0,False,0,0
2025-03-10,C01,0,0.0,68.0,False,0,0
2025-03-10,C02,2,750.0,0.0,False,0,0
2025-03-10,C03,0,111.2,0.0,False,0,0
2025-03-10,C04,0,517.0,0.0,False,0,0
2025-03-10,C05,7,344.4,0.0,False,0,0
2025-03-10,C06,0,458.0,0.0,False,0,0
2025-03-10,C07,0,521.0,0.0,False,0,0
2025-03-10,C08,1,88.0,0.0,False,0,0
2025-03-11,A01,54,2151.0,0.0,False,0,0
2025-03-11,A02,0,0.0,4399.0,False,0,0
2025-03-11,A03,28,660.0,0.0,False,0,0
2025-03-11,A04,5,520.0,0.0,False,0,0
2025-03-11,A05,2,7743.0,0.0,False,0,2
2025-03-11,A06,343,11642.0,0.0,False,0,2
2025-03-11,A07,4,1027.0,0.0,False,0,0
2025-03-11,A08,5,271.0,0.0,False,0,0
2025-03-11,A09,2,790.0,0.0,False,0,0
2025-03-11,A10,46,8592.0,0.0,False,0,2
2025-03-11,B01,4,364.0,0.0,False,0,0
2025-03-11,B02,13,1740.0,0.0,False,0,0
2025-03-11,B03,0,672.0,0.0,False,0,0
2025-03-11,B04,0,766.0,0.0,False,0,0
2025-03-11,B05,0,437.0,0.0,False,0,0
2025-03-11,B06,2,876.0,0.0,False,0,0
2025-03-11,B07,43,0.0,8915.0,False,43,0
2025-03-11,B08,84,1996.0,0.0,False,0,0
2025-03-11,B09,2,728.0,0.0,False,0,0
2025-03-11,B10,1,174.0,0.0,False,0,0
2025-03-11,B11,12,798.0,0.0,False,0,0
2025-03-11,B12,0,1057.0,0.0,False,0,0
2025-03-11,C01,0,0.0,68.0,False,0,0
2025-03-11,C02,9,741.0,0.0,False,0,0
2025-03-11,C03,0,128.0,0.0,False,0,0
2025-03-11,C04,0,517.0,0.0,False,0,0
2025-03-11,C05,5,348.0,0.0,False,0,0
2025-03-11,C06,0,458.0,0.0,False,0,0
2025-03-11,C07,0,521.0,0.0,False,0,0
2025-03-11,C08,0,88.0,0.0,False,0,0
2025-03-12,A01,81,2070.0,0.0,False,0,0
2025-03-12,A02,102,0.0,4399.0,False,102,0
2025-03-12,A03,0,759.0,0.0,False,0,0
2025-03-12,A04,4,516.0,0.0,False,0,0
2025-03-12,A05,78,7663.0,0.0,False,0,2
2025-03-12,A06,3,11637.0,0.0,False,0,2
2025-03-12,A07,30,973.9,742.0,True,0,0
2025-03-12,A08,0,271.0,0.0,False,0,0
2025-03-12,A09,20,770.0,0.0,False,0,0
2025-03-12,A10,12,8578.0,0.0,False,0,2
2025-03-12,B01,5,359.0,0.0,False,0,0
2025-03-12,B02,24,1716.0,0.0,False,0,0
2025-03-12,B03,8,664.0,0.0,False,0,0
2025-03-12,B04,0,766.0,0.0,False,0,0
2025-03-12,B05,0,437.0,0.0,False,0,0
2025-03-12,B06,14,862.0,0.0,False,0,0
2025-03-12,B07,1,0.0,8915.0,False,1,0
2025-03-12,B08,4,1992.0,0.0,False,0,0
2025-03-12,B09,0,728.0,0.0,False,0,0
2025-03-12,B10,0,193.3,0.0,False,0,0
2025-03-12,B11,5,793.0,0.0,False,0,0
2025-03-12,B12,20,1037.0,0.0,False,0,0
2025-03-12,C01,0,0.0,68.0,False,0,0
2025-03-12,C02,8,733.0,0.0,False,0,0
2025-03-12,C03,0,128.0,0.0,False,0,0
2025-03-12,C04,6,511.0,0.0,False,0,0
2025-03-12,C05,2,346.0,0.0,False,0,0
2025-03-12,C06,5,453.0,0.0,False,0,0
2025-03-12,C07,3,518.0,0.0,False,0,0
2025-03-12,C08,0,88.0,0.0,False,0,0
2025-03-13,A01,75,1995.0,0.0,False,0,0
2025-03-13,A02,115,0.0,4399.0,False,115,0
2025-03-13,A03,3,756.0,0.0,False,0,0
2025-03-13,A04,0,516.0,0.0,False,0,0
2025-03-13,A05,6,7655.0,0.0,False,0,2
2025-03-13,A06,136,11499.0,0.0,False,0,2
2025-03-13,A07,21,976.0,742.0,False,0,0
2025-03-13,A08,0,271.0,0.0,False,0,0
2025-03-13,A09,1,769.0,0.0,False,0,0
2025-03-13,A10,5,8571.0,0.0,False,0,2
2025-03-13,B01,0,359.0,0.0,False,0,0
2025-03-13,B02,23,1693.0,0.0,False,0,0
2025-03-13,B03,1,663.0,0.0,False,0,0
2025-03-13,B04,1,765.0,0.0,False,0,0
2025-03-13,B05,3,434.0,0.0,False,0,0
2025-03-13,B06,10,852.0,0.0,False,0,0
2025-03-13,B07,246,0.0,8915.0,False,246,0
2025-03-13,B08,41,1951.0,0.0,False,0,0
2025-03-13,B09,4,724.0,0.0,False,0,0
2025-03-13,B10,6,168.0,0.0,False,0,0
2025-03-13,B11,13,780.0,0.0,False,0,0
2025-03-13,B12,5,1032.0,0.0,False,0,0
2025-03-13,C01,1,0.0,68.0,False,1,0
2025-03-13,C02,15,718.0,0.0,False,0,0
2025-03-13,C03,0,128.0,0.0,False,0,0
2025-03-13,C04,2,509.0,0.0,False,0,0
2025-03-13,C05,4,342.0,0.0,False,0,0
2025-03-13,C06,0,453.0,0.0,False,0,0
2025-03-13,C07,0,518.0,0.0,False,0,0
2025-03-13,C08,4,82.3,0.0,False,0,0
2025-03-14,A01,9,2282.9,0.0,False,0,0
2025-03-14,A02,178,0.0,4399.0,False,178,0
2025-03-14,A03,2,754.0,0.0,False,0,0
2025-03-14,A04,2,565.3,0.0,False,0,0
2025-03-14,A05,215,7438.0,0.0,False,0,2
2025-03-14,A06,787,10710.0,6022.0,True,0,2
2025-03-14,A07,3,973.0,742.0,False,0,0
2025-03-14,A08,10,261.0,0.0,False,0,0
2025-03-14,A09,11,758.0,0.0,False,0,0
2025-03-14,A10,39,8530.0,0.0,False,0,2
2025-03-14,B01,9,350.0,0.0,False,0,0
2025-03-14,B02,4,1689.0,0.0,False,0,0
2025-03-14,B03,1,661.4,0.0,False,0,0
2025-03-14,B04,1,764.0,0.0,False,0,0
2025-03-14,B05,0,434.0,0.0,False,0,0
2025-03-14,B06,34,818.0,0.0,False,0,0
2025-03-14,B07,21,0.0,8915.0,False,21,0
2025-03-14,B08,12,1939.0,0.0,False,0,0
2025-03-14,B09,0,724.0,0.0,False,0,0
2025-03-14,B10,0,168.0,0.0,False,0,0
2025-03-14,B11,16,764.0,0.0,False,0,0
2025-03-14,B12,68,964.0,1111.0,True,0,0
2025-03-14,C01,4,0.0,68.0,False,4,0
2025-03-14,C02,10,708.0,0.0,False,0,0
2025-03-14,C03,0,128.0,0.0,False,0,0
2025-03-14,C04,7,502.0,0.0,False,0,0
2025-03-14,C05,2,340.0,0.0,False,0,0
2025-03-14,C06,10,443.0,0.0,False,0,0
2025-03-14,C07,0,518.0,0.0,False,0,0
2025-03-14,C08,1,83.0,0.0,False,0,0
2025-03-15,A01,8,1978.0,0.0,False,0,0
2025-03-15,A02,6,0.0,4399.0,False,6,0
2025-03-15,A03,2,740.6,0.0,False,0,0
2025-03-15,A04,1,513.0,0.0,False,0,0
2025-03-15,A05,38,7398.0,0.0,False,0,2
2025-03-15,A06,186,10522.0,6022.0,False,0,2
2025-03-15,A07,11,962.0,742.0,False,0,0
2025-03-15,A08,4,257.0,0.0,False,0,0
2025-03-15,A09,1,770.8,0.0,False,0,0
2025-03-15,A10,501,8027.0,7922.0,True,0,2
2025-03-15,B01,0,350.0,0.0,False,0,0
2025-03-15,B02,30,1659.0,0.0,False,0,0
2025-03-15,B03,8,654.0,0.0,False,0,0
2025-03-15,B04,1,663.2,0.0,False,0,0
2025-03-15,B05,0,434.0,0.0,False,0,0
2025-03-15,B06,4,908.3,0.0,False,0,0
2025-03-15,B07,427,0.0,8915.0,False,427,0
2025-03-15,B08,45,1894.0,0.0,False,0,0
2025-03-15,B09,2,722.0,0.0,False,0,0
2025-03-15,B10,6,162.0,0.0,False,0,0
2025-03-15,B11,3,761.0,0.0,False,0,0
2025-03-15,B12,1,963.0,1111.0,False,0,0
2025-03-15,C01,0,0.0,68.0,False,0,0
2025-03-15,C02,4,704.0,0.0,False,0,0
2025-03-15,C03,2,126.0,0.0,False,0,0
2025-03-15,C04,0,440.8,0.0,False,0,0
2025-03-15,C05,4,336.0,0.0,False,0,0
2025-03-15,C06,1,442.0,0.0,False,0,0
2025-03-15,C07,0,518.0,0.0,False,0,0
2025-03-15,C08,0,83.0,0.0,False,0,0
2025-03-16,A01,1,1977.0,0.0,False,0,0
2025-03-16,A02,11,0.0,4399.0,False,11,0
2025-03-16,A03,0,752.0,0.0,False,0,0
2025-03-16,A04,1,512.0,0.0,False,0,0
2025-03-16,A05,80,7316.0,0.0,False,0,2
2025-03-16,A06,534,9986.0,6022.0,False,0,2
2025-03-16,A07,0,962.0,742.0,False,0,0
2025-03-16,A08,13,244.0,0.0,False,0,0
2025-03-16,A09,22,735.0,0.0,False,0,0
2025-03-16,A10,173,7852.0,7922.0,False,0,2
2025-03-16,B01,2,360.5,0.0,False,0,0
2025-03-16,B02,4,1655.0,0.0,False,0,0
2025-03-16,B03,10,644.0,0.0,False,0,0
2025-03-16,B04,1,762.0,0.0,False,0,0
2025-03-16,B05,1,433.0,0.0,False,0,0
2025-03-16,B06,10,804.0,0.0,False,0,0
2025-03-16,B07,42,0.0,8915.0,False,42,0
2025-03-16,B08,28,1866.0,0.0,False,0,0
2025-03-16,B09,1,721.0,0.0,False,0,0
2025-03-16,B10,6,156.0,0.0,False,0,0
2025-03-16,B11,8,753.0,0.0,False,0,0
2025-03-16,B12,2,961.0,1111.0,False,0,0
2025-03-16,C01,0,0.0,68.0,False,0,0
2025-03-16,C02,4,700.0,0.0,False,0,0
2025-03-16,C03,0,126.0,0.0,False,0,0
2025-03-16,C04,6,496.0,0.0,False,0,0
2025-03-16,C05,1,335.0,0.0,False,0,0
2025-03-16,C06,0,390.5,0.0,False,0,0
2025-03-16,C07,1,517.0,0.0,False,0,0
2025-03-16,C08,1,82.0,0.0,False,0,0
2025-03-17,A01,34,1943.0,0.0,False,0,0
2025-03-17,A02,107,0.0,4399.0,False,107,0
2025-03-17,A03,34,718.0,0.0,False,0,0
2025-03-17,A04,2,510.0,0.0,False,0,0
2025-03-17,A05,14,7300.0,0.0,False,0,2
2025-03-17,A06,94,9890.0,6022.0,False,0,2
2025-03-17,A07,0,962.0,742.0,False,0,0
2025-03-17,A08,6,226.1,0.0,False,0,0
2025-03-17,A09,18,717.0,0.0,False,0,0
2025-03-17,A10,192,7658.0,7922.0,False,0,2
2025-03-17,B01,0,348.0,0.0,False,0,0
2025-03-17,B02,17,1638.0,0.0,False,0,0
2025-03-17,B03,7,637.0,0.0,False,0,0
2025-03-17,B04,2,760.0,0.0,False,0,0
2025-03-17,B05,0,433.0,0.0,False,0,0
2025-03-17,B06,7,797.0,0.0,False,0,0
2025-03-17,B07,25,0.0,8915.0,False,25,0
2025-03-17,B08,3,1863.0,0.0,False,0,0
2025-03-17,B09,17,704.0,0.0,False,0,0
2025-03-17,B10,2,154.0,0.0,False,0,0
2025-03-17,B11,3,750.0,0.0,False,0,0
2025-03-17,B12,0,947.0,1111.0,False,0,0
2025-03-17,C01,1,0.0,68.0,False,1,0
2025-03-17,C02,3,697.0,0.0,False,0,0
2025-03-17,C03,2,124.0,0.0,False,0,0
2025-03-17,C04,1,430.4,0.0,False,0,0
2025-03-17,C05,1,334.0,0.0,False,0,0
2025-03-17,C06,0,442.0,0.0,False,0,0
2025-03-17,C07,4,513.0,0.0,False,0,0
2025-03-17,C08,0,82.0,0.0,False,0,0
2025-03-18,A01,3,1940.0,0.0,False,0,0
2025-03-18,A02,23,0.0,4399.0,False,23,0
2025-03-18,A03,26,746.9,0.0,False,0,0
2025-03-18,A04,0,510.0,0.0,False,0,0
2025-03-18,A05,70,7229.0,0.0,False,0,1
2025-03-18,A06,73,9815.0,6022.0,False,0,2
2025-03-18,A07,0,962.0,742.0,False,0,0
2025-03-18,A08,6,232.0,0.0,False,0,0
2025-03-18,A09,6,651.8,0.0,False,0,0
2025-03-18,A10,250,7406.0,7922.0,False,0,2
2025-03-18,B01,3,345.0,0.0,False,0,0
2025-03-18,B02,5,1633.0,0.0,False,0,0
2025-03-18,B03,0,637.0,0.0,False,0,0
2025-03-18,B04,15,745.0,0.0,False,0,0
2025-03-18,B05,3,430.0,0.0,False,0,0
2025-03-18,B06,4,906.4,0.0,False,0,0
2025-03-18,B07,72,0.0,8915.0,False,72,0
2025-03-18,B08,119,1744.0,0.0,False,0,0
2025-03-18,B09,0,704.0,0.0,False,0,0
2025-03-18,B10,8,146.0,0.0,False,0,0
2025-03-18,B11,31,719.0,0.0,False,0,0
2025-03-18,B12,41,920.0,1111.0,False,0,0
2025-03-18,C01,0,0.0,68.0,False,0,0
2025-03-18,C02,4,693.0,0.0,False,0,0
2025-03-18,C03,0,124.0,0.0,False,0,0
2025-03-18,C04,0,495.0,0.0,False,0,0
2025-03-18,C05,6,328.0,0.0,False,0,0
2025-03-18,C06,3,439.0,0.0,False,0,0
2025-03-18,C07,0,513.0,0.0,False,0,0
2025-03-18,C08,2,76.1,0.0,False,0,0
2025-03-19,A01,27,1913.0,1090.0,True,0,0
2025-03-19,A02,15,0.0,4399.0,False,15,0
2025-03-19,A03,3,689.0,0.0,False,0,0
2025-03-19,A04,0,510.0,0.0,False,0,0
2025-03-19,A05,45,7183.0,0.0,False,0,1
2025-03-19,A06,101,9712.0,6022.0,False,0,2
2025-03-19,A07,0,962.0,742.0,False,0,0
2025-03-19,A08,0,232.0,0.0,False,0,0
2025-03-19,A09,5,706.0,0.0,False,0,0
2025-03-19,A10,1,7403.0,7922.0,False,0,2
2025-03-19,B01,0,345.0,0.0,False,0,0
2025-03-19,B02,73,1560.0,0.0,False,0,0
2025-03-19,B03,5,632.0,0.0,False,0,0
2025-03-19,B04,5,740.0,0.0,False,0,0
2025-03-19,B05,1,429.0,0.0,False,0,0
2025-03-19,B06,4,789.0,0.0,False,0,0
2025-03-19,B07,145,0.0,8915.0,False,145,0
2025-03-19,B08,3,1741.0,0.0,False,0,0
2025-03-19,B09,2,702.0,0.0,False,0,0
2025-03-19,B10,0,146.0,0.0,False,0,0
2025-03-19,B11,0,732.5,0.0,False,0,0
2025-03-19,B12,5,915.0,1111.0,False,0,0
2025-03-19,C01,0,0.0,68.0,False,0,0
2025-03-19,C02,3,690.0,0.0,False,0,0
2025-03-19,C03,0,124.0,0.0,False,0,0
2025-03-19,C04,6,489.0,0.0,False,0,0
2025-03-19,C05,1,327.0,0.0,False,0,0
2025-03-19,C06,0,439.0,0.0,False,0,0
2025-03-19,C07,2,511.0,0.0,False,0,0
2025-03-19,C08,0,80.0,0.0,False,0,0
2025-03-20,A01,7,2168.4,1090.0,False,0,0
2025-03-20,A02,207,0.0,4399.0,False,207,0
2025-03-20,A03,0,689.0,0.0,False,0,0
2025-03-20,A04,0,510.0,0.0,False,0,0
2025-03-20,A05,5,6158.6,0.0,False,0,1
2025-03-20,A06,13,9697.0,6022.0,False,0,2
2025-03-20,A07,55,907.0,742.0,False,0,0
2025-03-20,A08,0,232.0,0.0,False,0,0
2025-03-20,A09,0,807.7,0.0,False,0,0
2025-03-20,A10,12,7389.0,7922.0,False,0,2
2025-03-20,B01,2,343.0,0.0,False,0,0
2025-03-20,B02,35,1525.0,0.0,False,0,0
2025-03-20,B03,1,631.0,0.0,False,0,0
2025-03-20,B04,5,735.0,0.0,False,0,0
2025-03-20,B05,3,426.0,0.0,False,0,0
2025-03-20,B06,23,721.9,0.0,False,0,0
2025-03-20,B07,97,0.0,8915.0,False,97,0
2025-03-20,B08,54,1687.0,0.0,False,0,0
2025-03-20,B09,25,677.0,0.0,False,0,0
2025-03-20,B10,0,146.0,0.0,False,0,0
2025-03-20,B11,21,698.0,0.0,False,0,0
2025-03-20,B12,0,915.0,1111.0,False,0,0
2025-03-20,C01,0,0.0,68.0,False,0,0
2025-03-20,C02,15,675.0,0.0,False,0,0
2025-03-20,C03,0,124.0,0.0,False,0,0
2025-03-20,C04,2,487.0,0.0,False,0,0
2025-03-20,C05,0,327.0,0.0,False,0,0
2025-03-20,C06,2,437.0,0.0,False,0,0
2025-03-20,C07,0,511.0,0.0,False,0,0
2025-03-20,C08,0,80.0,0.0,False,0,0
2025-03-21,A01,34,1872.0,1090.0,False,0,0
2025-03-21,A02,170,0.0,4399.0,False,170,0
2025-03-21,A03,6,683.0,0.0,False,0,0
2025-03-21,A04,0,510.0,0.0,False,0,0
2025-03-21,A05,42,7134.0,0.0,False,0,1
2025-03-21,A06,185,9510.0,6022.0,False,0,2
2025-03-21,A07,4,903.0,742.0,False,0,0
2025-03-21,A08,0,232.0,0.0,False,0,0
2025-03-21,A09,11,695.0,0.0,False,0,0
2025-03-21,A10,3,8106.0,7922.0,False,0,2
2025-03-21,B01,0,343.0,0.0,False,0,0
2025-03-21,B02,16,1509.0,0.0,False,0,0
2025-03-21,B03,3,628.0,0.0,False,0,0
2025-03-21,B04,3,732.0,0.0,False,0,0
2025-03-21,B05,1,425.0,0.0,False,0,0
2025-03-21,B06,1,765.0,0.0,False,0,0
2025-03-21,B07,1,0.0,8915.0,False,1,0
2025-03-21,B08,20,1667.0,0.0,False,0,0
2025-03-21,B09,25,652.0,0.0,False,0,0
2025-03-21,B10,0,146.0,0.0,False,0,0
2025-03-21,B11,6,692.0,0.0,False,0,0
2025-03-21,B12,5,910.0,1111.0,False,0,0
2025-03-21,C01,0,0.0,68.0,False,0,0
2025-03-21,C02,3,672.0,0.0,False,0,0
2025-03-21,C03,0,124.0,0.0,False,0,0
2025-03-21,C04,0,445.2,0.0,False,0,0
2025-03-21,C05,2,325.0,0.0,False,0,0
2025-03-21,C06,0,442.6,0.0,False,0,0
2025-03-21,C07,0,487.9,0.0,False,0,0
2025-03-21,C08,0,80.0,0.0,False,0,0
2025-03-22,A01,34,1838.0,1090.0,False,0,0
2025-03-22,A02,44,0.0,4399.0,False,44,0
2025-03-22,A03,8,675.0,0.0,False,0,0
2025-03-22,A04,1,509.0,0.0,False,0,0
2025-03-22,A05,51,7082.0,0.0,False,0,1
2025-03-22,A06,197,9061.1,6022.0,False,0,2
2025-03-22,A07,28,875.0,742.0,False,0,0
2025-03-22,A08,2,237.4,0.0,False,0,0
2025-03-22,A09,3,692.0,0.0,False,0,0
2025-03-22,A10,124,7259.0,7922.0,False,0,1
2025-03-22,B01,1,342.0,0.0,False,0,0
2025-03-22,B02,6,1639.1,0.0,False,0,0
2025-03-22,B03,1,627.0,0.0,False,0,0
2025-03-22,B04,2,730.0,0.0,False,0,0
2025-03-22,B05,0,425.0,0.0,False,0,0
2025-03-22,B06,47,740.1,0.0,False,0,0
2025-03-22,B07,0,0.0,8915.0,False,0,0
2025-03-22,B08,16,1651.0,0.0,False,0,0
2025-03-22,B09,0,652.0,0.0,False,0,0
2025-03-22,B10,0,146.0,0.0,False,0,0
2025-03-22,B11,10,616.5,0.0,False,0,0
2025-03-22,B12,11,976.1,1111.0,False,0,0
2025-03-22,C01,0,0.0,68.0,False,0,0
2025-03-22,C02,6,666.0,0.0,False,0,0
2025-03-22,C03,1,123.0,0.0,False,0,0
2025-03-22,C04,1,486.0,0.0,False,0,0
2025-03-22,C05,0,325.0,0.0,False,0,0
2025-03-22,C06,1,436.0,0.0,False,0,0
2025-03-22,C07,4,507.0,0.0,False,0,0
2025-03-22,C08,1,79.0,0.0,False,0,0
2025-03-23,A01,36,1802.0,1090.0,False,0,0
2025-03-23,A02,0,0.0,4399.0,False,0,0
2025-03-23,A03,5,670.0,0.0,False,0,0
2025-03-23,A04,3,506.0,0.0,False,0,0
2025-03-23,A05,127,6954.0,0.0,False,0,1
2025-03-23,A06,455,8854.0,6022.0,False,0,2
2025-03-23,A07,14,971.8,742.0,False,0,0
2025-03-23,A08,0,230.0,0.0,False,0,0
2025-03-23,A09,14,678.0,0.0,False,0,0
2025-03-23,A10,517,6741.0,7922.0,False,0,1
2025-03-23,B01,4,338.0,0.0,False,0,0
2025-03-23,B02,43,1460.0,0.0,False,0,0
2025-03-23,B03,24,589.9,0.0,False,0,0
2025-03-23,B04,1,729.0,0.0,False,0,0
2025-03-23,B05,0,425.0,0.0,False,0,0
2025-03-23,B06,7,711.0,0.0,False,0,0
2025-03-23,B07,154,0.0,8915.0,False,154,0
2025-03-23,B08,3,1648.0,0.0,False,0,0
2025-03-23,B09,7,691.7,0.0,False,0,0
2025-03-23,B10,0,146.0,0.0,False,0,0
2025-03-23,B11,15,667.0,0.0,False,0,0
2025-03-23,B12,5,894.0,1111.0,False,0,0
2025-03-23,C01,0,0.0,68.0,False,0,0
2025-03-23,C02,0,666.0,0.0,False,0,0
2025-03-23,C03,0,123.0,0.0,False,0,0
2025-03-23,C04,3,483.0,0.0,False,0,0
2025-03-23,C05,0,325.0,0.0,False,0,0
2025-03-23,C06,10,426.0,0.0,False,0,0
2025-03-23,C07,4,503.0,0.0,False,0,0
2025-03-23,C08,0,78.1,0.0,False,0,0
2025-03-24,A01,7,1795.0,1090.0,False,0,0
2025-03-24,A02,21,0.0,4399.0,False,21,0
2025-03-24,A03,19,651.0,0.0,False,0,0
2025-03-24,A04,0,506.0,0.0,False,0,0
2025-03-24,A05,99,6854.0,0.0,False,0,1
2025-03-24,A06,10,8842.0,6022.0,False,0,2
2025-03-24,A07,3,858.0,742.0,False,0,0
2025-03-24,A08,10,220.0,0.0,False,0,0
2025-03-24,A09,13,665.0,0.0,False,0,0
2025-03-24,A10,442,6298.0,7922.0,False,0,1
2025-03-24,B01,0,338.0,0.0,False,0,0
2025-03-24,B02,68,1200.1,0.0,False,0,0
2025-03-24,B03,3,600.0,0.0,False,0,0
2025-03-24,B04,0,729.0,0.0,False,0,0
2025-03-24,B05,2,441.7,0.0,False,0,0
2025-03-24,B06,2,709.0,0.0,False,0,0
2025-03-24,B07,18,0.0,8915.0,False,18,0
2025-03-24,B08,26,1622.0,0.0,False,0,0
2025-03-24,B09,6,622.1,0.0,False,0,0
2025-03-24,B10,0,146.0,0.0,False,0,0
2025-03-24,B11,0,667.0,0.0,False,0,0
2025-03-24,B12,53,932.8,1111.0,False,0,0
2025-03-24,C01,0,0.0,68.0,False,0,0
2025-03-24,C02,16,650.0,0.0,False,0,0
2025-03-24,C03,0,123.0,0.0,False,0,0
2025-03-24,C04,0,483.0,0.0,False,0,0
2025-03-24,C05,1,324.0,0.0,False,0,0
2025-03-24,C06,4,435.4,0.0,False,0,0
2025-03-24,C07,4,499.0,0.0,False,0,0
2025-03-24,C08,1,78.0,0.0,False,0,0
2025-03-25,A01,110,1502.1,1090.0,False,0,0
2025-03-25,A02,82,0.0,4399.0,False,82,0
2025-03-25,A03,0,651.0,0.0,False,0,0
2025-03-25,A04,1,505.0,0.0,False,0,0
2025-03-25,A05,12,6841.0,0.0,False,0,1
2025-03-25,A06,110,9350.5,6022.0,False,0,2
2025-03-25,A07,5,853.0,742.0,False,0,0
2025-03-25,A08,2,218.0,0.0,False,0,0
2025-03-25,A09,0,665.0,0.0,False,0,0
2025-03-25,A10,22,7126.8,7922.0,False,0,1
2025-03-25,B01,1,337.0,0.0,False,0,0
2025-03-25,B02,1,1391.0,0.0,False,0,0
2025-03-25,B03,1,599.0,0.0,False,0,0
2025-03-25,B04,0,813.9,0.0,False,0,0
2025-03-25,B05,6,417.0,0.0,False,0,0
2025-03-25,B06,3,706.0,0.0,False,0,0
2025-03-25,B07,162,0.0,8915.0,False,162,0
2025-03-25,B08,10,1612.0,0.0,False,0,0
2025-03-25,B09,7,632.0,0.0,False,0,0
2025-03-25,B10,11,135.0,0.0,False,0,0
2025-03-25,B11,3,664.0,0.0,False,0,0
2025-03-25,B12,10,831.0,1111.0,False,0,0
2025-03-25,C01,2,0.0,68.0,False,2,0
2025-03-25,C02,3,647.0,0.0,False,0,0
2025-03-25,C03,0,123.0,0.0,False,0,0
2025-03-25,C04,4,479.0,0.0,False,0,0
2025-03-25,C05,4,320.0,0.0,False,0,0
2025-03-25,C06,1,421.0,0.0,False,0,0
2025-03-25,C07,7,492.0,0.0,False,0,0
2025-03-25,C08,0,78.0,0.0,False,0,0
2025-03-26,A01,12,1673.0,1090.0,False,0,0
2025-03-26,A02,36,0.0,4399.0,False,36,0
2025-03-26,A03,7,644.0,0.0,False,0,0
2025-03-26,A04,8,497.0,0.0,False,0,0
2025-03-26,A05,1,7364.0,0.0,False,0,1
2025-03-26,A06,29,8699.0,6022.0,False,0,2
2025-03-26,A07,6,847.0,742.0,False,0,0
2025-03-26,A08,0,218.0,0.0,False,0,0
2025-03-26,A09,7,658.0,0.0,False,0,0
2025-03-26,A10,234,6040.0,7922.0,False,0,1
2025-03-26,B01,1,336.0,0.0,False,0,0
2025-03-26,B02,24,1367.0,0.0,False,0,0
2025-03-26,B03,13,586.0,0.0,False,0,0
2025-03-26,B04,5,724.0,0.0,False,0,0
2025-03-26,B05,0,417.0,0.0,False,0,0
2025-03-26,B06,1,705.0,0.0,False,0,0
2025-03-26,B07,8,0.0,8915.0,False,8,0
2025-03-26,B08,0,1612.0,0.0,False,0,0
2025-03-26,B09,0,632.0,0.0,False,0,0
2025-03-26,B10,1,134.0,0.0,False,0,0
2025-03-26,B11,3,661.0,0.0,False,0,0
2025-03-26,B12,36,795.0,1111.0,False,0,0
2025-03-26,C01,0,0.0,68.0,False,0,0
2025-03-26,C02,4,692.1,0.0,False,0,0
2025-03-26,C03,0,123.0,0.0,False,0,0
2025-03-26,C04,2,477.0,0.0,False,0,0
2025-03-26,C05,0,320.0,0.0,False,0,0
2025-03-26,C06,0,421.0,0.0,False,0,0
2025-03-26,C07,3,489.0,0.0,False,0,0
2025-03-26,C08,0,78.0,0.0,False,0,0
2025-03-27,A01,17,1656.0,1090.0,False,0,0
2025-03-27,A02,81,0.0,4399.0,False,81,0
2025-03-27,A03,0,712.6,0.0,False,0,0
2025-03-27,A04,0,497.0,0.0,False,0,0
2025-03-27,A05,25,6813.0,0.0,False,0,1
2025-03-27,A06,265,8432.0,6022.0,False,0,2
2025-03-27,A07,0,847.0,742.0,False,0,0
2025-03-27,A08,0,218.0,0.0,False,0,0
2025-03-27,A09,5,653.0,0.0,False,0,0
2025-03-27,A10,129,5910.0,7922.0,False,0,1
2025-03-27,B01,5,331.0,0.0,False,0,0
2025-03-27,B02,1,1366.0,0.0,False,0,0
2025-03-27,B03,1,585.0,0.0,False,0,0
2025-03-27,B04,5,719.0,0.0,False,0,0
2025-03-27,B05,2,415.0,0.0,False,0,0
2025-03-27,B06,6,699.0,0.0,False,0,0
2025-03-27,B07,76,0.0,8915.0,False,76,0
2025-03-27,B08,2,1684.6,0.0,False,0,0
2025-03-27,B09,3,629.0,0.0,False,0,0
2025-03-27,B10,1,133.0,0.0,False,0,0
2025-03-27,B11,7,654.0,0.0,False,0,0
2025-03-27,B12,1,794.0,1111.0,False,0,0
2025-03-27,C01,0,0.0,68.0,False,0,0
2025-03-27,C02,8,635.0,0.0,False,0,0
2025-03-27,C03,0,123.0,0.0,False,0,0
2025-03-27,C04,1,476.0,0.0,False,0,0
2025-03-27,C05,3,357.4,0.0,False,0,0
2025-03-27,C06,4,417.0,0.0,False,0,0
2025-03-27,C07,5,484.0,0.0,False,0,0
2025-03-27,C08,0,83.7,0.0,False,0,0
2025-03-28,A01,9,1647.0,1090.0,False,0,0
2025-03-28,A02,14,0.0,4399.0,False,14,0
2025-03-28,A03,7,637.0,0.0,False,0,0
2025-03-28,A04,0,497.0,0.0,False,0,0
2025-03-28,A05,106,6706.0,0.0,False,0,1
2025-03-28,A06,208,8222.0,6022.0,False,0,2
2025-03-28,A07,5,842.0,742.0,False,0,0
2025-03-28,A08,0,218.0,0.0,False,0,0
2025-03-28,A09,5,648.0,0.0,False,0,0
2025-03-28,A10,221,5688.0,7922.0,False,0,1
2025-03-28,B01,1,330.0,0.0,False,0,0
2025-03-28,B02,52,1314.0,0.0,False,0,0
2025-03-28,B03,0,585.0,0.0,False,0,0
2025-03-28,B04,2,717.0,0.0,False,0,0
2025-03-28,B05,1,414.0,0.0,False,0,0
2025-03-28,B06,1,754.2,0.0,False,0,0
2025-03-28,B07,141,0.0,8915.0,False,141,0
2025-03-28,B08,46,1564.0,0.0,False,0,0
2025-03-28,B09,5,624.0,0.0,False,0,0
2025-03-28,B10,0,133.0,0.0,False,0,0
2025-03-28,B11,13,641.0,0.0,False,0,0
2025-03-28,B12,50,744.0,1111.0,False,0,0
2025-03-28,C01,1,0.0,68.0,False,1,0
2025-03-28,C02,7,628.0,0.0,False,0,0
2025-03-28,C03,1,122.0,0.0,False,0,0
2025-03-28,C04,0,476.0,0.0,False,0,0
2025-03-28,C05,3,314.0,0.0,False,0,0
2025-03-28,C06,0,417.0,0.0,False,0,0
2025-03-28,C07,8,487.7,0.0,False,0,0
2025-03-28,C08,0,78.0,0.0,False,0,0
2025-03-29,A01,30,1617.0,1090.0,False,0,0
2025-03-29,A02,218,4180.0,2468.0,True,0,1
2025-03-29,A03,4,633.0,0.0,False,0,0
2025-03-29,A04,3,538.3,0.0,False,0,0
2025-03-29,A05,180,6525.0,0.0,False,0,1
2025-03-29,A06,4,8216.0,6022.0,False,0,2
2025-03-29,A07,19,871.9,742.0,False,0,0
2025-03-29,A08,6,212.0,0.0,False,0,0
2025-03-29,A09,16,632.0,0.0,False,0,0
2025-03-29,A10,24,14766.5,0.0,False,0,3
2025-03-29,B01,6,324.0,0.0,False,0,0
2025-03-29,B02,6,1308.0,0.0,False,0,0
2025-03-29,B03,10,564.2,0.0,False,0,0
2025-03-29,B04,1,716.0,0.0,False,0,0
2025-03-29,B05,4,410.0,0.0,False,0,0
2025-03-29,B06,1,697.0,0.0,False,0,0
2025-03-29,B07,6,0.0,8915.0,False,6,0
2025-03-29,B08,0,1564.0,0.0,False,0,0
2025-03-29,B09,19,605.0,0.0,False,0,0
2025-03-29,B10,9,124.0,0.0,False,0,0
2025-03-29,B11,0,589.1,0.0,False,0,0
2025-03-29,B12,21,723.0,1111.0,False,0,0
2025-03-29,C01,0,0.0,68.0,False,0,0
2025-03-29,C02,4,624.0,0.0,False,0,0
2025-03-29,C03,1,121.0,0.0,False,0,0
2025-03-29,C04,1,475.0,0.0,False,0,0
2025-03-29,C05,4,310.0,0.0,False,0,0
2025-03-29,C06,1,462.7,0.0,False,0,0
2025-03-29,C07,4,472.0,0.0,False,0,0
2025-03-29,C08,1,77.0,0.0,False,0,0
2025-03-30,A01,6,1611.0,1090.0,False,0,0
2025-03-30,A02,136,4043.0,2468.0,False,0,1
2025-03-30,A03,1,632.0,0.0,False,0,0
2025-03-30,A04,0,494.0,0.0,False,0,0
2025-03-30,A05,5,6519.0,0.0,False,0,1
2025-03-30,A06,69,8145.0,6022.0,False,0,2
2025-03-30,A07,6,1559.0,0.0,False,0,0
2025-03-30,A08,1,211.0,0.0,False,0,0
2025-03-30,A09,1,631.0,0.0,False,0,0
2025-03-30,A10,49,15157.5,0.0,False,0,3
2025-03-30,B01,0,324.0,0.0,False,0,0
2025-03-30,B02,3,1305.0,0.0,False,0,0
2025-03-30,B03,1,574.0,0.0,False,0,0
2025-03-30,B04,3,713.0,0.0,False,0,0
2025-03-30,B05,2,408.0,0.0,False,0,0
2025-03-30,B06,4,693.0,0.0,False,0,0
2025-03-30,B07,21,0.0,8915.0,False,21,0
2025-03-30,B08,6,1558.0,0.0,False,0,0
2025-03-30,B09,2,603.0,0.0,False,0,0
2025-03-30,B10,0,115.5,0.0,False,0,0
2025-03-30,B11,8,633.0,0.0,False,0,0
2025-03-30,B12,0,723.0,1111.0,False,0,0
2025-03-30,C01,0,0.0,68.0,False,0,0
2025-03-30,C02,4,620.0,0.0,False,0,0
2025-03-30,C03,0,121.0,0.0,False,0,0
2025-03-30,C04,5,470.0,0.0,False,0,0
2025-03-30,C05,2,308.0,0.0,False,0,0
2025-03-30,C06,4,412.0,0.0,False,0,0
2025-03-30,C07,2,470.0,0.0,False,0,0
2025-03-30,C08,0,77.0,0.0,False,0,0
2025-03-31,A01,0,1611.0,1090.0,False,0,0
2025-03-31,A02,42,4000.0,2468.0,False,0,1
2025-03-31,A03,24,608.0,0.0,False,0,0
2025-03-31,A04,0,494.0,0.0,False,0,0
2025-03-31,A05,28,5982.9,0.0,False,0,1
2025-03-31,A06,139,8004.0,6022.0,False,0,2
2025-03-31,A07,2,1557.0,0.0,False,0,0
2025-03-31,A08,1,210.0,0.0,False,0,0
2025-03-31,A09,6,625.0,0.0,False,0,0
2025-03-31,A10,213,13315.0,0.0,False,0,3
2025-03-31,B01,4,320.0,0.0,False,0,0
2025-03-31,B02,0,1305.0,0.0,False,0,0
2025-03-31,B03,0,574.0,0.0,False,0,0
2025-03-31,B04,4,709.0,0.0,False,0,0
2025-03-31,B05,1,407.0,0.0,False,0,0
2025-03-31,B06,0,693.0,0.0,False,0,0
2025-03-31,B07,79,0.0,8915.0,False,79,0
2025-03-31,B08,2,1556.0,0.0,False,0,0
2025-03-31,B09,0,603.0,0.0,False,0,0
2025-03-31,B10,2,122.0,0.0,False,0,0
2025-03-31,B11,21,612.0,0.0,False,0,0
2025-03-31,B12,1,722.0,1111.0,False,0,0
2025-03-31,C01,0,0.0,68.0,False,0,0
2025-03-31,C02,0,620.0,0.0,False,0,0
2025-03-31,C03,0,121.0,0.0,False,0,0
2025-03-31,C04,0,470.0,0.0,False,0,0
2025-03-31,C05,0,308.0,0.0,False,0,0
2025-03-31,C06,4,408.0,0.0,False,0,0
2025-03-31,C07,2,468.0,0.0,False,0,0
2025-03-31,C08,2,75.0,0.0,False,0,0
2025-04-01,A01,13,1598.0,1090.0,False,0,0
2025-04-01,A02,199,3800.0,2468.0,False,0,1
2025-04-01,A03,5,603.0,0.0,False,0,0
2025-04-01,A04,0,430.3,0.0,False,0,0
2025-04-01,A05,41,6448.0,0.0,False,0,1
2025-04-01,A06,2,8000.0,6022.0,False,0,2
2025-04-01,A07,68,1351.7,0.0,False,0,0
2025-04-01,A08,10,200.0,0.0,False,0,0
2025-04-01,A09,15,610.0,0.0,False,0,0
2025-04-01,A10,21,13291.0,0.0,False,0,3
2025-04-01,B01,0,320.0,0.0,False,0,0
2025-04-01,B02,29,1276.0,0.0,False,0,0
2025-04-01,B03,1,573.0,0.0,False,0,0
2025-04-01,B04,0,709.0,0.0,False,0,0
2025-04-01,B05,1,406.0,0.0,False,0,0
2025-04-01,B06,12,681.0,0.0,False,0,0
2025-04-01,B07,77,0.0,8915.0,False,77,0
2025-04-01,B08,0,1556.0,0.0,False,0,0
2025-04-01,B09,31,572.0,0.0,False,0,0
2025-04-01,B10,1,121.0,0.0,False,0,0
2025-04-01,B11,9,603.0,0.0,False,0,0
2025-04-01,B12,1,721.0,1111.0,False,0,0
2025-04-01,C01,0,0.0,68.0,False,0,0
2025-04-01,C02,26,594.0,0.0,False,0,0
2025-04-01,C03,1,120.0,0.0,False,0,0
2025-04-01,C04,0,470.0,0.0,False,0,0
2025-04-01,C05,0,308.0,0.0,False,0,0
2025-04-01,C06,10,413.4,0.0,False,0,0
2025-04-01,C07,0,468.0,0.0,False,0,0
2025-04-01,C08,0,75.0,0.0,False,0,0
2025-04-02,A01,71,1527.0,1090.0,False,0,0
2025-04-02,A02,9,3790.0,2468.0,False,0,1
2025-04-02,A03,0,603.0,0.0,False,0,0
2025-04-02,A04,0,494.0,0.0,False,0,0
2025-04-02,A05,117,6330.0,0.0,False,0,1
2025-04-02,A06,9,7989.0,6022.0,False,0,2
2025-04-02,A07,11,1478.0,0.0,False,0,0
2025-04-02,A08,2,198.0,0.0,False,0,0
2025-04-02,A09,1,609.0,0.0,False,0,0
2025-04-02,A10,16,13272.0,0.0,False,0,3
2025-04-02,B01,0,320.0,0.0,False,0,0
2025-04-02,B02,17,1259.0,0.0,False,0,0
2025-04-02,B03,0,573.0,0.0,False,0,0
2025-04-02,B04,2,707.0,0.0,False,0,0
2025-04-02,B05,0,406.0,0.0,False,0,0
2025-04-02,B06,15,708.2,0.0,False,0,0
2025-04-02,B07,173,0.0,8915.0,False,173,0
2025-04-02,B08,5,1351.6,2065.0,True,0,0
2025-04-02,B09,1,571.0,0.0,False,0,0
2025-04-02,B10,2,119.0,0.0,False,0,0
2025-04-02,B11,1,602.0,0.0,False,0,0
2025-04-02,B12,57,664.0,1111.0,False,0,0
2025-04-02,C01,0,0.0,68.0,False,0,0
2025-04-02,C02,0,594.0,0.0,False,0,0
2025-04-02,C03,1,119.0,0.0,False,0,0
2025-04-02,C04,1,469.0,0.0,False,0,0
2025-04-02,C05,2,306.0,0.0,False,0,0
2025-04-02,C06,2,396.0,0.0,False,0,0
2025-04-02,C07,1,467.0,0.0,False,0,0
2025-04-02,C08,0,75.0,0.0,False,0,0
2025-04-03,A01,34,1493.0,1090.0,False,0,0
2025-04-03,A02,178,3611.0,2468.0,False,0,1
2025-04-03,A03,13,590.0,0.0,False,0,0
2025-04-03,A04,8,486.0,0.0,False,0,0
2025-04-03,A05,19,6310.0,0.0,False,0,1
2025-04-03,A06,144,7843.0,6022.0,False,0,2
2025-04-03,A07,8,1470.0,0.0,False,0,0
2025-04-03,A08,16,161.2,0.0,False,0,0
2025-04-03,A09,5,604.0,0.0,False,0,0
2025-04-03,A10,85,13184.0,0.0,False,0,3
2025-04-03,B01,6,314.0,0.0,False,0,0
2025-04-03,B02,8,1251.0,0.0,False,0,0
2025-04-03,B03,3,516.3,0.0,False,0,0
2025-04-03,B04,1,706.0,0.0,False,0,0
2025-04-03,B05,0,406.0,0.0,False,0,0
2025-04-03,B06,11,655.0,0.0,False,0,0
2025-04-03,B07,24,0.0,8915.0,False,24,0
2025-04-03,B08,6,1545.0,2065.0,False,0,0
2025-04-03,B09,3,568.0,0.0,False,0,0
2025-04-03,B10,0,119.0,0.0,False,0,0
2025-04-03,B11,3,599.0,0.0,False,0,0
2025-04-03,B12,2,662.0,1111.0,False,0,0
2025-04-03,C01,0,0.0,68.0,False,0,0
2025-04-03,C02,1,593.0,0.0,False,0,0
2025-04-03,C03,0,119.0,0.0,False,0,0
2025-04-03,C04,1,468.0,0.0,False,0,0
2025-04-03,C05,0,306.0,0.0,False,0,0
2025-04-03,C06,12,384.0,0.0,False,0,0
2025-04-03,C07,6,461.0,0.0,False,0,0
2025-04-03,C08,0,75.0,0.0,False,0,0
2025-04-04,A01,140,1353.0,1090.0,False,0,0
2025-04-04,A02,98,3512.0,2468.0,False,0,1
2025-04-04,A03,8,582.0,0.0,False,0,0
2025-04-04,A04,1,485.0,0.0,False,0,0
2025-04-04,A05,30,6279.0,0.0,False,0,1
2025-04-04,A06,18,7823.0,6022.0,False,0,2
2025-04-04,A07,0,1470.0,0.0,False,0,0
2025-04-04,A08,1,162.5,0.0,False,0,0
2025-04-04,A09,8,596.0,0.0,False,0,0
2025-04-04,A10,296,12885.0,0.0,False,0,3
2025-04-04,B01,0,314.0,0.0,False,0,0
2025-04-04,B02,17,1234.0,0.0,False,0,0
2025-04-04,B03,1,563.7,0.0,False,0,0
2025-04-04,B04,4,702.0,0.0,False,0,0
2025-04-04,B05,0,406.0,0.0,False,0,0
2025-04-04,B06,3,652.0,0.0,False,0,0
2025-04-04,B07,55,0.0,8915.0,False,55,0
2025-04-04,B08,6,1539.0,2065.0,False,0,0
2025-04-04,B09,7,561.0,0.0,False,0,0
2025-04-04,B10,0,119.0,0.0,False,0,0
2025-04-04,B11,21,578.0,0.0,False,0,0
2025-04-04,B12,0,662.0,1111.0,False,0,0
2025-04-04,C01,1,0.0,68.0,False,1,0
2025-04-04,C02,1,592.0,0.0,False,0,0
2025-04-04,C03,0,135.8,0.0,False,0,0
2025-04-04,C04,7,499.9,0.0,False,0,0
2025-04-04,C05,0,306.0,0.0,False,0,0
2025-04-04,C06,1,383.0,0.0,False,0,0
2025-04-04,C07,5,456.0,0.0,False,0,0
2025-04-04,C08,0,75.0,0.0,False,0,0
2025-04-05,A01,0,1394.7,1090.0,False,0,0
2025-04-05,A02,48,3463.0,2468.0,False,0,1
2025-04-05,A03,0,582.0,0.0,False,0,0
2025-04-05,A04,6,452.0,0.0,False,0,0
2025-04-05,A05,41,6237.0,0.0,False,0,1
2025-04-05,A06,199,7622.0,6022.0,False,0,2
2025-04-05,A07,40,1430.0,0.0,False,0,0
2025-04-05,A08,14,144.6,0.0,False,0,0
2025-04-05,A09,0,596.0,0.0,False,0,0
2025-04-05,A10,4,12878.0,0.0,False,0,3
2025-04-05,B01,1,313.0,0.0,False,0,0
2025-04-05,B02,0,1234.0,0.0,False,0,0
2025-04-05,B03,1,568.0,0.0,False,0,0
2025-04-05,B04,4,698.0,0.0,False,0,0
2025-04-05,B05,1,412.5,0.0,False,0,0
2025-04-05,B06,17,635.0,0.0,False,0,0
2025-04-05,B07,28,0.0,8915.0,False,28,0
2025-04-05,B08,51,1488.0,2065.0,False,0,0
2025-04-05,B09,4,557.0,0.0,False,0,0
2025-04-05,B10,0,119.0,0.0,False,0,0
2025-04-05,B11,12,566.0,0.0,False,0,0
2025-04-05,B12,52,610.0,1111.0,False,0,0
2025-04-05,C01,0,0.0,68.0,False,0,0
2025-04-05,C02,0,592.0,0.0,False,0,0
2025-04-05,C03,0,133.8,0.0,False,0,0
2025-04-05,C04,0,461.0,0.0,False,0,0
2025-04-05,C05,3,303.0,0.0,False,0,0
2025-04-05,C06,1,382.0,0.0,False,0,0
2025-04-05,C07,2,454.0,0.0,False,0,0
2025-04-05,C08,0,75.0,0.0,False,0,0
2025-04-06,A01,0,1353.0,1090.0,False,0,0
2025-04-06,A02,19,3924.3,2468.0,False,0,1
2025-04-06,A03,9,573.0,0.0,False,0,0
2025-04-06,A04,3,476.0,0.0,False,0,0
2025-04-06,A05,59,6177.0,0.0,False,0,1
2025-04-06,A06,124,7496.0,6022.0,False,0,2
2025-04-06,A07,18,1412.0,0.0,False,0,0
2025-04-06,A08,1,166.0,0.0,False,0,0
2025-04-06,A09,5,591.0,0.0,False,0,0
2025-04-06,A10,76,12799.0,0.0,False,0,3
2025-04-06,B01,1,312.0,0.0,False,0,0
2025-04-06,B02,1,1049.9,0.0,False,0,0
2025-04-06,B03,1,494.1,0.0,False,0,0
2025-04-06,B04,0,698.0,0.0,False,0,0
2025-04-06,B05,2,437.8,0.0,False,0,0
2025-04-06,B06,18,617.0,0.0,False,0,0
2025-04-06,B07,27,0.0,8915.0,False,27,0
2025-04-06,B08,7,1519.8,2065.0,False,0,0
2025-04-06,B09,1,556.0,0.0,False,0,0
2025-04-06,B10,2,117.0,0.0,False,0,0
2025-04-06,B11,17,549.0,0.0,False,0,0
2025-04-06,B12,2,608.0,1111.0,False,0,0
2025-04-06,C01,0,0.0,68.0,False,0,0
2025-04-06,C02,5,587.0,0.0,False,0,0
2025-04-06,C03,0,119.0,0.0,False,0,0
2025-04-06,C04,3,458.0,0.0,False,0,0
2025-04-06,C05,3,300.0,0.0,False,0,0
2025-04-06,C06,0,382.0,0.0,False,0,0
2025-04-06,C07,3,451.0,0.0,False,0,0
2025-04-06,C08,0,75.0,0.0,False,0,0
2025-04-07,A01,38,1315.0,1090.0,False,0,0
2025-04-07,A02,88,3354.0,2468.0,False,0,1
2025-04-07,A03,31,542.0,784.0,True,0,0
2025-04-07,A04,0,476.0,0.0,False,0,0
2025-04-07,A05,67,6109.0,0.0,False,0,1
2025-04-07,A06,25,7469.0,6022.0,False,0,2
2025-04-07,A07,19,1393.0,0.0,False,0,0
2025-04-07,A08,2,164.0,0.0,False,0,0
2025-04-07,A09,3,588.0,0.0,False,0,0
2025-04-07,A10,64,12190.0,0.0,False,0,3
2025-04-07,B01,1,324.4,0.0,False,0,0
2025-04-07,B02,4,1229.0,0.0,False,0,0
2025-04-07,B03,4,563.0,0.0,False,0,0
2025-04-07,B04,1,697.0,0.0,False,0,0
2025-04-07,B05,1,377.4,0.0,False,0,0
2025-04-07,B06,0,617.0,0.0,False,0,0
2025-04-07,B07,241,0.0,8915.0,False,241,0
2025-04-07,B08,4,1477.0,2065.0,False,0,0
2025-04-07,B09,2,554.0,0.0,False,0,0
2025-04-07,B10,2,115.0,0.0,False,0,0
2025-04-07,B11,27,522.0,0.0,False,0,0
2025-04-07,B12,5,603.0,1111.0,False,0,0
2025-04-07,C01,1,0.0,68.0,False,1,0
2025-04-07,C02,0,587.0,0.0,False,0,0
2025-04-07,C03,0,119.0,0.0,False,0,0
2025-04-07,C04,3,455.0,0.0,False,0,0
2025-04-07,C05,2,298.0,0.0,False,0,0
2025-04-07,C06,4,378.0,0.0,False,0,0
2025-04-07,C07,2,449.0,0.0,False,0,0
2025-04-07,C08,0,65.3,0.0,False,0,0
2025-04-08,A01,16,1299.0,1090.0,False,0,0
2025-04-08,A02,66,3287.0,2468.0,False,0,1
2025-04-08,A03,5,537.0,784.0,False,0,0
2025-04-08,A04,0,476.0,0.0,False,0,0
2025-04-08,A05,217,5891.0,0.0,False,0,1
2025-04-08,A06,40,6799.2,6022.0,False,0,2
2025-04-08,A07,0,1393.0,0.0,False,0,0
2025-04-08,A08,41,123.0,0.0,False,0,0
2025-04-08,A09,5,583.0,0.0,False,0,0
2025-04-08,A10,481,12248.0,0.0,False,0,3
2025-04-08,B01,3,308.0,0.0,False,0,0
2025-04-08,B02,1,1228.0,0.0,False,0,0
2025-04-08,B03,2,561.0,0.0,False,0,0
2025-04-08,B04,18,679.0,0.0,False,0,0
2025-04-08,B05,0,402.0,0.0,False,0,0
2025-04-08,B06,3,614.0,0.0,False,0,0
2025-04-08,B07,132,0.0,8915.0,False,132,0
2025-04-08,B08,0,1477.0,2065.0,False,0,0
2025-04-08,B09,1,553.0,0.0,False,0,0
2025-04-08,B10,0,125.9,0.0,False,0,0
2025-04-08,B11,3,519.0,0.0,False,0,0
2025-04-08,B12,7,596.0,1111.0,False,0,0
2025-04-08,C01,1,0.0,68.0,False,1,0
2025-04-08,C02,0,587.0,0.0,False,0,0
2025-04-08,C03,0,119.0,0.0,False,0,0
2025-04-08,C04,1,454.0,0.0,False,0,0
2025-04-08,C05,1,297.0,0.0,False,0,0
2025-04-08,C06,0,378.0,0.0,False,0,0
2025-04-08,C07,3,446.0,0.0,False,0,0
2025-04-08,C08,0,75.0,0.0,False,0,0
2025-04-09,A01,15,1284.0,1090.0,False,0,0
2025-04-09,A02,15,3271.0,2468.0,False,0,1
2025-04-09,A03,5,532.0,784.0,False,0,0
2025-04-09,A04,0,476.0,0.0,False,0,0
2025-04-09,A05,142,5748.0,0.0,False,0,1
2025-04-09,A06,0,7143.4,6022.0,False,0,2
2025-04-09,A07,10,1383.0,0.0,False,0,0
2025-04-09,A08,0,123.0,0.0,False,0,0
2025-04-09,A09,0,583.0,0.0,False,0,0
2025-04-09,A10,66,12179.0,0.0,False,0,3
2025-04-09,B01,0,308.0,0.0,False,0,0
2025-04-09,B02,2,1226.0,0.0,False,0,0
2025-04-09,B03,0,561.0,0.0,False,0,0
2025-04-09,B04,0,679.0,0.0,False,0,0
2025-04-09,B05,1,401.0,0.0,False,0,0
2025-04-09,B06,6,608.0,0.0,False,0,0
2025-04-09,B07,69,0.0,8915.0,False,69,0
2025-04-09,B08,47,1430.0,2065.0,False,0,0
2025-04-09,B09,0,553.0,0.0,False,0,0
2025-04-09,B10,12,103.0,0.0,False,0,0
2025-04-09,B11,5,514.0,0.0,False,0,0
2025-04-09,B12,8,588.0,1111.0,False,0,0
2025-04-09,C01,0,0.0,68.0,False,0,0
2025-04-09,C02,7,580.0,0.0,False,0,0
2025-04-09,C03,1,118.0,0.0,False,0,0
2025-04-09,C04,1,453.0,0.0,False,0,0
2025-04-09,C05,0,297.0,0.0,False,0,0
2025-04-09,C06,10,368.0,0.0,False,0,0
2025-04-09,C07,0,474.7,0.0,False,0,0
2025-04-09,C08,2,73.0,0.0,False,0,0
2025-04-10,A01,7,1277.0,1090.0,False,0,0
2025-04-10,A02,77,3193.0,2468.0,False,0,1
2025-04-10,A03,0,532.0,784.0,False,0,0
2025-04-10,A04,0,476.0,0.0,False,0,0
2025-04-10,A05,17,4951.7,3610.0,True,0,1
2025-04-10,A06,1,7422.0,6022.0,False,0,2
2025-04-10,A07,6,1522.6,0.0,False,0,0
2025-04-10,A08,2,121.0,0.0,False,0,0
2025-04-10,A09,6,577.0,0.0,False,0,0
2025-04-10,A10,82,12095.0,0.0,False,0,2
2025-04-10,B01,1,307.0,0.0,False,0,0
2025-04-10,B02,5,1221.0,0.0,False,0,0
2025-04-10,B03,0,561.0,0.0,False,0,0
2025-04-10,B04,6,673.0,0.0,False,0,0
2025-04-10,B05,1,400.0,0.0,False,0,0
2025-04-10,B06,13,595.0,0.0,False,0,0
2025-04-10,B07,7,0.0,8915.0,False,7,0
2025-04-10,B08,23,1407.0,2065.0,False,0,0
2025-04-10,B09,0,553.0,0.0,False,0,0
2025-04-10,B10,9,103.9,0.0,False,0,0
2025-04-10,B11,3,511.0,0.0,False,0,0
2025-04-10,B12,3,585.0,1111.0,False,0,0
2025-04-10,C01,1,0.0,68.0,False,1,0
2025-04-10,C02,15,565.0,0.0,False,0,0
2025-04-10,C03,1,117.0,0.0,False,0,0
2025-04-10,C04,0,453.0,0.0,False,0,0
2025-04-10,C05,1,296.0,0.0,False,0,0
2025-04-10,C06,6,362.0,0.0,False,0,0
2025-04-10,C07,1,445.0,0.0,False,0,0
2025-04-10,C08,1,72.0,0.0,False,0,0
2025-04-11,A01,0,1277.0,1090.0,False,0,0
2025-04-11,A02,5,3187.0,2468.0,False,0,1
2025-04-11,A03,1,531.0,784.0,False,0,0
2025-04-11,A04,0,476.0,0.0,False,0,0
2025-04-11,A05,4,5725.0,3610.0,False,0,1
2025-04-11,A06,52,7368.0,6022.0,False,0,2
2025-04-11,A07,9,1368.0,0.0,False,0,0
2025-04-11,A08,1,120.0,0.0,False,0,0
2025-04-11,A09,4,573.0,0.0,False,0,0
2025-04-11,A10,594,11499.0,0.0,False,0,2
2025-04-11,B01,0,307.0,0.0,False,0,0
2025-04-11,B02,2,1219.0,0.0,False,0,0
2025-04-11,B03,20,541.0,0.0,False,0,0
2025-04-11,B04,7,666.0,0.0,False,0,0
2025-04-11,B05,0,400.0,0.0,False,0,0
2025-04-11,B06,1,594.0,0.0,False,0,0
2025-04-11,B07,0,0.0,8915.0,False,0,0
2025-04-11,B08,1,1406.0,2065.0,False,0,0
2025-04-11,B09,4,549.0,0.0,False,0,0
2025-04-11,B10,9,85.0,0.0,False,0,0
2025-04-11,B11,3,508.0,0.0,False,0,0
2025-04-11,B12,2,1694.0,0.0,False,0,0
2025-04-11,C01,0,0.0,68.0,False,0,0
2025-04-11,C02,4,561.0,0.0,False,0,0
2025-04-11,C03,0,117.0,0.0,False,0,0
2025-04-11,C04,0,453.0,0.0,False,0,0
2025-04-11,C05,5,251.8,0.0,False,0,0
2025-04-11,C06,3,359.0,0.0,False,0,0
2025-04-11,C07,5,440.0,0.0,False,0,0
2025-04-11,C08,0,72.0,0.0,False,0,0
2025-04-12,A01,13,1264.0,1090.0,False,0,0
2025-04-12,A02,6,3180.0,2468.0,False,0,1
2025-04-12,A03,0,531.0,784.0,False,0,0
2025-04-12,A04,0,476.0,0.0,False,0,0
2025-04-12,A05,8,5716.0,3610.0,False,0,1
2025-04-12,A06,71,7296.0,6022.0,False,0,1
2025-04-12,A07,21,1347.0,0.0,False,0,0
2025-04-12,A08,0,120.0,0.0,False,0,0
2025-04-12,A09,7,566.0,0.0,False,0,0
2025-04-12,A10,20,11477.0,0.0,False,0,2
2025-04-12,B01,11,296.0,0.0,False,0,0
2025-04-12,B02,3,1216.0,0.0,False,0,0
2025-04-12,B03,7,534.0,0.0,False,0,0
2025-04-12,B04,7,659.0,0.0,False,0,0
2025-04-12,B05,0,400.0,0.0,False,0,0
2025-04-12,B06,1,593.0,0.0,False,0,0
2025-04-12,B07,71,0.0,8915.0,False,71,0
2025-04-12,B08,3,1403.0,2065.0,False,0,0
2025-04-12,B09,0,495.1,668.0,True,0,0
2025-04-12,B10,2,83.0,0.0,False,0,0
2025-04-12,B11,7,501.0,0.0,False,0,0
2025-04-12,B12,15,1679.0,0.0,False,0,0
2025-04-12,C01,1,0.0,68.0,False,1,0
2025-04-12,C02,0,561.0,0.0,False,0,0
2025-04-12,C03,0,117.0,0.0,False,0,0
2025-04-12,C04,2,451.0,0.0,False,0,0
2025-04-12,C05,1,290.0,0.0,False,0,0
2025-04-12,C06,9,350.0,0.0,False,0,0
2025-04-12,C07,25,415.0,0.0,False,0,0
2025-04-12,C08,1,71.0,0.0,False,0,0
2025-04-13,A01,7,1257.0,1090.0,False,0,0
2025-04-13,A02,90,3089.0,2468.0,False,0,1
2025-04-13,A03,27,504.0,784.0,False,0,0
2025-04-13,A04,0,476.0,0.0,False,0,0
2025-04-13,A05,45,5670.0,3610.0,False,0,1
2025-04-13,A06,609,6291.9,6022.0,False,0,1
2025-04-13,A07,0,1269.8,0.0,False,0,0
2025-04-13,A08,7,113.0,0.0,False,0,0
2025-04-13,A09,0,566.0,0.0,False,0,0
2025-04-13,A10,486,10989.0,0.0,False,0,2
2025-04-13,B01,1,295.0,0.0,False,0,0
2025-04-13,B02,0,1216.0,0.0,False,0,0
2025-04-13,B03,0,534.0,0.0,False,0,0
2025-04-13,B04,0,659.0,0.0,False,0,0
2025-04-13,B05,2,398.0,0.0,False,0,0
2025-04-13,B06,12,581.0,0.0,False,0,0
2025-04-13,B07,83,0.0,8915.0,False,83,0
2025-04-13,B08,26,1377.0,2065.0,False,0,0
2025-04-13,B09,69,480.0,668.0,False,0,0
2025-04-13,B10,0,83.0,0.0,False,0,0
2025-04-13,B11,7,494.0,0.0,False,0,0
2025-04-13,B12,23,1656.0,0.0,False,0,0
2025-04-13,C01,0,0.0,68.0,False,0,0
2025-04-13,C02,3,585.9,0.0,False,0,0
2025-04-13,C03,0,117.0,0.0,False,0,0
2025-04-13,C04,4,447.0,0.0,False,0,0
2025-04-13,C05,1,283.9,0.0,False,0,0
2025-04-13,C06,1,349.0,0.0,False,0,0
2025-04-13,C07,4,454.7,0.0,False,0,0
2025-04-13,C08,0,71.0,0.0,False,0,0
2025-04-14,A01,8,1249.0,1090.0,False,0,0
2025-04-14,A02,4,3084.0,2468.0,False,0,1
2025-04-14,A03,10,423.0,784.0,False,0,0
2025-04-14,A04,1,475.0,0.0,False,0,0
2025-04-14,A05,2,5667.0,3610.0,False,0,1
2025-04-14,A06,1311,5723.4,6022.0,False,0,1
2025-04-14,A07,11,1336.0,0.0,False,0,0
2025-04-14,A08,3,110.0,0.0,False,0,0
2025-04-14,A09,4,562.0,0.0,False,0,0
2025-04-14,A10,158,10829.0,0.0,False,0,2
2025-04-14,B01,1,294.0,0.0,False,0,0
2025-04-14,B02,2,1214.0,0.0,False,0,0
2025-04-14,B03,4,530.0,0.0,False,0,0
2025-04-14,B04,0,659.0,0.0,False,0,0
2025-04-14,B05,0,426.2,0.0,False,0,0
2025-04-14,B06,12,569.0,0.0,False,0,0
2025-04-14,B07,221,0.0,8915.0,False,221,0
2025-04-14,B08,6,1371.0,2065.0,False,0,0
2025-04-14,B09,10,470.0,668.0,False,0,0
2025-04-14,B10,5,78.0,0.0,False,0,0
2025-04-14,B11,14,480.0,0.0,False,0,0
2025-04-14,B12,11,1645.0,0.0,False,0,0
2025-04-14,C01,3,0.0,68.0,False,3,0
2025-04-14,C02,22,536.0,0.0,False,0,0
2025-04-14,C03,1,116.0,0.0,False,0,0
2025-04-14,C04,4,443.0,0.0,False,0,0
2025-04-14,C05,0,289.0,0.0,False,0,0
2025-04-14,C06,0,349.0,0.0,False,0,0
2025-04-14,C07,5,406.0,0.0,False,0,0
2025-04-14,C08,1,70.0,0.0,False,0,0
2025-04-15,A01,0,1249.0,1090.0,False,0,0
2025-04-15,A02,8,3075.0,2468.0,False,0,1
2025-04-15,A03,15,479.0,784.0,False,0,0
2025-04-15,A04,1,474.0,0.0,False,0,0
2025-04-15,A05,77,5589.0,3610.0,False,0,1
2025-04-15,A06,253,5120.0,6022.0,False,0,1
2025-04-15,A07,2,1334.0,0.0,False,0,0
2025-04-15,A08,20,90.0,337.0,True,0,0
2025-04-15,A09,15,547.0,0.0,False,0,0
2025-04-15,A10,49,10778.0,0.0,False,0,2
2025-04-15,B01,1,293.0,0.0,False,0,0
2025-04-15,B02,22,1192.0,0.0,False,0,0
2025-04-15,B03,0,530.0,0.0,False,0,0
2025-04-15,B04,0,659.0,0.0,False,0,0
2025-04-15,B05,0,398.0,0.0,False,0,0
2025-04-15,B06,24,545.0,0.0,False,0,0
2025-04-15,B07,28,0.0,8915.0,False,28,0
2025-04-15,B08,4,1367.0,2065.0,False,0,0
2025-04-15,B09,1,469.0,668.0,False,0,0
2025-04-15,B10,4,74.0,0.0,False,0,0
2025-04-15,B11,1,479.0,0.0,False,0,0
2025-04-15,B12,0,1645.0,0.0,False,0,0
2025-04-15,C01,3,0.0,68.0,False,3,0
2025-04-15,C02,0,536.0,0.0,False,0,0
2025-04-15,C03,0,116.0,0.0,False,0,0
2025-04-15,C04,2,435.6,0.0,False,0,0
2025-04-15,C05,8,281.0,0.0,False,0,0
2025-04-15,C06,2,347.0,0.0,False,0,0
2025-04-15,C07,6,400.0,0.0,False,0,0
2025-04-15,C08,1,69.0,0.0,False,0,0
2025-04-16,A01,4,1245.0,1090.0,False,0,0
2025-04-16,A02,13,3061.0,2468.0,False,0,1
2025-04-16,A03,63,416.0,784.0,False,0,0
2025-04-16,A04,9,465.0,0.0,False,0,0
2025-04-16,A05,63,9134.0,0.0,False,0,2
2025-04-16,A06,47,5072.0,6022.0,False,0,1
2025-04-16,A07,1,1333.0,0.0,False,0,0
2025-04-16,A08,5,85.0,337.0,False,0,0
2025-04-16,A09,1,546.0,0.0,False,0,0
2025-04-16,A10,722,10054.0,0.0,False,0,2
2025-04-16,B01,2,291.0,0.0,False,0,0
2025-04-16,B02,112,1080.0,0.0,False,0,0
2025-04-16,B03,3,506.6,0.0,False,0,0
2025-04-16,B04,7,652.0,0.0,False,0,0
2025-04-16,B05,1,397.0,0.0,False,0,0
2025-04-16,B06,10,535.0,0.0,False,0,0
2025-04-16,B07,76,0.0,8915.0,False,76,0
2025-04-16,B08,43,1324.0,2065.0,False,0,0
2025-04-16,B09,0,496.8,668.0,False,0,0
2025-04-16,B10,0,63.6,222.0,True,0,0
2025-04-16,B11,9,470.0,0.0,False,0,0
2025-04-16,B12,11,1852.2,0.0,False,0,0
2025-04-16,C01,0,0.0,68.0,False,0,0
2025-04-16,C02,4,532.0,0.0,False,0,0
2025-04-16,C03,0,101.2,0.0,False,0,0
2025-04-16,C04,26,415.0,0.0,False,0,0
2025-04-16,C05,0,281.0,0.0,False,0,0
2025-04-16,C06,0,347.0,0.0,False,0,0
2025-04-16,C07,5,395.0,0.0,False,0,0
2025-04-16,C08,0,69.0,0.0,False,0,0
2025-04-17,A01,16,1229.0,1090.0,False,0,0
2025-04-17,A02,22,3038.0,2468.0,False,0,1
2025-04-17,A03,34,382.0,784.0,False,0,0
2025-04-17,A04,1,464.0,0.0,False,0,0
2025-04-17,A05,75,9057.0,0.0,False,0,2
2025-04-17,A06,89,4982.0,6022.0,False,0,1
2025-04-17,A07,5,1328.0,0.0,False,0,0
2025-04-17,A08,7,78.0,337.0,False,0,0
2025-04-17,A09,0,546.0,0.0,False,0,0
2025-04-17,A10,63,9711.3,0.0,False,0,2
2025-04-17,B01,3,288.0,0.0,False,0,0
2025-04-17,B02,13,1067.0,0.0,False,0,0
2025-04-17,B03,9,518.0,0.0,False,0,0
2025-04-17,B04,3,649.0,0.0,False,0,0
2025-04-17,B05,0,397.0,0.0,False,0,0
2025-04-17,B06,20,515.0,0.0,False,0,0
2025-04-17,B07,242,0.0,8915.0,False,242,0
2025-04-17,B08,3,1441.3,2065.0,False,0,0
2025-04-17,B09,1,468.0,668.0,False,0,0
2025-04-17,B10,10,64.0,222.0,False,0,0
2025-04-17,B11,4,466.0,0.0,False,0,0
2025-04-17,B12,1,1633.0,0.0,False,0,0
2025-04-17,C01,4,0.0,68.0,False,4,0
2025-04-17,C02,9,523.0,0.0,False,0,0
2025-04-17,C03,0,116.0,0.0,False,0,0
2025-04-17,C04,4,437.9,0.0,False,0,0
2025-04-17,C05,3,278.0,0.0,False,0,0
2025-04-17,C06,3,344.0,0.0,False,0,0
2025-04-17,C07,2,393.0,0.0,False,0,0
2025-04-17,C08,0,65.3,0.0,False,0,0
2025-04-18,A01,23,1206.0,1090.0,False,0,0
2025-04-18,A02,12,3025.0,2468.0,False,0,1
2025-04-18,A03,1,381.0,784.0,False,0,0
2025-04-18,A04,0,464.0,0.0,False,0,0
2025-04-18,A05,23,9032.0,0.0,False,0,2
2025-04-18,A06,0,5348.4,6022.0,False,0,1
2025-04-18,A07,11,1404.4,0.0,False,0,0
2025-04-18,A08,1,77.0,337.0,False,0,0
2025-04-18,A09,0,546.0,0.0,False,0,0
2025-04-18,A10,0,9987.0,0.0,False,0,2
2025-04-18,B01,7,281.0,0.0,False,0,0
2025-04-18,B02,1,1066.0,0.0,False,0,0
2025-04-18,B03,5,587.4,0.0,False,0,0
2025-04-18,B04,5,644.0,0.0,False,0,0
2025-04-18,B05,0,424.5,0.0,False,0,0
2025-04-18,B06,5,510.0,0.0,False,0,0
2025-04-18,B07,6,0.0,8915.0,False,6,0
2025-04-18,B08,18,1303.0,2065.0,False,0,0
2025-04-18,B09,14,454.0,668.0,False,0,0
2025-04-18,B10,6,58.0,222.0,False,0,0
2025-04-18,B11,7,459.0,0.0,False,0,0
2025-04-18,B12,3,1630.0,0.0,False,0,0
2025-04-18,C01,3,0.0,68.0,False,3,0
2025-04-18,C02,3,520.0,0.0,False,0,0
2025-04-18,C03,0,116.0,0.0,False,0,0
2025-04-18,C04,2,409.0,0.0,False,0,0
2025-04-18,C05,0,266.1,0.0,False,0,0
2025-04-18,C06,3,341.0,0.0,False,0,0
2025-04-18,C07,1,392.0,0.0,False,0,0
2025-04-18,C08,0,76.3,0.0,False,0,0
2025-04-19,A01,32,1265.0,1090.0,False,0,0
2025-04-19,A02,32,2992.0,2468.0,False,0,1
2025-04-19,A03,9,372.0,784.0,False,0,0
2025-04-19,A04,1,463.0,0.0,False,0,0
2025-04-19,A05,5,9263.9,0.0,False,0,2
2025-04-19,A06,35,4945.0,6022.0,False,0,1
2025-04-19,A07,11,1306.0,0.0,False,0,0
2025-04-19,A08,15,62.0,337.0,False,0,0
2025-04-19,A09,0,546.0,0.0,False,0,0
2025-04-19,A10,71,9914.0,0.0,False,0,2
2025-04-19,B01,0,281.0,0.0,False,0,0
2025-04-19,B02,30,991.2,0.0,False,0,0
2025-04-19,B03,3,510.0,0.0,False,0,0
2025-04-19,B04,6,638.0,0.0,False,0,0
2025-04-19,B05,1,396.0,0.0,False,0,0
2025-04-19,B06,31,479.0,0.0,False,0,0
2025-04-19,B07,49,0.0,8915.0,False,49,0
2025-04-19,B08,7,1296.0,2065.0,False,0,0
2025-04-19,B09,1,385.2,668.0,False,0,0
2025-04-19,B10,3,55.0,222.0,False,0,0
2025-04-19,B11,0,459.0,0.0,False,0,0
2025-04-19,B12,0,1630.0,0.0,False,0,0
2025-04-19,C01,0,0.0,68.0,False,0,0
2025-04-19,C02,1,519.0,0.0,False,0,0
2025-04-19,C03,0,116.0,0.0,False,0,0
2025-04-19,C04,1,408.0,0.0,False,0,0
2025-04-19,C05,0,278.0,0.0,False,0,0
2025-04-19,C06,0,341.0,0.0,False,0,0
2025-04-19,C07,8,384.0,0.0,False,0,0
2025-04-19,C08,0,69.0,0.0,False,0,0
2025-04-20,A01,2,1172.0,1090.0,False,0,0
2025-04-20,A02,9,2982.0,2468.0,False,0,1
2025-04-20,A03,31,341.0,784.0,False,0,0
2025-04-20,A04,1,462.0,0.0,False,0,0
2025-04-20,A05,47,8976.0,0.0,False,0,2
2025-04-20,A06,11,4933.0,6022.0,False,0,1
2025-04-20,A07,37,1269.0,0.0,False,0,0
2025-04-20,A08,0,60.3,337.0,False,0,0
2025-04-20,A09,5,541.0,0.0,False,0,0
2025-04-20,A10,325,9587.0,0.0,False,0,2
2025-04-20,B01,3,278.0,0.0,False,0,0
2025-04-20,B02,24,1012.0,0.0,False,0,0
2025-04-20,B03,16,494.0,0.0,False,0,0
2025-04-20,B04,0,638.0,0.0,False,0,0
2025-04-20,B05,0,396.0,0.0,False,0,0
2025-04-20,B06,0,479.0,0.0,False,0,0
2025-04-20,B07,111,0.0,8915.0,False,111,0
2025-04-20,B08,8,1288.0,2065.0,False,0,0
2025-04-20,B09,22,431.0,668.0,False,0,0
2025-04-20,B10,2,53.0,222.0,False,0,0
2025-04-20,B11,1,458.0,0.0,False,0,0
2025-04-20,B12,3,1627.0,0.0,False,0,0
2025-04-20,C01,0,0.0,68.0,False,0,0
2025-04-20,C02,6,513.0,0.0,False,0,0
2025-04-20,C03,1,115.0,0.0,False,0,0
2025-04-20,C04,4,404.0,0.0,False,0,0
2025-04-20,C05,3,275.0,0.0,False,0,0
2025-04-20,C06,0,341.0,0.0,False,0,0
2025-04-20,C07,0,384.0,0.0,False,0,0
2025-04-20,C08,0,69.0,0.0,False,0,0
2025-04-21,A01,37,1135.0,1090.0,False,0,0
2025-04-21,A02,429,2552.0,2468.0,False,0,1
2025-04-21,A03,1,340.0,784.0,False,0,0
2025-04-21,A04,4,458.0,0.0,False,0,0
2025-04-21,A05,6,8968.0,0.0,False,0,2
2025-04-21,A06,160,4772.0,11960.0,True,0,1
2025-04-21,A07,39,1230.0,0.0,False,0,0
2025-04-21,A08,6,56.0,337.0,False,0,0
2025-04-21,A09,19,522.0,0.0,False,0,0
2025-04-21,A10,22,9563.0,0.0,False,0,2
2025-04-21,B01,0,296.8,0.0,False,0,0
2025-04-21,B02,0,1012.0,0.0,False,0,0
2025-04-21,B03,4,490.0,0.0,False,0,0
2025-04-21,B04,3,635.0,0.0,False,0,0
2025-04-21,B05,0,396.0,0.0,False,0,0
2025-04-21,B06,11,468.0,0.0,False,0,0
2025-04-21,B07,30,0.0,8915.0,False,30,0
2025-04-21,B08,13,1275.0,2065.0,False,0,0
2025-04-21,B09,12,464.8,668.0,False,0,0
2025-04-21,B10,1,52.0,222.0,False,0,0
2025-04-21,B11,8,450.0,0.0,False,0,0
2025-04-21,B12,14,1466.5,0.0,False,0,0
2025-04-21,C01,0,0.0,68.0,False,0,0
2025-04-21,C02,0,513.0,0.0,False,0,0
2025-04-21,C03,0,115.0,0.0,False,0,0
2025-04-21,C04,8,396.0,0.0,False,0,0
2025-04-21,C05,0,275.0,0.0,False,0,0
2025-04-21,C06,2,339.0,0.0,False,0,0
2025-04-21,C07,7,377.0,0.0,False,0,0
2025-04-21,C08,1,68.0,0.0,False,0,0
2025-04-22,A01,23,1112.0,1090.0,False,0,0
2025-04-22,A02,106,2445.0,2468.0,False,0,1
2025-04-22,A03,3,336.3,784.0,False,0,0
2025-04-22,A04,0,458.0,0.0,False,0,0
2025-04-22,A05,8,8958.0,0.0,False,0,2
2025-04-22,A06,38,4733.0,11960.0,False,0,1
2025-04-22,A07,24,1206.0,0.0,False,0,0
2025-04-22,A08,9,47.0,337.0,False,0,0
2025-04-22,A09,4,518.0,0.0,False,0,0
2025-04-22,A10,598,8963.0,0.0,False,0,2
2025-04-22,B01,4,274.0,0.0,False,0,0
2025-04-22,B02,0,1012.0,0.0,False,0,0
2025-04-22,B03,7,483.0,0.0,False,0,0
2025-04-22,B04,14,621.0,0.0,False,0,0
2025-04-22,B05,0,428.3,0.0,False,0,0
2025-04-22,B06,7,391.9,0.0,False,0,0
2025-04-22,B07,44,8869.0,0.0,False,0,2
2025-04-22,B08,11,1264.0,2065.0,False,0,0
2025-04-22,B09,30,389.0,668.0,False,0,0
2025-04-22,B10,5,47.0,222.0,False,0,0
2025-04-22,B11,17,433.0,0.0,False,0,0
2025-04-22,B12,39,1574.0,0.0,False,0,0
2025-04-22,C01,3,0.0,68.0,False,3,0
2025-04-22,C02,0,513.0,0.0,False,0,0
2025-04-22,C03,0,115.0,0.0,False,0,0
2025-04-22,C04,8,388.0,0.0,False,0,0
2025-04-22,C05,0,275.0,0.0,False,0,0
2025-04-22,C06,1,338.0,0.0,False,0,0
2025-04-22,C07,2,375.0,0.0,False,0,0
2025-04-22,C08,2,66.0,0.0,False,0,0
2025-04-23,A01,5,1107.0,1090.0,False,0,0
2025-04-23,A02,12,2433.0,2468.0,False,0,0
2025-04-23,A03,10,327.0,784.0,False,0,0
2025-04-23,A04,1,457.0,0.0,False,0,0
2025-04-23,A05,194,10004.3,0.0,False,0,2
2025-04-23,A06,294,4438.0,11960.0,False,0,1
2025-04-23,A07,2,1204.0,0.0,False,0,0
2025-04-23,A08,1,46.0,337.0,False,0,0
2025-04-23,A09,3,515.0,0.0,False,0,0
2025-04-23,A10,23,8938.0,0.0,False,0,2
2025-04-23,B01,5,269.0,0.0,False,0,0
2025-04-23,B02,14,893.4,0.0,False,0,0
2025-04-23,B03,0,483.0,0.0,False,0,0
2025-04-23,B04,1,620.0,0.0,False,0,0
2025-04-23,B05,1,395.0,0.0,False,0,0
2025-04-23,B06,1,460.0,0.0,False,0,0
2025-04-23,B07,130,8914.8,0.0,False,0,2
2025-04-23,B08,2,1262.0,2065.0,False,0,0
2025-04-23,B09,0,389.0,668.0,False,0,0
2025-04-23,B10,1,46.0,222.0,False,0,0
2025-04-23,B11,4,429.0,0.0,False,0,0
2025-04-23,B12,4,1570.0,0.0,False,0,0
2025-04-23,C01,0,0.0,68.0,False,0,0
2025-04-23,C02,3,536.3,0.0,False,0,0
2025-04-23,C03,1,114.0,0.0,False,0,0
2025-04-23,C04,1,387.0,0.0,False,0,0
2025-04-23,C05,0,275.0,0.0,False,0,0
2025-04-23,C06,1,337.0,0.0,False,0,0
2025-04-23,C07,2,373.0,0.0,False,0,0
2025-04-23,C08,1,65.0,0.0,False,0,0
2025-04-24,A01,71,1036.0,1090.0,False,0,0
2025-04-24,A02,100,2333.0,2468.0,False,0,0
2025-04-24,A03,19,308.0,784.0,False,0,0
2025-04-24,A04,5,452.0,0.0,False,0,0
2025-04-24,A05,32,8728.0,0.0,False,0,2
2025-04-24,A06,49,4388.0,11960.0,False,0,1
2025-04-24,A07,7,1197.0,0.0,False,0,0
2025-04-24,A08,1,45.0,337.0,False,0,0
2025-04-24,A09,1,514.0,0.0,False,0,0
2025-04-24,A10,197,8739.0,0.0,False,0,2
2025-04-24,B01,1,268.0,0.0,False,0,0
2025-04-24,B02,2,996.0,0.0,False,0,0
2025-04-24,B03,5,478.0,0.0,False,0,0
2025-04-24,B04,0,620.0,0.0,False,0,0
2025-04-24,B05,1,394.0,0.0,False,0,0
2025-04-24,B06,12,448.0,0.0,False,0,0
2025-04-24,B07,8,8819.2,0.0,False,0,2
2025-04-24,B08,23,1239.0,2065.0,False,0,0
2025-04-24,B09,0,389.0,668.0,False,0,0
2025-04-24,B10,0,46.0,222.0,False,0,0
2025-04-24,B11,5,424.0,0.0,False,0,0
2025-04-24,B12,0,1570.0,0.0,False,0,0
2025-04-24,C01,0,0.0,68.0,False,0,0
2025-04-24,C02,2,508.0,0.0,False,0,0
2025-04-24,C03,0,114.0,0.0,False,0,0
2025-04-24,C04,5,382.0,0.0,False,0,0
2025-04-24,C05,0,275.0,0.0,False,0,0
2025-04-24,C06,0,337.0,0.0,False,0,0
2025-04-24,C07,0,373.0,0.0,False,0,0
2025-04-24,C08,0,65.0,0.0,False,0,0
2025-04-25,A01,3,1033.0,1090.0,False,0,0
2025-04-25,A02,113,2220.0,2468.0,False,0,0
2025-04-25,A03,22,286.0,784.0,False,0,0
2025-04-25,A04,0,452.0,0.0,False,0,0
2025-04-25,A05,57,8669.0,0.0,False,0,2
2025-04-25,A06,11,4376.0,11960.0,False,0,1
2025-04-25,A07,82,1115.0,0.0,False,0,0
2025-04-25,A08,5,40.0,337.0,False,0,0
2025-04-25,A09,17,497.0,0.0,False,0,0
2025-04-25,A10,48,9666.3,0.0,False,0,2
2025-04-25,B01,0,268.0,0.0,False,0,0
2025-04-25,B02,4,878.0,0.0,False,0,0
2025-04-25,B03,1,477.0,0.0,False,0,0
2025-04-25,B04,7,613.0,0.0,False,0,0
2025-04-25,B05,0,394.0,0.0,False,0,0
2025-04-25,B06,30,418.0,0.0,False,0,0
2025-04-25,B07,61,8664.0,0.0,False,0,2
2025-04-25,B08,5,1234.0,2065.0,False,0,0
2025-04-25,B09,14,375.0,668.0,False,0,0
2025-04-25,B10,1,45.0,222.0,False,0,0
2025-04-25,B11,22,402.0,0.0,False,0,0
2025-04-25,B12,5,1565.0,0.0,False,0,0
2025-04-25,C01,0,0.0,68.0,False,0,0
2025-04-25,C02,6,502.0,0.0,False,0,0
2025-04-25,C03,0,114.0,0.0,False,0,0
2025-04-25,C04,3,379.0,0.0,False,0,0
2025-04-25,C05,0,275.0,0.0,False,0,0
2025-04-25,C06,4,343.6,0.0,False,0,0
2025-04-25,C07,3,370.0,0.0,False,0,0
2025-04-25,C08,0,65.0,0.0,False,0,0
2025-04-26,A01,94,939.0,1090.0,False,0,0
2025-04-26,A02,6,2214.0,2468.0,False,0,0
2025-04-26,A03,25,261.0,784.0,False,0,0
2025-04-26,A04,0,452.0,0.0,False,0,0
2025-04-26,A05,0,8667.0,0.0,False,0,2
2025-04-26,A06,176,4199.0,11960.0,False,0,1
2025-04-26,A07,12,1103.0,0.0,False,0,0
2025-04-26,A08,0,40.0,337.0,False,0,0
2025-04-26,A09,10,487.0,0.0,False,0,0
2025-04-26,A10,190,8497.0,0.0,False,0,2
2025-04-26,B01,3,265.0,0.0,False,0,0
2025-04-26,B02,0,992.0,0.0,False,0,0
2025-04-26,B03,7,470.0,0.0,False,0,0
2025-04-26,B04,1,612.0,0.0,False,0,0
2025-04-26,B05,3,356.2,0.0,False,0,0
2025-04-26,B06,24,394.0,0.0,False,0,0
2025-04-26,B07,38,8624.0,0.0,False,0,2
2025-04-26,B08,5,1229.0,2065.0,False,0,0
2025-04-26,B09,5,370.0,668.0,False,0,0
2025-04-26,B10,1,44.0,222.0,False,0,0
2025-04-26,B11,0,402.0,0.0,False,0,0
2025-04-26,B12,3,1562.0,0.0,False,0,0
2025-04-26,C01,2,0.0,68.0,False,2,0
2025-04-26,C02,1,504.9,0.0,False,0,0
2025-04-26,C03,0,114.0,0.0,False,0,0
2025-04-26,C04,0,379.0,0.0,False,0,0
2025-04-26,C05,0,275.0,0.0,False,0,0
2025-04-26,C06,3,330.0,0.0,False,0,0
2025-04-26,C07,3,359.7,0.0,False,0,0
2025-04-26,C08,2,64.9,0.0,False,0,0
2025-04-27,A01,13,926.0,1090.0,False,0,0
2025-04-27,A02,132,2082.0,2468.0,False,0,0
2025-04-27,A03,4,257.0,784.0,False,0,0
2025-04-27,A04,0,452.0,0.0,False,0,0
2025-04-27,A05,9,8656.0,0.0,False,0,2
2025-04-27,A06,306,3892.0,11960.0,False,0,1
2025-04-27,A07,10,1093.0,0.0,False,0,0
2025-04-27,A08,1,39.0,337.0,False,0,0
2025-04-27,A09,7,480.0,0.0,False,0,0
2025-04-27,A10,162,8333.0,0.0,False,0,2
2025-04-27,B01,0,265.0,0.0,False,0,0
2025-04-27,B02,36,956.0,0.0,False,0,0
2025-04-27,B03,6,464.0,0.0,False,0,0
2025-04-27,B04,5,607.0,0.0,False,0,0
2025-04-27,B05,0,391.0,0.0,False,0,0
2025-04-27,B06,1,393.0,0.0,False,0,0
2025-04-27,B07,34,7317.3,0.0,False,0,2
2025-04-27,B08,8,1221.0,2065.0,False,0,0
2025-04-27,B09,11,359.0,668.0,False,0,0
2025-04-27,B10,3,41.0,222.0,False,0,0
2025-04-27,B11,0,402.0,0.0,False,0,0
2025-04-27,B12,18,1761.8,0.0,False,0,0
2025-04-27,C01,0,0.0,68.0,False,0,0
2025-04-27,C02,3,498.0,0.0,False,0,0
2025-04-27,C03,1,113.0,0.0,False,0,0
2025-04-27,C04,5,374.0,0.0,False,0,0
2025-04-27,C05,5,270.0,0.0,False,0,0
2025-04-27,C06,1,329.0,0.0,False,0,0
2025-04-27,C07,1,366.0,0.0,False,0,0
2025-04-27,C08,0,63.0,0.0,False,0,0
2025-04-28,A01,135,798.2,2205.0,True,0,0
2025-04-28,A02,73,2009.0,2468.0,False,0,0
2025-04-28,A03,13,244.0,784.0,False,0,0
2025-04-28,A04,0,496.8,0.0,False,0,0
2025-04-28,A05,97,8557.0,0.0,False,0,2
2025-04-28,A06,70,3821.0,11960.0,False,0,1
2025-04-28,A07,57,1036.0,0.0,False,0,0
2025-04-28,A08,7,32.0,337.0,False,0,0
2025-04-28,A09,7,472.4,0.0,False,0,0
2025-04-28,A10,10,8321.0,0.0,False,0,2
2025-04-28,B01,2,263.0,0.0,False,0,0
2025-04-28,B02,17,998.3,0.0,False,0,0
2025-04-28,B03,0,464.0,0.0,False,0,0
2025-04-28,B04,3,604.0,0.0,False,0,0
2025-04-28,B05,0,391.0,0.0,False,0,0
2025-04-28,B06,10,383.0,0.0,False,0,0
2025-04-28,B07,180,8406.0,0.0,False,0,2
2025-04-28,B08,3,1183.2,2065.0,False,0,0
2025-04-28,B09,5,354.0,668.0,False,0,0
2025-04-28,B10,3,38.0,222.0,False,0,0
2025-04-28,B11,3,399.0,0.0,False,0,0
2025-04-28,B12,23,1521.0,0.0,False,0,0
2025-04-28,C01,2,0.0,68.0,False,2,0
2025-04-28,C02,6,492.0,0.0,False,0,0
2025-04-28,C03,0,113.0,0.0,False,0,0
2025-04-28,C04,3,371.0,0.0,False,0,0
2025-04-28,C05,2,268.0,0.0,False,0,0
2025-04-28,C06,0,329.0,0.0,False,0,0
2025-04-28,C07,3,363.0,0.0,False,0,0
2025-04-28,C08,4,59.0,0.0,False,0,0
2025-04-29,A01,87,704.0,2205.0,False,0,0
2025-04-29,A02,13,2073.7,2468.0,False,0,0
2025-04-29,A03,17,227.0,784.0,False,0,0
2025-04-29,A04,23,429.0,0.0,False,0,0
2025-04-29,A05,65,8181.3,0.0,False,0,2
2025-04-29,A06,736,3084.0,11960.0,False,0,1
2025-04-29,A07,9,1027.0,0.0,False,0,0
2025-04-29,A08,0,30.4,337.0,False,0,0
2025-04-29,A09,1,472.0,0.0,False,0,0
2025-04-29,A10,391,7928.0,8021.0,True,0,2
2025-04-29,B01,3,260.0,0.0,False,0,0
2025-04-29,B02,25,914.0,0.0,False,0,0
2025-04-29,B03,8,456.0,0.0,False,0,0
2025-04-29,B04,6,598.0,0.0,False,0,0
2025-04-29,B05,0,391.0,0.0,False,0,0
2025-04-29,B06,4,379.0,0.0,False,0,0
2025-04-29,B07,37,8367.0,0.0,False,0,2
2025-04-29,B08,11,1207.0,2065.0,False,0,0
2025-04-29,B09,1,353.0,668.0,False,0,0
2025-04-29,B10,0,38.0,222.0,False,0,0
2025-04-29,B11,15,384.0,0.0,False,0,0
2025-04-29,B12,19,1502.0,0.0,False,0,0
2025-04-29,C01,0,0.0,68.0,False,0,0
2025-04-29,C02,11,481.0,0.0,False,0,0
2025-04-29,C03,0,113.0,0.0,False,0,0
2025-04-29,C04,1,370.0,0.0,False,0,0
2025-04-29,C05,2,266.0,0.0,False,0,0
2025-04-29,C06,6,323.0,0.0,False,0,0
2025-04-29,C07,7,356.0,0.0,False,0,0
2025-04-29,C08,3,56.0,0.0,False,0,0
2025-04-30,A01,1,703.0,2205.0,False,0,0
2025-04-30,A02,1,1995.0,2468.0,False,0,0
2025-04-30,A03,2,225.0,784.0,False,0,0
2025-04-30,A04,0,429.0,0.0,False,0,0
2025-04-30,A05,14,8474.0,0.0,False,0,2
2025-04-30,A06,280,2803.0,11960.0,False,0,1
2025-04-30,A07,4,1023.0,0.0,False,0,0
2025-04-30,A08,22,10.0,337.0,False,0,0
2025-04-30,A09,4,468.0,0.0,False,0,0
2025-04-30,A10,102,7824.0,8021.0,False,0,2
2025-04-30,B01,0,260.0,0.0,False,0,0
2025-04-30,B02,32,882.0,0.0,False,0,0
2025-04-30,B03,6,450.0,0.0,False,0,0
2025-04-30,B04,0,598.0,0.0,False,0,0
2025-04-30,B05,0,391.0,0.0,False,0,0
2025-04-30,B06,75,304.0,1156.0,True,0,0
2025-04-30,B07,31,8334.0,0.0,False,0,2
2025-04-30,B08,12,1195.0,2065.0,False,0,0
2025-04-30,B09,4,349.0,668.0,False,0,0
2025-04-30,B10,0,38.0,222.0,False,0,0
2025-04-30,B11,19,340.3,0.0,False,0,0
2025-04-30,B12,15,1487.0,0.0,False,0,0
2025-04-30,C01,0,0.0,68.0,False,0,0
2025-04-30,C02,4,477.0,0.0,False,0,0
2025-04-30,C03,1,113.4,0.0,False,0,0
2025-04-30,C04,0,389.5,0.0,False,0,0
2025-04-30,C05,0,266.0,0.0,False,0,0
2025-04-30,C06,0,323.0,0.0,False,0,0
2025-04-30,C07,0,356.0,0.0,False,0,0
2025-04-30,C08,0,56.0,0.0,False,0,0
2025-05-01,A01,21,682.0,2205.0,False,0,0
2025-05-01,A02,21,1974.0,2468.0,False,0,0
2025-05-01,A03,13,212.0,784.0,False,0,0
2025-05-01,A04,0,429.0,0.0,False,0,0
2025-05-01,A05,15,8457.0,0.0,False,0,2
2025-05-01,A06,412,2391.0,11960.0,False,0,0
2025-05-01,A07,96,843.9,872.0,True,0,0
2025-05-01,A08,11,0.0,337.0,False,1,0
2025-05-01,A09,1,467.0,0.0,False,0,0
2025-05-01,A10,4,7548.0,8021.0,False,0,2
2025-05-01,B01,9,251.0,0.0,False,0,0
2025-05-01,B02,0,882.0,0.0,False,0,0
2025-05-01,B03,7,443.0,0.0,False,0,0
2025-05-01,B04,2,664.5,0.0,False,0,0
2025-05-01,B05,1,390.0,0.0,False,0,0
2025-05-01,B06,21,283.0,1156.0,False,0,0
2025-05-01,B07,32,8300.0,0.0,False,0,2
2025-05-01,B08,21,1109.8,2065.0,False,0,0
2025-05-01,B09,1,348.0,668.0,False,0,0
2025-05-01,B10,0,34.3,222.0,False,0,0
2025-05-01,B11,69,296.0,0.0,False,0,0
2025-05-01,B12,1,1486.0,0.0,False,0,0
2025-05-01,C01,0,0.0,68.0,False,0,0
2025-05-01,C02,3,474.0,0.0,False,0,0
2025-05-01,C03,0,112.0,0.0,False,0,0
2025-05-01,C04,2,368.0,0.0,False,0,0
2025-05-01,C05,1,265.0,0.0,False,0,0
2025-05-01,C06,7,316.0,0.0,False,0,0
2025-05-01,C07,1,336.4,0.0,False,0,0
2025-05-01,C08,0,56.0,0.0,False,0,0
2025-05-02,A01,51,631.0,2205.0,False,0,0
2025-05-02,A02,1,1973.0,2468.0,False,0,0
2025-05-02,A03,3,209.0,784.0,False,0,0
2025-05-02,A04,3,426.0,0.0,False,0,0
2025-05-02,A05,60,8395.0,0.0,False,0,2
2025-05-02,A06,3,2388.0,11960.0,False,0,0
2025-05-02,A07,1,926.0,872.0,False,0,0
2025-05-02,A08,3,0.0,337.0,False,3,0
2025-05-02,A09,2,465.0,0.0,False,0,0
2025-05-02,A10,104,7712.0,8021.0,False,0,2
2025-05-02,B01,4,247.0,0.0,False,0,0
2025-05-02,B02,10,785.9,1630.0,True,0,0
2025-05-02,B03,4,407.8,0.0,False,0,0
2025-05-02,B04,0,596.0,0.0,False,0,0
2025-05-02,B05,2,342.6,0.0,False,0,0
2025-05-02,B06,26,257.0,1156.0,False,0,0
2025-05-02,B07,70,8228.0,0.0,False,0,2
2025-05-02,B08,67,1107.0,2065.0,False,0,0
2025-05-02,B09,0,348.0,668.0,False,0,0
2025-05-02,B10,1,37.0,222.0,False,0,0
2025-05-02,B11,2,256.5,952.0,True,0,0
2025-05-02,B12,0,1486.0,0.0,False,0,0
2025-05-02,C01,0,0.0,68.0,False,0,0
2025-05-02,C02,3,471.0,0.0,False,0,0
2025-05-02,C03,0,112.0,0.0,False,0,0
2025-05-02,C04,2,366.0,0.0,False,0,0
2025-05-02,C05,0,265.0,0.0,False,0,0
2025-05-02,C06,0,359.8,0.0,False,0,0
2025-05-02,C07,0,355.0,0.0,False,0,0
2025-05-02,C08,1,55.0,0.0,False,0,0
2025-05-03,A01,58,644.0,2205.0,False,0,0
2025-05-03,A02,64,1719.4,4928.0,True,0,0
2025-05-03,A03,3,206.0,784.0,False,0,0
2025-05-03,A04,1,425.0,0.0,False,0,0
2025-05-03,A05,33,8113.7,0.0,False,0,2
2025-05-03,A06,108,2280.0,11960.0,False,0,0
2025-05-03,A07,12,914.0,872.0,False,0,0
2025-05-03,A08,7,0.0,337.0,False,7,0
2025-05-03,A09,4,461.0,0.0,False,0,0
2025-05-03,A10,17,7693.0,8021.0,False,0,2
2025-05-03,B01,12,213.7,0.0,False,0,0
2025-05-03,B02,4,868.0,1630.0,False,0,0
2025-05-03,B03,49,390.0,0.0,False,0,0
2025-05-03,B04,1,595.0,0.0,False,0,0
2025-05-03,B05,0,388.0,0.0,False,0,0
2025-05-03,B06,27,230.0,1156.0,False,0,0
2025-05-03,B07,64,8162.0,0.0,False,0,2
2025-05-03,B08,31,1076.0,2065.0,False,0,0
2025-05-03,B09,13,305.4,668.0,False,0,0
2025-05-03,B10,1,34.8,222.0,False,0,0
2025-05-03,B11,51,243.0,952.0,False,0,0
2025-05-03,B12,13,1473.0,0.0,False,0,0
2025-05-03,C01,2,0.0,68.0,False,2,0
2025-05-03,C02,0,471.0,0.0,False,0,0
2025-05-03,C03,0,112.0,0.0,False,0,0
2025-05-03,C04,1,365.0,0.0,False,0,0
2025-05-03,C05,1,264.0,0.0,False,0,0
2025-05-03,C06,1,315.0,0.0,False,0,0
2025-05-03,C07,8,347.0,0.0,False,0,0
2025-05-03,C08,0,55.0,0.0,False,0,0
2025-05-04,A01,9,564.0,2205.0,False,0,0
2025-05-04,A02,12,1897.0,4928.0,False,0,0
2025-05-04,A03,3,203.0,784.0,False,0,0
2025-05-04,A04,0,464.4,0.0,False,0,0
2025-05-04,A05,148,8210.0,0.0,False,0,2
2025-05-04,A06,12,2268.0,11960.0,False,0,0
2025-05-04,A07,0,914.0,872.0,False,0,0
2025-05-04,A08,0,0.0,337.0,False,0,0
2025-05-04,A09,2,459.0,0.0,False,0,0
2025-05-04,A10,90,7926.4,8021.0,False,0,2
2025-05-04,B01,5,230.0,0.0,False,0,0
2025-05-04,B02,13,855.0,1630.0,False,0,0
2025-05-04,B03,1,389.0,0.0,False,0,0
2025-05-04,B04,12,583.0,0.0,False,0,0
2025-05-04,B05,0,388.0,0.0,False,0,0
2025-05-04,B06,13,217.0,1156.0,False,0,0
2025-05-04,B07,0,8160.0,0.0,False,0,2
2025-05-04,B08,1,1075.0,2065.0,False,0,0
2025-05-04,B09,1,334.0,668.0,False,0,0
2025-05-04,B10,4,32.0,222.0,False,0,0
2025-05-04,B11,0,243.0,952.0,False,0,0
2025-05-04,B12,11,1462.0,0.0,False,0,0
2025-05-04,C01,2,0.0,68.0,False,2,0
2025-05-04,C02,5,466.0,0.0,False,0,0
2025-05-04,C03,0,112.0,0.0,False,0,0
2025-05-04,C04,2,363.0,0.0,False,0,0
2025-05-04,C05,0,264.0,0.0,False,0,0
2025-05-04,C06,1,356.2,0.0,False,0,0
2025-05-04,C07,2,345.0,0.0,False,0,0
2025-05-04,C08,3,52.0,0.0,False,0,0
2025-05-05,A01,134,1755.2,1090.0,False,0,0
2025-05-05,A02,45,1852.0,4928.0,False,0,0
2025-05-05,A03,28,168.6,784.0,False,0,0
2025-05-05,A04,5,420.0,0.0,False,0,0
2025-05-05,A05,1,8207.0,0.0,False,0,2
2025-05-05,A06,217,2051.0,11960.0,False,0,0
2025-05-05,A07,25,889.0,872.0,False,0,0
2025-05-05,A08,0,0.0,337.0,False,0,0
2025-05-05,A09,10,449.0,0.0,False,0,0
2025-05-05,A10,99,7500.0,8021.0,False,0,2
2025-05-05,B01,8,222.0,0.0,False,0,0
2025-05-05,B02,9,846.0,1630.0,False,0,0
2025-05-05,B03,5,384.0,0.0,False,0,0
2025-05-05,B04,0,583.0,0.0,False,0,0
2025-05-05,B05,0,388.0,0.0,False,0,0
2025-05-05,B06,0,217.0,1156.0,False,0,0
2025-05-05,B07,88,8070.0,0.0,False,0,2
2025-05-05,B08,27,980.0,2065.0,False,0,0
2025-05-05,B09,4,330.0,668.0,False,0,0
2025-05-05,B10,1,31.0,222.0,False,0,0
2025-05-05,B11,2,241.0,952.0,False,0,0
2025-05-05,B12,36,1426.0,0.0,False,0,0
2025-05-05,C01,0,0.0,68.0,False,0,0
2025-05-05,C02,8,458.0,0.0,False,0,0
2025-05-05,C03,0,112.0,0.0,False,0,0
2025-05-05,C04,9,354.0,0.0,False,0,0
2025-05-05,C05,0,264.0,0.0,False,0,0
2025-05-05,C06,2,312.0,0.0,False,0,0
2025-05-05,C07,1,344.0,0.0,False,0,0
2025-05-05,C08,0,52.0,0.0,False,0,0
2025-05-06,A01,34,1336.8,1090.0,False,0,0
2025-05-06,A02,1,1851.0,4928.0,False,0,0
2025-05-06,A03,0,175.0,784.0,False,0,0
2025-05-06,A04,0,420.0,0.0,False,0,0
2025-05-06,A05,0,8205.0,0.0,False,0,2
2025-05-06,A06,450,1601.0,11960.0,False,0,0
2025-05-06,A07,39,850.0,872.0,False,0,0
2025-05-06,A08,17,0.0,337.0,False,17,0
2025-05-06,A09,0,449.0,0.0,False,0,0
2025-05-06,A10,447,7052.0,8021.0,False,0,1
2025-05-06,B01,1,235.4,0.0,False,0,0
2025-05-06,B02,0,846.0,1630.0,False,0,0
2025-05-06,B03,8,376.0,0.0,False,0,0
2025-05-06,B04,7,576.0,0.0,False,0,0
2025-05-06,B05,0,388.0,0.0,False,0,0
2025-05-06,B06,1,216.0,1156.0,False,0,0
2025-05-06,B07,68,8000.0,0.0,False,0,2
2025-05-06,B08,69,979.0,2065.0,False,0,0
2025-05-06,B09,2,328.0,668.0,False,0,0
2025-05-06,B10,0,31.0,222.0,False,0,0
2025-05-06,B11,12,229.0,952.0,False,0,0
2025-05-06,B12,19,1407.0,0.0,False,0,0
2025-05-06,C01,0,0.0,68.0,False,0,0
2025-05-06,C02,12,446.0,0.0,False,0,0
2025-05-06,C03,1,111.0,0.0,False,0,0
2025-05-06,C04,1,353.0,0.0,False,0,0
2025-05-06,C05,1,263.0,0.0,False,0,0
2025-05-06,C06,2,310.0,0.0,False,0,0
2025-05-06,C07,1,343.0,0.0,False,0,0
2025-05-06,C08,0,52.0,0.0,False,0,0
2025-05-07,A01,7,1504.0,1090.0,False,0,0
2025-05-07,A02,333,1518.0,4928.0,False,0,0
2025-05-07,A03,3,172.0,784.0,False,0,0
2025-05-07,A04,0,397.4,0.0,False,0,0
2025-05-07,A05,68,8135.0,0.0,False,0,2
2025-05-07,A06,251,1375.2,11960.0,False,0,0
2025-05-07,A07,7,843.0,872.0,False,0,0
2025-05-07,A08,37,0.0,337.0,False,37,0
2025-05-07,A09,1,448.0,0.0,False,0,0
2025-05-07,A10,9,7042.0,8021.0,False,0,1
2025-05-07,B01,1,220.0,0.0,False,0,0
2025-05-07,B02,2,844.0,1630.0,False,0,0
2025-05-07,B03,8,368.0,0.0,False,0,0
2025-05-07,B04,1,575.0,0.0,False,0,0
2025-05-07,B05,0,388.0,0.0,False,0,0
2025-05-07,B06,3,213.0,1156.0,False,0,0
2025-05-07,B07,4,7994.0,0.0,False,0,2
2025-05-07,B08,14,965.0,2065.0,False,0,0
2025-05-07,B09,7,335.2,668.0,False,0,0
2025-05-07,B10,4,27.0,222.0,False,0,0
2025-05-07,B11,9,220.0,952.0,False,0,0
2025-05-07,B12,21,1386.0,0.0,False,0,0
2025-05-07,C01,0,0.0,68.0,False,0,0
2025-05-07,C02,1,445.0,0.0,False,0,0
2025-05-07,C03,0,111.5,0.0,False,0,0
2025-05-07,C04,0,353.0,0.0,False,0,0
2025-05-07,C05,1,262.0,0.0,False,0,0
2025-05-07,C06,1,272.8,0.0,False,0,0
2025-05-07,C07,0,343.0,0.0,False,0,0
2025-05-07,C08,0,52.0,0.0,False,0,0
2025-05-08,A01,14,1490.0,1090.0,False,0,0
2025-05-08,A02,6,1512.0,4928.0,False,0,0
2025-05-08,A03,3,169.0,784.0,False,0,0
2025-05-08,A04,4,416.0,0.0,False,0,0
2025-05-08,A05,12,8121.0,0.0,False,0,2
2025-05-08,A06,67,1283.0,11960.0,False,0,0
2025-05-08,A07,11,832.0,872.0,False,0,0
2025-05-08,A08,0,0.0,337.0,False,0,0
2025-05-08,A09,0,448.0,0.0,False,0,0
2025-05-08,A10,1230,5811.0,8021.0,False,0,1
2025-05-08,B01,7,213.0,0.0,False,0,0
2025-05-08,B02,45,799.0,1630.0,False,0,0
2025-05-08,B03,1,367.0,0.0,False,0,0
2025-05-08,B04,5,570.0,0.0,False,0,0
2025-05-08,B05,0,371.7,0.0,False,0,0
2025-05-08,B06,53,160.0,1156.0,False,0,0
2025-05-08,B07,15,7977.0,0.0,False,0,2
2025-05-08,B08,10,955.0,2065.0,False,0,0
2025-05-08,B09,33,288.0,668.0,False,0,0
2025-05-08,B10,1,26.0,222.0,False,0,0
2025-05-08,B11,13,234.0,952.0,False,0,0
2025-05-08,B12,13,1502.6,0.0,False,0,0
2025-05-08,C01,0,0.0,68.0,False,0,0
2025-05-08,C02,5,440.0,0.0,False,0,0
2025-05-08,C03,0,111.0,0.0,False,0,0
2025-05-08,C04,2,351.0,0.0,False,0,0
2025-05-08,C05,7,244.2,0.0,False,0,0
2025-05-08,C06,0,309.0,0.0,False,0,0
2025-05-08,C07,1,342.0,0.0,False,0,0
2025-05-08,C08,0,52.0,0.0,False,0,0
2025-05-09,A01,4,1486.0,1090.0,False,0,0
2025-05-09,A02,169,1343.0,4928.0,False,0,0
2025-05-09,A03,5,164.0,784.0,False,0,0
2025-05-09,A04,4,470.5,0.0,False,0,0
2025-05-09,A05,115,8004.0,0.0,False,0,2
2025-05-09,A06,833,450.0,11960.0,False,0,0
2025-05-09,A07,2,830.0,872.0,False,0,0
2025-05-09,A08,8,0.0,337.0,False,8,0
2025-05-09,A09,2,446.0,0.0,False,0,0
2025-05-09,A10,42,5768.0,8021.0,False,0,1
2025-05-09,B01,1,212.0,0.0,False,0,0
2025-05-09,B02,4,795.0,1630.0,False,0,0
2025-05-09,B03,1,366.0,0.0,False,0,0
2025-05-09,B04,1,569.0,0.0,False,0,0
2025-05-09,B05,1,387.0,0.0,False,0,0
2025-05-09,B06,1,159.0,1156.0,False,0,0
2025-05-09,B07,11,7964.0,0.0,False,0,2
2025-05-09,B08,90,865.0,2065.0,False,0,0
2025-05-09,B09,5,291.3,668.0,False,0,0
2025-05-09,B10,4,22.0,222.0,False,0,0
2025-05-09,B11,0,207.0,952.0,False,0,0
2025-05-09,B12,29,1344.0,0.0,False,0,0
2025-05-09,C01,0,0.0,68.0,False,0,0
2025-05-09,C02,4,436.0,0.0,False,0,0
2025-05-09,C03,0,111.0,0.0,False,0,0
2025-05-09,C04,0,351.0,0.0,False,0,0
2025-05-09,C05,1,254.0,0.0,False,0,0
2025-05-09,C06,0,309.0,0.0,False,0,0
2025-05-09,C07,9,333.0,0.0,False,0,0
2025-05-09,C08,0,52.0,0.0,False,0,0
2025-05-10,A01,5,1620.6,1090.0,False,0,0
2025-05-10,A02,251,1092.0,4928.0,False,0,0
2025-05-10,A03,3,161.0,784.0,False,0,0
2025-05-10,A04,0,412.0,0.0,False,0,0
2025-05-10,A05,23,7979.0,0.0,False,0,2
2025-05-10,A06,25,425.0,11960.0,False,0,0
2025-05-10,A07,20,810.0,872.0,False,0,0
2025-05-10,A08,8,0.0,337.0,False,8,0
2025-05-10,A09,0,446.0,0.0,False,0,0
2025-05-10,A10,24,5743.0,8021.0,False,0,1
2025-05-10,B01,1,211.0,0.0,False,0,0
2025-05-10,B02,40,755.0,1630.0,False,0,0
2025-05-10,B03,6,360.0,749.0,True,0,0
2025-05-10,B04,8,593.2,0.0,False,0,0
2025-05-10,B05,0,387.0,0.0,False,0,0
2025-05-10,B06,51,108.0,1156.0,False,0,0
2025-05-10,B07,133,7829.0,0.0,False,0,2
2025-05-10,B08,58,807.0,2065.0,False,0,0
2025-05-10,B09,2,281.0,668.0,False,0,0
2025-05-10,B10,3,19.0,222.0,False,0,0
2025-05-10,B11,0,207.0,952.0,False,0,0
2025-05-10,B12,4,1340.0,0.0,False,0,0
2025-05-10,C01,4,0.0,68.0,False,4,0
2025-05-10,C02,2,434.0,0.0,False,0,0
2025-05-10,C03,0,111.0,0.0,False,0,0
2025-05-10,C04,4,347.0,0.0,False,0,0
2025-05-10,C05,1,253.0,0.0,False,0,0
2025-05-10,C06,4,273.9,0.0,False,0,0
2025-05-10,C07,16,343.7,0.0,False,0,0
2025-05-10,C08,1,51.0,0.0,False,0,0
2025-05-11,A01,37,1444.0,1090.0,False,0,0
2025-05-11,A02,41,1051.0,4928.0,False,0,0
2025-05-11,A03,11,149.3,784.0,False,0,0
2025-05-11,A04,0,412.0,0.0,False,0,0
2025-05-11,A05,370,7607.0,0.0,False,0,2
2025-05-11,A06,117,308.0,11960.0,False,0,0
2025-05-11,A07,16,794.0,872.0,False,0,0
2025-05-11,A08,5,0.0,337.0,False,5,0
2025-05-11,A09,14,432.0,662.0,True,0,0
2025-05-11,A10,26,5716.0,8021.0,False,0,1
2025-05-11,B01,0,211.0,0.0,False,0,0
2025-05-11,B02,13,767.2,1630.0,False,0,0
2025-05-11,B03,0,360.0,749.0,False,0,0
2025-05-11,B04,4,549.0,0.0,False,0,0
2025-05-11,B05,0,387.0,0.0,False,0,0
2025-05-11,B06,25,83.0,1156.0,False,0,0
2025-05-11,B07,498,7329.0,0.0,False,0,2
2025-05-11,B08,9,798.0,2065.0,False,0,0
2025-05-11,B09,0,251.1,668.0,False,0,0
2025-05-11,B10,0,19.0,222.0,False,0,0
2025-05-11,B11,0,207.0,952.0,False,0,0
2025-05-11,B12,18,1162.4,0.0,False,0,0
2025-05-11,C01,3,0.0,68.0,False,3,0
2025-05-11,C02,17,417.0,0.0,False,0,0
2025-05-11,C03,0,111.0,0.0,False,0,0
2025-05-11,C04,6,383.4,0.0,False,0,0
2025-05-11,C05,0,269.7,0.0,False,0,0
2025-05-11,C06,0,305.0,0.0,False,0,0
2025-05-11,C07,2,315.0,0.0,False,0,0
2025-05-11,C08,0,51.0,0.0,False,0,0
2025-05-12,A01,0,1444.0,1090.0,False,0,0
2025-05-12,A02,58,993.0,4928.0,False,0,0
2025-05-12,A03,5,145.0,784.0,False,0,0
2025-05-12,A04,0,412.0,0.0,False,0,0
2025-05-12,A05,0,7605.0,0.0,False,0,2
2025-05-12,A06,249,59.0,11960.0,False,0,0
2025-05-12,A07,4,790.0,872.0,False,0,0
2025-05-12,A08,1,0.0,337.0,False,1,0
2025-05-12,A09,4,448.7,662.0,False,0,0
2025-05-12,A10,331,5821.6,8021.0,False,0,1
2025-05-12,B01,11,200.0,0.0,False,0,0
2025-05-12,B02,10,732.0,1630.0,False,0,0
2025-05-12,B03,0,373.4,749.0,False,0,0
2025-05-12,B04,0,557.0,0.0,False,0,0
2025-05-12,B05,1,389.9,0.0,False,0,0
2025-05-12,B06,8,75.0,1156.0,False,0,0
2025-05-12,B07,22,7146.0,0.0,False,0,2
2025-05-12,B08,10,788.0,2065.0,False,0,0
2025-05-12,B09,0,281.0,668.0,False,0,0
2025-05-12,B10,6,13.0,222.0,False,0,0
2025-05-12,B11,38,169.0,952.0,False,0,0
2025-05-12,B12,46,1276.0,0.0,False,0,0
2025-05-12,C01,1,0.0,68.0,False,1,0
2025-05-12,C02,0,417.0,0.0,False,0,0
2025-05-12,C03,0,111.0,0.0,False,0,0
2025-05-12,C04,0,367.4,0.0,False,0,0
2025-05-12,C05,0,253.0,0.0,False,0,0
2025-05-12,C06,4,301.0,0.0,False,0,0
2025-05-12,C07,0,315.0,0.0,False,0,0
2025-05-12,C08,0,45.2,0.0,False,0,0
2025-05-13,A01,28,1416.0,1090.0,False,0,0
2025-05-13,A02,4,989.0,4928.0,False,0,0
2025-05-13,A03,0,145.0,784.0,False,0,0
2025-05-13,A04,6,412.2,0.0,False,0,0
2025-05-13,A05,96,7507.0,0.0,False,0,2
2025-05-13,A06,366,0.0,11960.0,False,307,0
2025-05-13,A07,0,790.0,872.0,False,0,0
2025-05-13,A08,14,0.0,337.0,False,14,0
2025-05-13,A09,5,423.0,662.0,False,0,0
2025-05-13,A10,98,5469.5,8021.0,False,0,1
2025-05-13,B01,4,196.0,0.0,False,0,0
2025-05-13,B02,4,728.0,1630.0,False,0,0
2025-05-13,B03,12,348.0,749.0,False,0,0
2025-05-13,B04,3,554.0,0.0,False,0,0
2025-05-13,B05,1,385.0,0.0,False,0,0
2025-05-13,B06,0,75.0,1156.0,False,0,0
2025-05-13,B07,135,7169.0,0.0,False,0,1
2025-05-13,B08,18,770.0,2065.0,False,0,0
2025-05-13,B09,1,280.0,668.0,False,0,0
2025-05-13,B10,2,11.0,222.0,False,0,0
2025-05-13,B11,22,161.1,952.0,False,0,0
2025-05-13,B12,91,1185.0,0.0,False,0,0
2025-05-13,C01,4,0.0,68.0,False,4,0
2025-05-13,C02,2,415.0,0.0,False,0,0
2025-05-13,C03,3,109.8,0.0,False,0,0
2025-05-13,C04,3,338.0,0.0,False,0,0
2025-05-13,C05,0,224.8,0.0,False,0,0
2025-05-13,C06,1,300.0,0.0,False,0,0
2025-05-13,C07,4,311.0,0.0,False,0,0
2025-05-13,C08,0,51.0,0.0,False,0,0
2025-05-14,A01,79,1337.0,1090.0,False,0,0
2025-05-14,A02,59,930.0,4928.0,False,0,0
2025-05-14,A03,16,129.0,784.0,False,0,0
2025-05-14,A04,4,402.0,0.0,False,0,0
2025-05-14,A05,10,7495.0,0.0,False,0,2
2025-05-14,A06,74,5947.0,5938.0,False,0,1
2025-05-14,A07,25,765.0,872.0,False,0,0
2025-05-14,A08,0,0.0,337.0,False,0,0
2025-05-14,A09,10,413.0,662.0,False,0,0
2025-05-14,A10,73,5116.4,8021.0,False,0,1
2025-05-14,B01,0,196.0,0.0,False,0,0
2025-05-14,B02,13,715.0,1630.0,False,0,0
2025-05-14,B03,0,348.0,749.0,False,0,0
2025-05-14,B04,15,539.0,0.0,False,0,0
2025-05-14,B05,0,385.0,0.0,False,0,0
2025-05-14,B06,8,67.0,1156.0,False,0,0
2025-05-14,B07,1,7167.0,0.0,False,0,1
2025-05-14,B08,63,707.0,2065.0,False,0,0
2025-05-14,B09,1,279.0,668.0,False,0,0
2025-05-14,B10,1,10.2,222.0,False,0,0
2025-05-14,B11,19,128.0,952.0,False,0,0
2025-05-14,B12,1,1184.0,0.0,False,0,0
2025-05-14,C01,0,0.0,68.0,False,0,0
2025-05-14,C02,1,414.0,0.0,False,0,0
2025-05-14,C03,0,108.0,0.0,False,0,0
2025-05-14,C04,7,331.0,0.0,False,0,0
2025-05-14,C05,7,246.0,0.0,False,0,0
2025-05-14,C06,0,300.0,0.0,False,0,0
2025-05-14,C07,3,308.0,0.0,False,0,0
2025-05-14,C08,0,51.0,0.0,False,0,0
2025-05-15,A01,0,1337.0,1090.0,False,0,0
2025-05-15,A02,6,924.0,4928.0,False,0,0
2025-05-15,A03,4,125.0,784.0,False,0,0
2025-05-15,A04,5,397.0,0.0,False,0,0
2025-05-15,A05,117,7376.0,0.0,False,0,2
2025-05-15,A06,176,5770.0,5938.0,False,0,1
2025-05-15,A07,2,763.0,872.0,False,0,0
2025-05-15,A08,22,0.0,337.0,False,22,0
2025-05-15,A09,12,401.0,662.0,False,0,0
2025-05-15,A10,179,5031.0,8021.0,False,0,1
2025-05-15,B01,3,189.7,0.0,False,0,0
2025-05-15,B02,2,786.5,1630.0,False,0,0
2025-05-15,B03,31,317.0,749.0,False,0,0
2025-05-15,B04,3,536.0,0.0,False,0,0
2025-05-15,B05,0,385.0,0.0,False,0,0
2025-05-15,B06,0,67.0,1156.0,False,0,0
2025-05-15,B07,57,8169.0,0.0,False,0,1
2025-05-15,B08,17,690.0,2065.0,False,0,0
2025-05-15,B09,3,276.0,668.0,False,0,0
2025-05-15,B10,6,4.0,222.0,False,0,0
2025-05-15,B11,10,118.0,952.0,False,0,0
2025-05-15,B12,47,1137.0,0.0,False,0,0
2025-05-15,C01,0,0.0,68.0,False,0,0
2025-05-15,C02,0,414.0,0.0,False,0,0
2025-05-15,C03,0,108.0,0.0,False,0,0
2025-05-15,C04,3,324.3,0.0,False,0,0
2025-05-15,C05,1,245.0,0.0,False,0,0
2025-05-15,C06,2,298.0,0.0,False,0,0
2025-05-15,C07,9,299.0,0.0,False,0,0
2025-05-15,C08,4,47.0,0.0,False,0,0
2025-05-16,A01,0,1485.8,1090.0,False,0,0
2025-05-16,A02,34,890.0,4928.0,False,0,0
2025-05-16,A03,21,104.0,784.0,False,0,0
2025-05-16,A04,2,395.0,0.0,False,0,0
2025-05-16,A05,110,7265.0,0.0,False,0,1
2025-05-16,A06,185,5584.0,5938.0,False,0,1
2025-05-16,A07,23,740.0,872.0,False,0,0
2025-05-16,A08,9,328.0,0.0,False,0,0
2025-05-16,A09,16,385.0,662.0,False,0,0
2025-05-16,A10,7,5023.0,8021.0,False,0,1
2025-05-16,B01,3,190.0,0.0,False,0,0
2025-05-16,B02,16,697.0,1630.0,False,0,0
2025-05-16,B03,0,288.2,749.0,False,0,0
2025-05-16,B04,5,531.0,0.0,False,0,0
2025-05-16,B05,0,376.8,0.0,False,0,0
2025-05-16,B06,2,65.0,1156.0,False,0,0
2025-05-16,B07,67,7041.0,0.0,False,0,1
2025-05-16,B08,0,690.0,2065.0,False,0,0
2025-05-16,B09,2,274.0,668.0,False,0,0
2025-05-16,B10,4,0.0,222.0,False,0,0
2025-05-16,B11,9,109.0,952.0,False,0,0
2025-05-16,B12,8,1177.4,0.0,False,0,0
2025-05-16,C01,4,0.0,68.0,False,4,0
2025-05-16,C02,2,412.0,0.0,False,0,0
2025-05-16,C03,0,108.0,0.0,False,0,0
2025-05-16,C04,6,322.0,0.0,False,0,0
2025-05-16,C05,0,245.0,0.0,False,0,0
2025-05-16,C06,4,294.0,0.0,False,0,0
2025-05-16,C07,1,298.0,0.0,False,0,0
2025-05-16,C08,1,46.0,0.0,False,0,0
2025-05-17,A01,18,1319.0,1090.0,False,0,0
2025-05-17,A02,72,818.0,4928.0,False,0,0
2025-05-17,A03,6,84.4,784.0,False,0,0
2025-05-17,A04,0,395.0,0.0,False,0,0
2025-05-17,A05,7,7257.0,0.0,False,0,1
2025-05-17,A06,283,5300.0,5938.0,False,0,1
2025-05-17,A07,5,735.0,872.0,False,0,0
2025-05-17,A08,5,323.0,0.0,False,0,0
2025-05-17,A09,0,385.0,662.0,False,0,0
2025-05-17,A10,313,4709.0,8021.0,False,0,1
2025-05-17,B01,12,178.0,0.0,False,0,0
2025-05-17,B02,2,695.0,1630.0,False,0,0
2025-05-17,B03,10,307.0,749.0,False,0,0
2025-05-17,B04,1,573.1,0.0,False,0,0
2025-05-17,B05,0,385.0,0.0,False,0,0
2025-05-17,B06,37,28.0,1156.0,False,0,0
2025-05-17,B07,108,6932.0,0.0,False,0,1
2025-05-17,B08,7,683.0,2065.0,False,0,0
2025-05-17,B09,2,272.0,668.0,False,0,0
2025-05-17,B10,1,0.0,222.0,False,1,0
2025-05-17,B11,49,60.0,952.0,False,0,0
2025-05-17,B12,24,1233.6,0.0,False,0,0
2025-05-17,C01,0,0.0,68.0,False,0,0
2025-05-17,C02,0,412.0,0.0,False,0,0
2025-05-17,C03,0,108.0,0.0,False,0,0
2025-05-17,C04,1,321.0,0.0,False,0,0
2025-05-17,C05,2,243.0,0.0,False,0,0
2025-05-17,C06,2,292.0,0.0,False,0,0
2025-05-17,C07,4,294.0,0.0,False,0,0
2025-05-17,C08,3,43.0,0.0,False,0,0
2025-05-18,A01,40,1279.0,1090.0,False,0,0
2025-05-18,A02,42,776.0,4928.0,False,0,0
2025-05-18,A03,1,92.9,784.0,False,0,0
2025-05-18,A04,1,394.0,0.0,False,0,0
2025-05-18,A05,0,7256.0,0.0,False,0,1
2025-05-18,A06,162,5137.0,5938.0,False,0,1
2025-05-18,A07,47,688.0,872.0,False,0,0
2025-05-18,A08,14,309.0,0.0,False,0,0
2025-05-18,A09,3,425.7,662.0,False,0,0
2025-05-18,A10,12,4696.0,8021.0,False,0,1
2025-05-18,B01,0,178.0,0.0,False,0,0
2025-05-18,B02,13,585.5,1630.0,False,0,0
2025-05-18,B03,14,293.0,749.0,False,0,0
2025-05-18,B04,7,523.0,0.0,False,0,0
2025-05-18,B05,0,385.0,0.0,False,0,0
2025-05-18,B06,31,0.0,1156.0,False,3,0
2025-05-18,B07,109,6822.0,0.0,False,0,1
2025-05-18,B08,16,667.0,2065.0,False,0,0
2025-05-18,B09,10,243.3,668.0,False,0,0
2025-05-18,B10,4,0.0,222.0,False,4,0
2025-05-18,B11,3,57.0,952.0,False,0,0
2025-05-18,B12,39,1066.0,0.0,False,0,0
2025-05-18,C01,0,0.0,68.0,False,0,0
2025-05-18,C02,11,401.0,0.0,False,0,0
2025-05-18,C03,0,108.0,0.0,False,0,0
2025-05-18,C04,2,319.0,0.0,False,0,0
2025-05-18,C05,9,234.0,0.0,False,0,0
2025-05-18,C06,1,291.0,0.0,False,0,0
2025-05-18,C07,4,290.0,0.0,False,0,0
2025-05-18,C08,1,42.0,0.0,False,0,0
2025-05-19,A01,29,1250.0,1090.0,False,0,0
2025-05-19,A02,26,750.0,4928.0,False,0,0
2025-05-19,A03,17,80.0,784.0,False,0,0
2025-05-19,A04,1,393.0,0.0,False,0,0
2025-05-19,A05,10,7245.0,0.0,False,0,1
2025-05-19,A06,168,4968.0,5938.0,False,0,1
2025-05-19,A07,2,686.0,872.0,False,0,0
2025-05-19,A08,3,306.0,0.0,False,0,0
2025-05-19,A09,19,363.0,662.0,False,0,0
2025-05-19,A10,44,4651.0,8021.0,False,0,1
2025-05-19,B01,5,173.0,0.0,False,0,0
2025-05-19,B02,19,722.2,1630.0,False,0,0
2025-05-19,B03,9,284.0,749.0,False,0,0
2025-05-19,B04,8,485.6,0.0,False,0,0
2025-05-19,B05,0,395.7,0.0,False,0,0
2025-05-19,B06,29,0.0,1156.0,False,29,0
2025-05-19,B07,301,6520.0,0.0,False,0,1
2025-05-19,B08,40,627.0,2065.0,False,0,0
2025-05-19,B09,0,262.0,668.0,False,0,0
2025-05-19,B10,5,0.0,222.0,False,5,0
2025-05-19,B11,3,54.0,952.0,False,0,0
2025-05-19,B12,2,1064.0,0.0,False,0,0
2025-05-19,C01,1,0.0,68.0,False,1,0
2025-05-19,C02,1,400.0,0.0,False,0,0
2025-05-19,C03,0,108.0,0.0,False,0,0
2025-05-19,C04,3,316.0,0.0,False,0,0
2025-05-19,C05,1,233.0,0.0,False,0,0
2025-05-19,C06,0,306.4,0.0,False,0,0
2025-05-19,C07,0,290.0,0.0,False,0,0
2025-05-19,C08,1,41.0,0.0,False,0,0
2025-05-20,A01,9,1241.0,1090.0,False,0,0
2025-05-20,A02,0,750.0,4928.0,False,0,0
2025-05-20,A03,2,78.0,784.0,False,0,0
2025-05-20,A04,0,393.0,0.0,False,0,0
2025-05-20,A05,17,7227.0,0.0,False,0,1
2025-05-20,A06,36,4931.0,5938.0,False,0,1
2025-05-20,A07,2,684.0,872.0,False,0,0
2025-05-20,A08,6,300.0,0.0,False,0,0
2025-05-20,A09,3,360.0,662.0,False,0,0
2025-05-20,A10,38,4677.6,8021.0,False,0,1
2025-05-20,B01,0,173.0,0.0,False,0,0
2025-05-20,B02,16,647.0,1630.0,False,0,0
2025-05-20,B03,8,276.0,749.0,False,0,0
2025-05-20,B04,3,512.0,0.0,False,0,0
2025-05-20,B05,0,385.0,0.0,False,0,0
2025-05-20,B06,1,0.0,1156.0,False,1,0
2025-05-20,B07,21,6498.0,0.0,False,0,1
2025-05-20,B08,4,623.0,2065.0,False,0,0
2025-05-20,B09,4,258.0,668.0,False,0,0
2025-05-20,B10,3,219.0,0.0,False,0,0
2025-05-20,B11,27,27.0,952.0,False,0,0
2025-05-20,B12,9,1055.0,0.0,False,0,0
2025-05-20,C01,1,0.0,68.0,False,1,0
2025-05-20,C02,7,393.0,0.0,False,0,0
2025-05-20,C03,1,107.0,0.0,False,0,0
2025-05-20,C04,3,313.0,0.0,False,0,0
2025-05-20,C05,6,227.0,0.0,False,0,0
2025-05-20,C06,3,288.0,0.0,False,0,0
2025-05-20,C07,6,284.0,0.0,False,0,0
2025-05-20,C08,1,45.9,0.0,False,0,0
2025-05-21,A01,11,1230.0,1090.0,False,0,0
2025-05-21,A02,254,496.0,4928.0,False,0,0
2025-05-21,A03,3,75.0,784.0,False,0,0
2025-05-21,A04,2,391.0,0.0,False,0,0
2025-05-21,A05,104,7122.0,0.0,False,0,1
2025-05-21,A06,67,4863.0,11869.0,True,0,1
2025-05-21,A07,2,722.8,872.0,False,0,0
2025-05-21,A08,10,290.0,0.0,False,0,0
2025-05-21,A09,21,339.0,662.0,False,0,0
2025-05-21,A10,135,4476.0,8021.0,False,0,1
2025-05-21,B01,0,173.0,0.0,False,0,0
2025-05-21,B02,40,607.0,1630.0,False,0,0
2025-05-21,B03,7,269.0,749.0,False,0,0
2025-05-21,B04,6,506.0,0.0,False,0,0
2025-05-21,B05,3,382.0,0.0,False,0,0
2025-05-21,B06,3,0.0,1156.0,False,3,0
2025-05-21,B07,4,6493.0,0.0,False,0,1
2025-05-21,B08,33,590.0,2065.0,False,0,0
2025-05-21,B09,2,256.0,668.0,False,0,0
2025-05-21,B10,0,205.9,0.0,False,0,0
2025-05-21,B11,7,20.0,952.0,False,0,0
2025-05-21,B12,16,988.8,1086.0,True,0,0
2025-05-21,C01,0,0.0,68.0,False,0,0
2025-05-21,C02,5,388.0,0.0,False,0,0
2025-05-21,C03,0,107.0,0.0,False,0,0
2025-05-21,C04,1,312.0,0.0,False,0,0
2025-05-21,C05,0,227.0,0.0,False,0,0
2025-05-21,C06,0,288.0,0.0,False,0,0
2025-05-21,C07,2,269.6,0.0,False,0,0
2025-05-21,C08,0,40.0,0.0,False,0,0
2025-05-22,A01,0,1208.7,1090.0,False,0,0
2025-05-22,A02,31,465.0,4928.0,False,0,0
2025-05-22,A03,23,52.0,784.0,False,0,0
2025-05-22,A04,0,391.0,0.0,False,0,0
2025-05-22,A05,16,7105.0,0.0,False,0,1
2025-05-22,A06,990,3872.0,11869.0,False,0,1
2025-05-22,A07,29,653.0,872.0,False,0,0
2025-05-22,A08,6,284.0,0.0,False,0,0
2025-05-22,A09,9,330.0,662.0,False,0,0
2025-05-22,A10,70,4405.0,8021.0,False,0,1
2025-05-22,B01,0,173.0,0.0,False,0,0
2025-05-22,B02,23,584.0,1630.0,False,0,0
2025-05-22,B03,1,268.0,749.0,False,0,0
2025-05-22,B04,0,506.0,0.0,False,0,0
2025-05-22,B05,3,379.0,0.0,False,0,0
2025-05-22,B06,11,0.0,1156.0,False,11,0
2025-05-22,B07,152,6340.0,0.0,False,0,1
2025-05-22,B08,12,631.9,2065.0,False,0,0
2025-05-22,B09,13,243.0,668.0,False,0,0
2025-05-22,B10,7,212.0,0.0,False,0,0
2025-05-22,B11,2,18.0,952.0,False,0,0
2025-05-22,B12,1,1038.0,1086.0,False,0,0
2025-05-22,C01,0,0.0,68.0,False,0,0
2025-05-22,C02,8,380.0,0.0,False,0,0
2025-05-22,C03,0,107.0,0.0,False,0,0
2025-05-22,C04,0,312.0,0.0,False,0,0
2025-05-22,C05,1,226.0,0.0,False,0,0
2025-05-22,C06,2,286.0,0.0,False,0,0
2025-05-22,C07,5,277.0,0.0,False,0,0
2025-05-22,C08,1,39.0,0.0,False,0,0
2025-05-23,A01,10,1179.7,1090.0,False,0,0
2025-05-23,A02,20,445.0,4928.0,False,0,0
2025-05-23,A03,1,51.0,784.0,False,0,0
2025-05-23,A04,3,388.0,0.0,False,0,0
2025-05-23,A05,144,6960.0,0.0,False,0,1
2025-05-23,A06,286,3585.0,11869.0,False,0,1
2025-05-23,A07,18,574.1,872.0,False,0,0
2025-05-23,A08,8,276.0,0.0,False,0,0
2025-05-23,A09,4,326.0,662.0,False,0,0
2025-05-23,A10,455,3949.0,8021.0,False,0,1
2025-05-23,B01,0,173.0,0.0,False,0,0
2025-05-23,B02,8,576.0,1630.0,False,0,0
2025-05-23,B03,2,266.0,749.0,False,0,0
2025-05-23,B04,1,505.0,0.0,False,0,0
2025-05-23,B05,3,376.0,0.0,False,0,0
2025-05-23,B06,0,0.0,1156.0,False,0,0
2025-05-23,B07,232,6107.0,0.0,False,0,1
2025-05-23,B08,6,2636.0,0.0,False,0,1
2025-05-23,B09,2,241.0,668.0,False,0,0
2025-05-23,B10,0,212.0,0.0,False,0,0
2025-05-23,B11,8,10.0,952.0,False,0,0
2025-05-23,B12,2,948.8,1086.0,False,0,0
2025-05-23,C01,0,0.0,68.0,False,0,0
2025-05-23,C02,4,376.0,0.0,False,0,0
2025-05-23,C03,3,104.0,0.0,False,0,0
2025-05-23,C04,4,308.0,0.0,False,0,0
2025-05-23,C05,1,225.0,0.0,False,0,0
2025-05-23,C06,1,285.0,0.0,False,0,0
2025-05-23,C07,19,258.0,0.0,False,0,0
2025-05-23,C08,0,39.0,0.0,False,0,0
2025-05-24,A01,7,1213.0,1090.0,False,0,0
2025-05-24,A02,11,434.0,4928.0,False,0,0
2025-05-24,A03,16,35.0,784.0,False,0,0
2025-05-24,A04,0,388.0,0.0,False,0,0
2025-05-24,A05,180,6779.0,0.0,False,0,1
2025-05-24,A06,98,3355.4,11869.0,False,0,1
2025-05-24,A07,31,604.0,872.0,False,0,0
2025-05-24,A08,6,270.0,0.0,False,0,0
2025-05-24,A09,15,311.0,662.0,False,0,0
2025-05-24,A10,770,3178.0,8021.0,False,0,1
2025-05-24,B01,1,172.0,0.0,False,0,0
2025-05-24,B02,11,565.0,1630.0,False,0,0
2025-05-24,B03,4,262.0,749.0,False,0,0
2025-05-24,B04,5,500.0,0.0,False,0,0
2025-05-24,B05,0,376.0,0.0,False,0,0
2025-05-24,B06,3,0.0,1156.0,False,3,0
2025-05-24,B07,110,5996.0,0.0,False,0,1
2025-05-24,B08,0,2635.0,0.0,False,0,1
2025-05-24,B09,8,233.0,668.0,False,0,0
2025-05-24,B10,0,212.0,0.0,False,0,0
2025-05-24,B11,17,0.0,952.0,False,7,0
2025-05-24,B12,1,2287.8,0.0,False,0,0
2025-05-24,C01,0,0.0,68.0,False,0,0
2025-05-24,C02,2,374.0,0.0,False,0,0
2025-05-24,C03,0,104.0,0.0,False,0,0
2025-05-24,C04,1,307.0,0.0,False,0,0
2025-05-24,C05,0,225.0,0.0,False,0,0
2025-05-24,C06,0,285.0,0.0,False,0,0
2025-05-24,C07,0,258.0,0.0,False,0,0
2025-05-24,C08,0,39.0,0.0,False,0,0
2025-05-25,A01,8,1205.0,1090.0,False,0,0
2025-05-25,A02,31,380.6,4928.0,False,0,0
2025-05-25,A03,4,31.0,784.0,False,0,0
2025-05-25,A04,0,388.0,0.0,False,0,0
2025-05-25,A05,27,6751.0,0.0,False,0,1
2025-05-25,A06,146,3339.0,11869.0,False,0,1
2025-05-25,A07,3,601.0,872.0,False,0,0
2025-05-25,A08,11,259.0,0.0,False,0,0
2025-05-25,A09,0,311.0,662.0,False,0,0
2025-05-25,A10,14,3163.0,8021.0,False,0,1
2025-05-25,B01,0,172.0,0.0,False,0,0
2025-05-25,B02,0,519.3,1630.0,False,0,0
2025-05-25,B03,19,243.0,749.0,False,0,0
2025-05-25,B04,5,495.0,0.0,False,0,0
2025-05-25,B05,0,376.0,0.0,False,0,0
2025-05-25,B06,2,0.0,1156.0,False,2,0
2025-05-25,B07,61,5934.0,0.0,False,0,1
2025-05-25,B08,69,2565.0,0.0,False,0,1
2025-05-25,B09,0,233.0,668.0,False,0,0
2025-05-25,B10,4,208.0,0.0,False,0,0
2025-05-25,B11,4,0.0,952.0,False,4,0
2025-05-25,B12,4,2117.0,0.0,False,0,0
2025-05-25,C01,2,0.0,68.0,False,2,0
2025-05-25,C02,4,370.0,0.0,False,0,0
2025-05-25,C03,0,104.0,0.0,False,0,0
2025-05-25,C04,0,307.0,0.0,False,0,0
2025-05-25,C05,0,225.0,0.0,False,0,0
2025-05-25,C06,0,285.0,0.0,False,0,0
2025-05-25,C07,10,248.0,0.0,False,0,0
2025-05-25,C08,0,39.0,0.0,False,0,0
2025-05-26,A01,29,1163.0,1090.0,False,0,0
2025-05-26,A02,116,287.0,4928.0,False,0,0
2025-05-26,A03,7,24.0,784.0,False,0,0
2025-05-26,A04,6,382.0,0.0,False,0,0
2025-05-26,A05,101,6649.0,0.0,False,0,1
2025-05-26,A06,36,3302.0,11869.0,False,0,1
2025-05-26,A07,17,584.0,872.0,False,0,0
2025-05-26,A08,4,255.0,0.0,False,0,0
2025-05-26,A09,5,306.0,662.0,False,0,0
2025-05-26,A10,102,3060.0,8021.0,False,0,1
2025-05-26,B01,0,172.0,0.0,False,0,0
2025-05-26,B02,2,2275.6,0.0,False,0,0
2025-05-26,B03,2,225.0,749.0,False,0,0
2025-05-26,B04,3,492.0,0.0,False,0,0
2025-05-26,B05,2,374.0,0.0,False,0,0
2025-05-26,B06,25,0.0,1156.0,False,25,0
2025-05-26,B07,1,5932.0,0.0,False,0,1
2025-05-26,B08,40,2524.0,0.0,False,0,1
2025-05-26,B09,5,228.0,668.0,False,0,0
2025-05-26,B10,0,208.0,0.0,False,0,0
2025-05-26,B11,1,0.0,952.0,False,1,0
2025-05-26,B12,0,2117.0,0.0,False,0,0
2025-05-26,C01,0,0.0,68.0,False,0,0
2025-05-26,C02,13,357.0,0.0,False,0,0
2025-05-26,C03,1,103.0,0.0,False,0,0
2025-05-26,C04,2,305.0,0.0,False,0,0
2025-05-26,C05,3,222.0,0.0,False,0,0
2025-05-26,C06,5,280.0,0.0,False,0,0
2025-05-26,C07,4,244.0,0.0,False,0,0
2025-05-26,C08,0,39.0,0.0,False,0,0
2025-05-27,A01,28,1148.0,1090.0,False,0,0
2025-05-27,A02,36,251.0,4928.0,False,0,0
2025-05-27,A03,16,8.0,784.0,False,0,0
2025-05-27,A04,3,379.0,0.0,False,0,0
2025-05-27,A05,47,6601.0,0.0,False,0,1
2025-05-27,A06,183,3118.0,11869.0,False,0,1
2025-05-27,A07,0,584.0,872.0,False,0,0
2025-05-27,A08,19,236.0,0.0,False,0,0
2025-05-27,A09,0,306.0,662.0,False,0,0
2025-05-27,A10,3,3056.0,8021.0,False,0,1
2025-05-27,B01,0,172.0,0.0,False,0,0
2025-05-27,B02,31,2162.0,0.0,False,0,0
2025-05-27,B03,0,241.0,749.0,False,0,0
2025-05-27,B04,1,491.0,0.0,False,0,0
2025-05-27,B05,1,373.0,0.0,False,0,0
2025-05-27,B06,0,0.0,1156.0,False,0,0
2025-05-27,B07,169,5762.0,0.0,False,0,1
2025-05-27,B08,33,2490.0,0.0,False,0,1
2025-05-27,B09,6,222.0,668.0,False,0,0
2025-05-27,B10,0,190.2,0.0,False,0,0
2025-05-27,B11,12,0.0,952.0,False,12,0
2025-05-27,B12,16,2101.0,0.0,False,0,0
2025-05-27,C01,1,0.0,68.0,False,1,0
2025-05-27,C02,0,357.0,0.0,False,0,0
2025-05-27,C03,0,103.0,0.0,False,0,0
2025-05-27,C04,0,305.0,0.0,False,0,0
2025-05-27,C05,2,220.0,0.0,False,0,0
2025-05-27,C06,2,278.0,0.0,False,0,0
2025-05-27,C07,0,244.0,0.0,False,0,0
2025-05-27,C08,0,39.0,0.0,False,0,0
2025-05-28,A01,1,1147.0,1090.0,False,0,0
2025-05-28,A02,33,191.4,4928.0,False,0,0
2025-05-28,A03,0,8.0,784.0,False,0,0
2025-05-28,A04,0,379.0,0.0,False,0,0
2025-05-28,A05,92,6508.0,0.0,False,0,1
2025-05-28,A06,340,8714.0,5931.0,False,0,2
2025-05-28,A07,15,496.3,872.0,False,0,0
2025-05-28,A08,0,236.0,0.0,False,0,0
2025-05-28,A09,17,289.0,662.0,False,0,0
2025-05-28,A10,0,3055.0,8021.0,False,0,1
2025-05-28,B01,1,171.2,0.0,False,0,0
2025-05-28,B02,22,2140.0,0.0,False,0,0
2025-05-28,B03,0,241.0,749.0,False,0,0
2025-05-28,B04,17,474.0,0.0,False,0,0
2025-05-28,B05,0,373.0,0.0,False,0,0
2025-05-28,B06,1,0.0,1156.0,False,1,0
2025-05-28,B07,60,5701.0,0.0,False,0,1
2025-05-28,B08,10,2479.0,0.0,False,0,1
2025-05-28,B09,0,890.0,0.0,False,0,0
2025-05-28,B10,1,207.0,0.0,False,0,0
2025-05-28,B11,3,0.0,952.0,False,3,0
2025-05-28,B12,0,2101.0,0.0,False,0,0
2025-05-28,C01,0,0.0,68.0,False,0,0
2025-05-28,C02,2,355.0,0.0,False,0,0
2025-05-28,C03,0,113.3,0.0,False,0,0
2025-05-28,C04,1,304.0,0.0,False,0,0
2025-05-28,C05,2,218.0,0.0,False,0,0
2025-05-28,C06,0,278.0,0.0,False,0,0
2025-05-28,C07,2,242.0,0.0,False,0,0
2025-05-28,C08,0,36.7,0.0,False,0,0
2025-05-29,A01,27,1120.0,1090.0,False,0,0
2025-05-29,A02,56,162.0,4928.0,False,0,0
2025-05-29,A03,0,8.0,784.0,False,0,0
2025-05-29,A04,0,361.2,0.0,False,0,0
2025-05-29,A05,87,6420.0,0.0,False,0,1
2025-05-29,A06,13,8699.0,5931.0,False,0,2
2025-05-29,A07,6,563.0,872.0,False,0,0
2025-05-29,A08,0,204.5,0.0,False,0,0
2025-05-29,A09,0,278.3,662.0,False,0,0
2025-05-29,A10,182,2872.0,8021.0,False,0,1
2025-05-29,B01,0,171.0,0.0,False,0,0
2025-05-29,B02,12,2128.0,0.0,False,0,0
2025-05-29,B03,1,240.0,749.0,False,0,0
2025-05-29,B04,2,472.0,0.0,False,0,0
2025-05-29,B05,0,373.0,0.0,False,0,0
2025-05-29,B06,4,0.0,1156.0,False,4,0
2025-05-29,B07,52,5648.0,0.0,False,0,1
2025-05-29,B08,4,2474.0,0.0,False,0,1
2025-05-29,B09,1,889.0,0.0,False,0,0
2025-05-29,B10,0,207.0,0.0,False,0,0
2025-05-29,B11,9,0.0,952.0,False,9,0
2025-05-29,B12,8,2093.0,0.0,False,0,0
2025-05-29,C01,3,0.0,68.0,False,3,0
2025-05-29,C02,0,355.0,0.0,False,0,0
2025-05-29,C03,0,103.0,0.0,False,0,0
2025-05-29,C04,3,301.0,0.0,False,0,0
2025-05-29,C05,4,214.0,0.0,False,0,0
2025-05-29,C06,3,275.0,0.0,False,0,0
2025-05-29,C07,0,245.1,0.0,False,0,0
2025-05-29,C08,1,38.0,0.0,False,0,0
2025-05-30,A01,30,1090.0,1090.0,False,0,0
2025-05-30,A02,13,2616.0,2460.0,False,0,1
2025-05-30,A03,18,713.9,0.0,False,0,0
2025-05-30,A04,8,371.0,0.0,False,0,0
2025-05-30,A05,165,6254.0,0.0,False,0,1
2025-05-30,A06,388,8309.0,5931.0,False,0,2
2025-05-30,A07,9,554.0,872.0,False,0,0
2025-05-30,A08,2,234.0,0.0,False,0,0
2025-05-30,A09,3,948.0,0.0,False,0,0
2025-05-30,A10,335,2536.0,8021.0,False,0,1
2025-05-30,B01,1,170.0,0.0,False,0,0
2025-05-30,B02,8,2120.0,0.0,False,0,0
2025-05-30,B03,0,240.0,749.0,False,0,0
2025-05-30,B04,0,496.7,0.0,False,0,0
2025-05-30,B05,2,371.0,0.0,False,0,0
2025-05-30,B06,16,0.0,1156.0,False,16,0
2025-05-30,B07,290,5713.2,0.0,False,0,1
2025-05-30,B08,6,2467.0,0.0,False,0,1
2025-05-30,B09,0,889.0,0.0,False,0,0
2025-05-30,B10,2,205.0,0.0,False,0,0
2025-05-30,B11,6,946.0,0.0,False,0,0
2025-05-30,B12,34,2059.0,0.0,False,0,0
2025-05-30,C01,0,0.0,68.0,False,0,0
2025-05-30,C02,8,347.0,0.0,False,0,0
2025-05-30,C03,0,103.0,0.0,False,0,0
2025-05-30,C04,2,299.0,0.0,False,0,0
2025-05-30,C05,2,212.0,0.0,False,0,0
2025-05-30,C06,0,275.0,0.0,False,0,0
2025-05-30,C07,0,242.0,0.0,False,0,0
2025-05-30,C08,1,37.0,0.0,False,0,0
2025-05-31,A01,12,1152.3,1090.0,False,0,0
2025-05-31,A02,22,2673.3,2460.0,False,0,1
2025-05-31,A03,38,707.5,0.0,False,0,0
2025-05-31,A04,0,371.0,0.0,False,0,0
2025-05-31,A05,33,6220.0,0.0,False,0,1
2025-05-31,A06,40,8267.0,5931.0,False,0,2
2025-05-31,A07,24,530.0,872.0,False,0,0
2025-05-31,A08,2,232.0,0.0,False,0,0
2025-05-31,A09,0,948.0,0.0,False,0,0
2025-05-31,A10,49,2486.0,8021.0,False,0,1
2025-05-31,B01,0,170.0,0.0,False,0,0
2025-05-31,B02,1,2119.0,0.0,False,0,0
2025-05-31,B03,18,222.0,749.0,False,0,0
2025-05-31,B04,9,480.7,0.0,False,0,0
2025-05-31,B05,1,370.0,0.0,False,0,0
2025-05-31,B06,10,0.0,1156.0,False,10,0
2025-05-31,B07,77,5279.0,5088.0,True,0,1
2025-05-31,B08,27,2439.0,0.0,False,0,1
2025-05-31,B09,9,880.0,0.0,False,0,0
2025-05-31,B10,1,204.0,0.0,False,0,0
2025-05-31,B11,23,923.0,0.0,False,0,0
2025-05-31,B12,50,2009.0,0.0,False,0,0
2025-05-31,C01,0,0.0,68.0,False,0,0
2025-05-31,C02,3,344.0,0.0,False,0,0
2025-05-31,C03,0,103.0,0.0,False,0,0
2025-05-31,C04,3,296.0,0.0,False,0,0
2025-05-31,C05,1,211.0,0.0,False,0,0
2025-05-31,C06,6,269.0,0.0,False,0,0
2025-05-31,C07,0,242.0,0.0,False,0,0
2025-05-31,C08,3,35.0,0.0,False,0,0
2025-06-01,A01,2,1076.0,1090.0,False,0,0
2025-06-01,A02,26,2566.0,2460.0,False,0,1
2025-06-01,A03,8,728.0,0.0,False,0,0
2025-06-01,A04,0,330.2,0.0,False,0,0
2025-06-01,A05,305,5914.0,0.0,False,0,1
2025-06-01,A06,131,8134.0,5931.0,False,0,2
2025-06-01,A07,6,524.0,872.0,False,0,0
2025-06-01,A08,19,213.0,0.0,False,0,0
2025-06-01,A09,2,946.0,0.0,False,0,0
2025-06-01,A10,147,2339.0,8021.0,False,0,0
2025-06-01,B01,6,164.0,0.0,False,0,0
2025-06-01,B02,8,2111.0,0.0,False,0,0
2025-06-01,B03,4,218.0,749.0,False,0,0
2025-06-01,B04,3,460.0,0.0,False,0,0
2025-06-01,B05,0,370.0,0.0,False,0,0
2025-06-01,B06,8,0.0,1156.0,False,8,0
2025-06-01,B07,73,5622.3,5088.0,False,0,1
2025-06-01,B08,1,2437.0,0.0,False,0,1
2025-06-01,B09,9,871.0,0.0,False,0,0
2025-06-01,B10,0,204.0,0.0,False,0,0
2025-06-01,B11,9,914.0,0.0,False,0,0
2025-06-01,B12,5,2004.0,0.0,False,0,0
2025-06-01,C01,0,0.0,68.0,False,0,0
2025-06-01,C02,6,338.0,0.0,False,0,0
2025-06-01,C03,0,103.0,0.0,False,0,0
2025-06-01,C04,1,295.0,0.0,False,0,0
2025-06-01,C05,6,205.0,0.0,False,0,0
2025-06-01,C06,3,266.0,0.0,False,0,0
2025-06-01,C07,1,241.0,0.0,False,0,0
2025-06-01,C08,1,33.0,0.0,False,0,0
2025-06-02,A01,0,1076.0,1090.0,False,0,0
2025-06-02,A02,72,2493.0,2460.0,False,0,1
2025-06-02,A03,13,715.0,0.0,False,0,0
2025-06-02,A04,1,370.0,0.0,False,0,0
2025-06-02,A05,52,5861.0,0.0,False,0,1
2025-06-02,A06,98,8034.0,5931.0,False,0,2
2025-06-02,A07,14,510.0,872.0,False,0,0
2025-06-02,A08,1,212.0,0.0,False,0,0
2025-06-02,A09,7,939.0,0.0,False,0,0
2025-06-02,A10,158,2181.0,8021.0,False,0,0
2025-06-02,B01,6,158.0,350.0,True,0,0
2025-06-02,B02,19,2092.0,0.0,False,0,0
2025-06-02,B03,4,214.0,749.0,False,0,0
2025-06-02,B04,1,459.0,0.0,False,0,0
2025-06-02,B05,3,367.0,0.0,False,0,0
2025-06-02,B06,3,0.0,1156.0,False,3,0
2025-06-02,B07,279,4925.0,5088.0,False,0,1
2025-06-02,B08,6,2431.0,0.0,False,0,0
2025-06-02,B09,20,851.0,0.0,False,0,0
2025-06-02,B10,0,204.0,0.0,False,0,0
2025-06-02,B11,33,881.0,0.0,False,0,0
2025-06-02,B12,0,2004.0,0.0,False,0,0
2025-06-02,C01,1,0.0,68.0,False,1,0
2025-06-02,C02,13,325.0,0.0,False,0,0
2025-06-02,C03,0,94.4,0.0,False,0,0
2025-06-02,C04,1,294.0,0.0,False,0,0
2025-06-02,C05,5,200.0,0.0,False,0,0
2025-06-02,C06,5,293.3,0.0,False,0,0
2025-06-02,C07,1,240.0,0.0,False,0,0
2025-06-02,C08,1,32.0,0.0,False,0,0
2025-06-03,A01,19,1057.0,1090.0,False,0,0
2025-06-03,A02,164,2329.0,2460.0,False,0,0
2025-06-03,A03,0,754.4,0.0,False,0,0
2025-06-03,A04,1,336.7,0.0,False,0,0
2025-06-03,A05,280,5580.0,0.0,False,0,1
2025-06-03,A06,1,6890.9,5931.0,False,0,2
2025-06-03,A07,32,478.0,872.0,False,0,0
2025-06-03,A08,0,212.0,0.0,False,0,0
2025-06-03,A09,2,937.0,0.0,False,0,0
2025-06-03,A10,85,1843.4,8021.0,False,0,0
2025-06-03,B01,0,156.7,350.0,False,0,0
2025-06-03,B02,10,2082.0,0.0,False,0,0
2025-06-03,B03,5,209.0,749.0,False,0,0
2025-06-03,B04,0,450.1,0.0,False,0,0
2025-06-03,B05,0,367.0,0.0,False,0,0
2025-06-03,B06,26,0.0,1156.0,False,26,0
2025-06-03,B07,65,4859.0,5088.0,False,0,1
2025-06-03,B08,29,2402.0,0.0,False,0,0
2025-06-03,B09,23,828.0,0.0,False,0,0
2025-06-03,B10,0,204.0,0.0,False,0,0
2025-06-03,B11,22,859.0,0.0,False,0,0
2025-06-03,B12,0,2004.0,0.0,False,0,0
2025-06-03,C01,0,0.0,68.0,False,0,0
2025-06-03,C02,8,317.0,0.0,False,0,0
2025-06-03,C03,0,103.0,0.0,False,0,0
2025-06-03,C04,0,293.1,0.0,False,0,0
2025-06-03,C05,2,198.0,0.0,False,0,0
2025-06-03,C06,1,260.0,0.0,False,0,0
2025-06-03,C07,0,240.0,0.0,False,0,0
2025-06-03,C08,0,32.0,0.0,False,0,0
2025-06-04,A01,10,1047.0,1090.0,False,0,0
2025-06-04,A02,84,2245.0,2460.0,False,0,0
2025-06-04,A03,6,709.0,0.0,False,0,0
2025-06-04,A04,0,418.6,0.0,False,0,0
2025-06-04,A05,364,5215.0,0.0,False,0,1
2025-06-04,A06,385,7644.0,5931.0,False,0,2
2025-06-04,A07,15,497.1,872.0,False,0,0
2025-06-04,A08,0,214.1,0.0,False,0,0
2025-06-04,A09,19,918.0,0.0,False,0,0
2025-06-04,A10,14,2082.0,8021.0,False,0,0
2025-06-04,B01,6,152.0,350.0,False,0,0
2025-06-04,B02,3,2079.0,0.0,False,0,0
2025-06-04,B03,9,200.0,749.0,False,0,0
2025-06-04,B04,1,458.0,0.0,False,0,0
2025-06-04,B05,2,365.0,0.0,False,0,0
2025-06-04,B06,13,0.0,1156.0,False,13,0
2025-06-04,B07,0,4858.0,5088.0,False,0,1
2025-06-04,B08,36,2366.0,0.0,False,0,0
2025-06-04,B09,4,824.0,0.0,False,0,0
2025-06-04,B10,11,164.9,0.0,False,0,0
2025-06-04,B11,4,855.0,0.0,False,0,0
2025-06-04,B12,47,2215.4,0.0,False,0,0
2025-06-04,C01,0,0.0,68.0,False,0,0
2025-06-04,C02,4,313.0,0.0,False,0,0
2025-06-04,C03,0,103.0,0.0,False,0,0
2025-06-04,C04,3,291.0,0.0,False,0,0
2025-06-04,C05,0,199.5,0.0,False,0,0
2025-06-04,C06,1,259.0,0.0,False,0,0
2025-06-04,C07,0,240.0,0.0,False,0,0
2025-06-04,C08,0,32.0,0.0,False,0,0
2025-06-05,A01,28,1019.0,1090.0,False,0,0
2025-06-05,A02,22,2505.6,2460.0,False,0,0
2025-06-05,A03,3,616.3,0.0,False,0,0
2025-06-05,A04,0,369.0,0.0,False,0,0
2025-06-05,A05,33,5181.0,0.0,False,0,1
2025-06-05,A06,310,7332.0,5931.0,False,0,2
2025-06-05,A07,44,419.0,872.0,False,0,0
2025-06-05,A08,3,209.0,0.0,False,0,0
2025-06-05,A09,4,914.0,0.0,False,0,0
2025-06-05,A10,69,2013.0,8021.0,False,0,0
2025-06-05,B01,3,149.0,350.0,False,0,0
2025-06-05,B02,2,2077.0,0.0,False,0,0
2025-06-05,B03,5,195.0,749.0,False,0,0
2025-06-05,B04,0,458.0,0.0,False,0,0
2025-06-05,B05,0,365.0,0.0,False,0,0
2025-06-05,B06,14,0.0,1156.0,False,14,0
2025-06-05,B07,126,4731.0,5088.0,False,0,1
2025-06-05,B08,3,2363.0,0.0,False,0,0
2025-06-05,B09,2,822.0,0.0,False,0,0
2025-06-05,B10,7,186.0,0.0,False,0,0
2025-06-05,B11,3,852.0,0.0,False,0,0
2025-06-05,B12,59,1898.0,0.0,False,0,0
2025-06-05,C01,0,0.0,68.0,False,0,0
2025-06-05,C02,0,313.0,0.0,False,0,0
2025-06-05,C03,0,103.0,0.0,False,0,0
2025-06-05,C04,2,289.0,0.0,False,0,0
2025-06-05,C05,4,194.0,0.0,False,0,0
2025-06-05,C06,3,256.0,0.0,False,0,0
2025-06-05,C07,1,239.0,0.0,False,0,0
2025-06-05,C08,1,31.0,0.0,False,0,0
2025-06-06,A01,36,983.0,1090.0,False,0,0
2025-06-06,A02,9,2214.0,2460.0,False,0,0
2025-06-06,A03,14,692.0,0.0,False,0,0
2025-06-06,A04,6,363.0,0.0,False,0,0
2025-06-06,A05,56,5124.0,0.0,False,0,1
2025-06-06,A06,1174,6157.0,5931.0,False,0,1
2025-06-06,A07,2,417.0,872.0,False,0,0
2025-06-06,A08,6,203.0,0.0,False,0,0
2025-06-06,A09,1,913.0,0.0,False,0,0
2025-06-06,A10,27,1986.0,8021.0,False,0,0
2025-06-06,B01,2,147.0,350.0,False,0,0
2025-06-06,B02,23,2054.0,0.0,False,0,0
2025-06-06,B03,4,191.0,749.0,False,0,0
2025-06-06,B04,4,470.0,0.0,False,0,0
2025-06-06,B05,0,365.0,0.0,False,0,0
2025-06-06,B06,51,0.0,1156.0,False,51,0
2025-06-06,B07,309,4421.0,5088.0,False,0,1
2025-06-06,B08,0,2363.0,0.0,False,0,0
2025-06-06,B09,2,820.0,0.0,False,0,0
2025-06-06,B10,0,186.0,0.0,False,0,0
2025-06-06,B11,10,842.0,0.0,False,0,0
2025-06-06,B12,1,1897.0,0.0,False,0,0
2025-06-06,C01,2,0.0,68.0,False,2,0
2025-06-06,C02,3,310.0,0.0,False,0,0
2025-06-06,C03,0,103.0,0.0,False,0,0
2025-06-06,C04,1,288.0,0.0,False,0,0
2025-06-06,C05,2,192.0,0.0,False,0,0
2025-06-06,C06,3,253.0,0.0,False,0,0
2025-06-06,C07,1,238.0,0.0,False,0,0
2025-06-06,C08,0,31.0,0.0,False,0,0
2025-06-07,A01,1,982.0,1090.0,False,0,0
2025-06-07,A02,153,2061.0,2460.0,False,0,0
2025-06-07,A03,0,692.0,0.0,False,0,0
2025-06-07,A04,1,344.2,0.0,False,0,0
2025-06-07,A05,70,5053.0,3509.0,True,0,1
2025-06-07,A06,60,6096.0,5931.0,False,0,1
2025-06-07,A07,3,414.0,872.0,False,0,0
2025-06-07,A08,1,202.0,0.0,False,0,0
2025-06-07,A09,0,913.0,0.0,False,0,0
2025-06-07,A10,48,1938.0,8021.0,False,0,0
2025-06-07,B01,0,147.0,350.0,False,0,0
2025-06-07,B02,2,2052.0,0.0,False,0,0
2025-06-07,B03,6,185.0,749.0,False,0,0
2025-06-07,B04,0,454.0,0.0,False,0,0
2025-06-07,B05,0,365.0,0.0,False,0,0
2025-06-07,B06,9,0.0,1156.0,False,9,0
2025-06-07,B07,90,4330.0,5088.0,False,0,1
2025-06-07,B08,33,2330.0,0.0,False,0,0
2025-06-07,B09,14,806.0,0.0,False,0,0
2025-06-07,B10,4,182.0,0.0,False,0,0
2025-06-07,B11,33,809.0,0.0,False,0,0
2025-06-07,B12,60,1837.0,0.0,False,0,0
2025-06-07,C01,1,0.0,68.0,False,1,0
2025-06-07,C02,0,310.0,0.0,False,0,0
2025-06-07,C03,0,103.0,0.0,False,0,0
2025-06-07,C04,3,285.0,0.0,False,0,0
2025-06-07,C05,1,190.5,0.0,False,0,0
2025-06-07,C06,0,253.0,0.0,False,0,0
2025-06-07,C07,0,238.0,0.0,False,0,0
2025-06-07,C08,0,31.0,0.0,False,0,0
2025-06-08,A01,40,942.0,1090.0,False,0,0
2025-06-08,A02,10,2051.0,2460.0,False,0,0
2025-06-08,A03,0,692.0,0.0,False,0,0
2025-06-08,A04,0,362.0,0.0,False,0,0
2025-06-08,A05,104,4440.1,3509.0,False,0,1
2025-06-08,A06,29,6066.0,5931.0,False,0,1
2025-06-08,A07,15,399.0,872.0,False,0,0
2025-06-08,A08,0,202.0,0.0,False,0,0
2025-06-08,A09,1,912.0,0.0,False,0,0
2025-06-08,A10,44,1894.0,8021.0,False,0,0
2025-06-08,B01,1,149.9,350.0,False,0,0
2025-06-08,B02,2,2050.0,0.0,False,0,0
2025-06-08,B03,4,181.0,749.0,False,0,0
2025-06-08,B04,1,453.0,0.0,False,0,0
2025-06-08,B05,2,351.1,0.0,False,0,0
2025-06-08,B06,5,0.0,1156.0,False,5,0
2025-06-08,B07,83,4268.5,5088.0,False,0,1
2025-06-08,B08,21,2309.0,0.0,False,0,0
2025-06-08,B09,2,804.0,0.0,False,0,0
2025-06-08,B10,4,178.0,0.0,False,0,0
2025-06-08,B11,26,783.0,0.0,False,0,0
2025-06-08,B12,0,1837.0,0.0,False,0,0
2025-06-08,C01,0,0.0,68.0,False,0,0
2025-06-08,C02,5,305.0,0.0,False,0,0
2025-06-08,C03,3,89.5,0.0,False,0,0
2025-06-08,C04,0,285.0,0.0,False,0,0
2025-06-08,C05,0,191.0,0.0,False,0,0
2025-06-08,C06,0,253.0,0.0,False,0,0
2025-06-08,C07,0,238.0,0.0,False,0,0
2025-06-08,C08,1,30.0,0.0,False,0,0
2025-06-09,A01,50,892.0,1090.0,False,0,0
2025-06-09,A02,28,2023.0,2460.0,False,0,0
2025-06-09,A03,0,692.0,0.0,False,0,0
2025-06-09,A04,1,361.0,0.0,False,0,0
2025-06-09,A05,45,4902.0,3509.0,False,0,1
2025-06-09,A06,65,6000.0,5931.0,False,0,1
2025-06-09,A07,24,375.0,872.0,False,0,0
2025-06-09,A08,2,200.0,0.0,False,0,0
2025-06-09,A09,7,905.0,0.0,False,0,0
2025-06-09,A10,7,1887.0,8021.0,False,0,0
2025-06-09,B01,0,146.0,350.0,False,0,0
2025-06-09,B02,2,2040.5,0.0,False,0,0
2025-06-09,B03,10,171.0,749.0,False,0,0
2025-06-09,B04,0,408.2,0.0,False,0,0
2025-06-09,B05,0,363.0,0.0,False,0,0
2025-06-09,B06,1,0.0,1156.0,False,1,0
2025-06-09,B07,0,4245.0,5088.0,False,0,1
2025-06-09,B08,8,2301.0,0.0,False,0,0
2025-06-09,B09,0,804.0,0.0,False,0,0
2025-06-09,B10,2,176.0,0.0,False,0,0
2025-06-09,B11,20,763.0,0.0,False,0,0
2025-06-09,B12,73,1764.0,0.0,False,0,0
2025-06-09,C01,1,0.0,68.0,False,1,0
2025-06-09,C02,35,270.0,0.0,False,0,0
2025-06-09,C03,0,100.0,0.0,False,0,0
2025-06-09,C04,9,246.6,0.0,False,0,0
2025-06-09,C05,12,179.0,0.0,False,0,0
2025-06-09,C06,1,252.0,0.0,False,0,0
2025-06-09,C07,12,226.0,0.0,False,0,0
2025-06-09,C08,1,27.7,0.0,False,0,0
2025-06-10,A01,4,888.0,1090.0,False,0,0
2025-06-10,A02,57,1966.0,2460.0,False,0,0
2025-06-10,A03,3,689.0,0.0,False,0,0
2025-06-10,A04,2,359.0,0.0,False,0,0
2025-06-10,A05,40,4861.0,3509.0,False,0,1
2025-06-10,A06,134,5865.0,5931.0,False,0,1
2025-06-10,A07,14,361.0,872.0,False,0,0
2025-06-10,A08,2,198.0,0.0,False,0,0
2025-06-10,A09,1,904.0,0.0,False,0,0
2025-06-10,A10,138,1749.0,8021.0,False,0,0
2025-06-10,B01,1,145.0,350.0,False,0,0
2025-06-10,B02,3,2045.0,0.0,False,0,0
2025-06-10,B03,3,168.0,749.0,False,0,0
2025-06-10,B04,13,460.3,0.0,False,0,0
2025-06-10,B05,1,362.0,0.0,False,0,0
2025-06-10,B06,0,1156.0,0.0,False,0,0
2025-06-10,B07,135,4109.0,5088.0,False,0,1
2025-06-10,B08,3,2298.0,0.0,False,0,0
2025-06-10,B09,2,802.0,0.0,False,0,0
2025-06-10,B10,1,175.0,0.0,False,0,0
2025-06-10,B11,25,738.0,0.0,False,0,0
2025-06-10,B12,0,1764.0,0.0,False,0,0
2025-06-10,C01,0,0.0,68.0,False,0,0
2025-06-10,C02,3,267.0,0.0,False,0,0
2025-06-10,C03,0,100.0,0.0,False,0,0
2025-06-10,C04,5,271.0,0.0,False,0,0
2025-06-10,C05,0,179.0,0.0,False,0,0
2025-06-10,C06,0,252.0,0.0,False,0,0
2025-06-10,C07,8,218.0,0.0,False,0,0
2025-06-10,C08,0,29.0,0.0,False,0,0
2025-06-11,A01,6,882.0,1090.0,False,0,0
2025-06-11,A02,14,1952.0,2460.0,False,0,0
2025-06-11,A03,19,670.0,0.0,False,0,0
2025-06-11,A04,0,359.0,0.0,False,0,0
2025-06-11,A05,23,4837.0,3509.0,False,0,1
2025-06-11,A06,34,5830.0,5931.0,False,0,1
2025-06-11,A07,8,353.0,872.0,False,0,0
2025-06-11,A08,2,196.0,0.0,False,0,0
2025-06-11,A09,0,904.0,0.0,False,0,0
2025-06-11,A10,227,1522.0,8021.0,False,0,0
2025-06-11,B01,0,145.0,350.0,False,0,0
2025-06-11,B02,11,2034.0,0.0,False,0,0
2025-06-11,B03,1,167.0,749.0,False,0,0
2025-06-11,B04,0,440.0,0.0,False,0,0
2025-06-11,B05,0,362.0,0.0,False,0,0
2025-06-11,B06,7,1147.5,0.0,False,0,0
2025-06-11,B07,143,3965.0,5088.0,False,0,1
2025-06-11,B08,0,2298.0,0.0,False,0,0
2025-06-11,B09,3,799.0,0.0,False,0,0
2025-06-11,B10,1,174.0,0.0,False,0,0
2025-06-11,B11,2,736.0,0.0,False,0,0
2025-06-11,B12,2,1762.0,0.0,False,0,0
2025-06-11,C01,0,0.0,68.0,False,0,0
2025-06-11,C02,0,267.0,0.0,False,0,0
2025-06-11,C03,0,100.0,0.0,False,0,0
2025-06-11,C04,0,271.0,0.0,False,0,0
2025-06-11,C05,0,167.4,0.0,False,0,0
2025-06-11,C06,2,277.1,0.0,False,0,0
2025-06-11,C07,2,216.0,0.0,False,0,0
2025-06-11,C08,0,29.0,0.0,False,0,0
2025-06-12,A01,22,860.0,1090.0,False,0,0
2025-06-12,A02,72,1880.0,2460.0,False,0,0
2025-06-12,A03,0,737.1,0.0,False,0,0
2025-06-12,A04,0,359.0,0.0,False,0,0
2025-06-12,A05,0,4836.0,3509.0,False,0,1
2025-06-12,A06,42,5787.0,5931.0,False,0,1
2025-06-12,A07,7,346.0,872.0,False,0,0
2025-06-12,A08,4,192.0,0.0,False,0,0
2025-06-12,A09,4,900.0,0.0,False,0,0
2025-06-12,A10,23,1499.0,8021.0,False,0,0
2025-06-12,B01,0,133.9,350.0,False,0,0
2025-06-12,B02,2,2096.9,0.0,False,0,0
2025-06-12,B03,1,166.0,749.0,False,0,0
2025-06-12,B04,2,438.0,0.0,False,0,0
2025-06-12,B05,0,362.0,0.0,False,0,0
2025-06-12,B06,0,1149.0,0.0,False,0,0
2025-06-12,B07,13,3951.0,5088.0,False,0,1
2025-06-12,B08,9,2289.0,0.0,False,0,0
2025-06-12,B09,11,788.0,0.0,False,0,0
2025-06-12,B10,4,176.0,0.0,False,0,0
2025-06-12,B11,12,724.0,0.0,False,0,0
2025-06-12,B12,1,1761.0,0.0,False,0,0
2025-06-12,C01,0,0.0,68.0,False,0,0
2025-06-12,C02,5,262.0,0.0,False,0,0
2025-06-12,C03,1,99.0,0.0,False,0,0
2025-06-12,C04,2,269.0,0.0,False,0,0
2025-06-12,C05,1,178.0,0.0,False,0,0
2025-06-12,C06,0,215.8,0.0,False,0,0
2025-06-12,C07,11,205.0,0.0,False,0,0
2025-06-12,C08,0,29.0,0.0,False,0,0
2025-06-13,A01,4,856.0,1090.0,False,0,0
2025-06-13,A02,129,1751.0,4897.0,True,0,0
2025-06-13,A03,0,670.0,0.0,False,0,0
2025-06-13,A04,1,358.0,0.0,False,0,0
2025-06-13,A05,17,4818.0,3509.0,False,0,1
2025-06-13,A06,58,5728.0,5931.0,False,0,1
2025-06-13,A07,12,334.0,872.0,False,0,0
2025-06-13,A08,2,190.0,0.0,False,0,0
2025-06-13,A09,4,896.0,0.0,False,0,0
2025-06-13,A10,469,1030.0,8021.0,False,0,0
2025-06-13,B01,6,139.0,350.0,False,0,0
2025-06-13,B02,62,1970.0,0.0,False,0,0
2025-06-13,B03,3,163.0,749.0,False,0,0
2025-06-13,B04,6,432.0,0.0,False,0,0
2025-06-13,B05,0,362.0,0.0,False,0,0
2025-06-13,B06,9,1037.4,0.0,False,0,0
2025-06-13,B07,12,3938.0,5088.0,False,0,1
2025-06-13,B08,23,2266.0,0.0,False,0,0
2025-06-13,B09,12,776.0,0.0,False,0,0
2025-06-13,B10,5,165.0,0.0,False,0,0
2025-06-13,B11,1,723.0,0.0,False,0,0
2025-06-13,B12,5,1756.0,0.0,False,0,0
2025-06-13,C01,0,0.0,68.0,False,0,0
2025-06-13,C02,6,256.0,0.0,False,0,0
2025-06-13,C03,0,99.0,0.0,False,0,0
2025-06-13,C04,23,246.0,0.0,False,0,0
2025-06-13,C05,0,178.0,0.0,False,0,0
2025-06-13,C06,1,249.0,0.0,False,0,0
2025-06-13,C07,2,203.0,0.0,False,0,0
2025-06-13,C08,2,24.5,0.0,False,0,0
2025-06-14,A01,9,847.0,1090.0,False,0,0
2025-06-14,A02,0,1751.0,4897.0,False,0,0
2025-06-14,A03,4,725.5,0.0,False,0,0
2025-06-14,A04,2,356.0,0.0,False,0,0
2025-06-14,A05,2,4815.0,3509.0,False,0,1
2025-06-14,A06,346,5381.0,5931.0,False,0,1
2025-06-14,A07,14,320.0,872.0,False,0,0
2025-06-14,A08,0,190.0,0.0,False,0,0
2025-06-14,A09,0,896.0,0.0,False,0,0
2025-06-14,A10,102,928.0,8021.0,False,0,0
2025-06-14,B01,3,136.0,350.0,False,0,0
2025-06-14,B02,4,1966.0,0.0,False,0,0
2025-06-14,B03,42,121.0,749.0,False,0,0
2025-06-14,B04,1,377.8,0.0,False,0,0
2025-06-14,B05,0,362.0,0.0,False,0,0
2025-06-14,B06,14,1153.6,0.0,False,0,0
2025-06-14,B07,117,3820.0,5088.0,False,0,1
2025-06-14,B08,46,2352.7,0.0,False,0,0
2025-06-14,B09,4,772.0,0.0,False,0,0
2025-06-14,B10,1,164.0,0.0,False,0,0
2025-06-14,B11,11,712.0,0.0,False,0,0
2025-06-14,B12,2,1754.0,0.0,False,0,0
2025-06-14,C01,0,0.0,68.0,False,0,0
2025-06-14,C02,6,250.0,0.0,False,0,0
2025-06-14,C03,0,99.0,0.0,False,0,0
2025-06-14,C04,4,242.0,0.0,False,0,0
2025-06-14,C05,1,186.2,0.0,False,0,0
2025-06-14,C06,1,248.0,0.0,False,0,0
2025-06-14,C07,3,200.0,0.0,False,0,0
2025-06-14,C08,0,27.0,0.0,False,0,0
2025-06-15,A01,1,846.0,1090.0,False,0,0
2025-06-15,A02,72,1679.0,4897.0,False,0,0
2025-06-15,A03,0,666.0,0.0,False,0,0
2025-06-15,A04,0,368.5,0.0,False,0,0
2025-06-15,A05,15,4799.0,3509.0,False,0,1
2025-06-15,A06,146,5234.0,5931.0,False,0,1
2025-06-15,A07,13,307.0,872.0,False,0,0
2025-06-15,A08,0,190.0,0.0,False,0,0
2025-06-15,A09,24,872.0,0.0,False,0,0
2025-06-15,A10,273,655.0,8021.0,False,0,0
2025-06-15,B01,0,136.0,350.0,False,0,0
2025-06-15,B02,21,1934.0,0.0,False,0,0
2025-06-15,B03,0,121.0,749.0,False,0,0
2025-06-15,B04,0,369.9,0.0,False,0,0
2025-06-15,B05,0,362.0,0.0,False,0,0
2025-06-15,B06,30,1096.0,0.0,False,0,0
2025-06-15,B07,54,3765.0,5088.0,False,0,1
2025-06-15,B08,93,2127.0,0.0,False,0,0
2025-06-15,B09,1,771.0,0.0,False,0,0
2025-06-15,B10,1,163.0,0.0,False,0,0
2025-06-15,B11,4,708.0,0.0,False,0,0
2025-06-15,B12,1,1753.0,0.0,False,0,0
2025-06-15,C01,0,0.0,68.0,False,0,0
2025-06-15,C02,13,237.0,0.0,False,0,0
2025-06-15,C03,0,99.0,0.0,False,0,0
2025-06-15,C04,0,205.9,0.0,False,0,0
2025-06-15,C05,1,176.0,0.0,False,0,0
2025-06-15,C06,0,248.0,0.0,False,0,0
2025-06-15,C07,1,191.6,0.0,False,0,0
2025-06-15,C08,0,27.0,0.0,False,0,0
2025-06-16,A01,16,830.0,2173.0,True,0,0
2025-06-16,A02,321,1358.0,4897.0,False,0,0
2025-06-16,A03,10,656.0,0.0,False,0,0
2025-06-16,A04,3,353.0,0.0,False,0,0
2025-06-16,A05,3,4795.0,3509.0,False,0,1
2025-06-16,A06,82,5151.0,5931.0,False,0,1
2025-06-16,A07,1,306.0,872.0,False,0,0
2025-06-16,A08,0,190.0,0.0,False,0,0
2025-06-16,A09,0,908.3,0.0,False,0,0
2025-06-16,A10,173,482.0,8021.0,False,0,0
2025-06-16,B01,2,134.0,350.0,False,0,0
2025-06-16,B02,9,1936.0,0.0,False,0,0
2025-06-16,B03,0,121.0,749.0,False,0,0
2025-06-16,B04,8,423.0,0.0,False,0,0
2025-06-16,B05,1,361.0,0.0,False,0,0
2025-06-16,B06,34,1062.0,0.0,False,0,0
2025-06-16,B07,54,3710.0,5088.0,False,0,1
2025-06-16,B08,9,2118.0,0.0,False,0,0
2025-06-16,B09,0,771.0,0.0,False,0,0
2025-06-16,B10,0,163.0,0.0,False,0,0
2025-06-16,B11,31,677.0,0.0,False,0,0
2025-06-16,B12,20,1733.0,0.0,False,0,0
2025-06-16,C01,0,0.0,68.0,False,0,0
2025-06-16,C02,2,235.0,0.0,False,0,0
2025-06-16,C03,0,110.1,0.0,False,0,0
2025-06-16,C04,1,241.0,0.0,False,0,0
2025-06-16,C05,3,173.0,0.0,False,0,0
2025-06-16,C06,0,248.0,0.0,False,0,0
2025-06-16,C07,7,192.0,0.0,False,0,0
2025-06-16,C08,0,27.0,0.0,False,0,0
2025-06-17,A01,63,767.0,2173.0,False,0,0
2025-06-17,A02,14,1344.0,4897.0,False,0,0
2025-06-17,A03,6,650.0,0.0,False,0,0
2025-06-17,A04,0,353.0,0.0,False,0,0
2025-06-17,A05,107,4687.0,3509.0,False,0,1
2025-06-17,A06,25,5125.0,5931.0,False,0,1
2025-06-17,A07,25,270.7,872.0,False,0,0
2025-06-17,A08,16,197.6,0.0,False,0,0
2025-06-17,A09,0,872.0,0.0,False,0,0
2025-06-17,A10,139,343.0,8021.0,False,0,0
2025-06-17,B01,0,134.0,350.0,False,0,0
2025-06-17,B02,8,1928.0,0.0,False,0,0
2025-06-17,B03,24,91.6,749.0,False,0,0
2025-06-17,B04,3,420.0,0.0,False,0,0
2025-06-17,B05,0,361.0,0.0,False,0,0
2025-06-17,B06,53,1009.0,0.0,False,0,0
2025-06-17,B07,7,3702.0,5088.0,False,0,1
2025-06-17,B08,26,2092.0,0.0,False,0,0
2025-06-17,B09,6,765.0,0.0,False,0,0
2025-06-17,B10,0,163.0,0.0,False,0,0
2025-06-17,B11,31,646.0,0.0,False,0,0
2025-06-17,B12,13,1720.0,0.0,False,0,0
2025-06-17,C01,1,0.0,68.0,False,1,0
2025-06-17,C02,0,235.0,0.0,False,0,0
2025-06-17,C03,0,111.0,0.0,False,0,0
2025-06-17,C04,1,240.0,0.0,False,0,0
2025-06-17,C05,2,171.0,0.0,False,0,0
2025-06-17,C06,2,246.0,0.0,False,0,0
2025-06-17,C07,6,186.0,0.0,False,0,0
2025-06-17,C08,0,27.0,0.0,False,0,0
2025-06-18,A01,21,746.0,2173.0,False,0,0
2025-06-18,A02,85,1259.0,4897.0,False,0,0
2025-06-18,A03,3,647.0,0.0,False,0,0
2025-06-18,A04,6,347.0,0.0,False,0,0
2025-06-18,A05,256,4430.0,3509.0,False,0,1
2025-06-18,A06,77,5047.0,5931.0,False,0,1
2025-06-18,A07,4,277.0,872.0,False,0,0
2025-06-18,A08,9,165.0,0.0,False,0,0
2025-06-18,A09,8,864.0,0.0,False,0,0
2025-06-18,A10,143,200.0,8021.0,False,0,0
2025-06-18,B01,3,131.0,350.0,False,0,0
2025-06-18,B02,2,1926.0,0.0,False,0,0
2025-06-18,B03,11,86.0,749.0,False,0,0
2025-06-18,B04,2,418.0,0.0,False,0,0
2025-06-18,B05,0,361.0,0.0,False,0,0
2025-06-18,B06,7,1002.0,0.0,False,0,0
2025-06-18,B07,11,3690.0,5088.0,False,0,1
2025-06-18,B08,50,2042.0,0.0,False,0,0
2025-06-18,B09,15,750.0,0.0,False,0,0
2025-06-18,B10,3,160.0,0.0,False,0,0
2025-06-18,B11,3,643.0,0.0,False,0,0
2025-06-18,B12,25,1695.0,0.0,False,0,0
2025-06-18,C01,1,0.0,68.0,False,1,0
2025-06-18,C02,8,227.0,0.0,False,0,0
2025-06-18,C03,0,99.0,0.0,False,0,0
2025-06-18,C04,0,240.0,0.0,False,0,0
2025-06-18,C05,0,171.0,0.0,False,0,0
2025-06-18,C06,0,246.0,0.0,False,0,0
2025-06-18,C07,0,186.0,0.0,False,0,0
2025-06-18,C08,0,27.0,0.0,False,0,0
2025-06-19,A01,16,837.7,2173.0,False,0,0
2025-06-19,A02,2,4108.0,2460.0,False,0,1
2025-06-19,A03,2,645.0,0.0,False,0,0
2025-06-19,A04,3,344.0,0.0,False,0,0
2025-06-19,A05,49,4380.0,3509.0,False,0,1
2025-06-19,A06,56,4990.0,5931.0,False,0,1
2025-06-19,A07,1,1148.0,0.0,False,0,0
2025-06-19,A08,3,162.0,0.0,False,0,0
2025-06-19,A09,1,863.0,0.0,False,0,0
2025-06-19,A10,0,200.0,8021.0,False,0,0
2025-06-19,B01,4,127.0,350.0,False,0,0
2025-06-19,B02,5,1921.0,0.0,False,0,0
2025-06-19,B03,9,77.0,749.0,False,0,0
2025-06-19,B04,2,416.0,0.0,False,0,0
2025-06-19,B05,1,360.0,0.0,False,0,0
2025-06-19,B06,0,1138.5,0.0,False,0,0
2025-06-19,B07,208,3481.0,5088.0,False,0,1
2025-06-19,B08,3,2039.0,0.0,False,0,0
2025-06-19,B09,2,753.4,0.0,False,0,0
2025-06-19,B10,0,160.0,0.0,False,0,0
2025-06-19,B11,10,633.0,0.0,False,0,0
2025-06-19,B12,8,1687.0,0.0,False,0,0
2025-06-19,C01,1,0.0,68.0,False,1,0
2025-06-19,C02,0,231.5,0.0,False,0,0
2025-06-19,C03,0,99.0,0.0,False,0,0
2025-06-19,C04,0,240.0,0.0,False,0,0
2025-06-19,C05,0,171.0,0.0,False,0,0
2025-06-19,C06,3,243.0,0.0,False,0,0
2025-06-19,C07,0,186.0,0.0,False,0,0
2025-06-19,C08,0,27.0,0.0,False,0,0
2025-06-20,A01,19,711.0,2173.0,False,0,0
2025-06-20,A02,74,3618.0,2460.0,False,0,1
2025-06-20,A03,3,642.0,0.0,False,0,0
2025-06-20,A04,0,344.0,0.0,False,0,0
2025-06-20,A05,116,4263.0,3509.0,False,0,1
2025-06-20,A06,162,4827.0,11905.0,True,0,1
2025-06-20,A07,21,1127.0,0.0,False,0,0
2025-06-20,A08,0,162.0,0.0,False,0,0
2025-06-20,A09,10,853.0,0.0,False,0,0
2025-06-20,A10,64,136.0,15813.0,True,0,0
2025-06-20,B01,0,127.0,350.0,False,0,0
2025-06-20,B02,20,1901.0,0.0,False,0,0
2025-06-20,B03,6,71.0,749.0,False,0,0
2025-06-20,B04,2,414.0,0.0,False,0,0
2025-06-20,B05,1,359.0,0.0,False,0,0
2025-06-20,B06,0,1002.0,0.0,False,0,0
2025-06-20,B07,384,3209.1,5088.0,False,0,1
2025-06-20,B08,143,1896.0,0.0,False,0,0
2025-06-20,B09,3,745.0,0.0,False,0,0
2025-06-20,B10,1,159.0,0.0,False,0,0
2025-06-20,B11,75,558.0,0.0,False,0,0
2025-06-20,B12,15,1672.0,0.0,False,0,0
2025-06-20,C01,2,0.0,68.0,False,2,0
2025-06-20,C02,6,221.0,0.0,False,0,0
2025-06-20,C03,2,90.5,0.0,False,0,0
2025-06-20,C04,0,240.0,0.0,False,0,0
2025-06-20,C05,1,172.0,0.0,False,0,0
2025-06-20,C06,0,243.0,0.0,False,0,0
2025-06-20,C07,3,183.0,0.0,False,0,0
2025-06-20,C08,0,27.0,0.0,False,0,0
2025-06-21,A01,7,704.0,2173.0,False,0,0
2025-06-21,A02,153,3464.0,2460.0,False,0,1
2025-06-21,A03,0,712.8,0.0,False,0,0
2025-06-21,A04,7,337.0,0.0,False,0,0
2025-06-21,A05,161,4101.0,3509.0,False,0,1
2025-06-21,A06,369,4457.0,11905.0,False,0,1
2025-06-21,A07,0,1127.0,0.0,False,0,0
2025-06-21,A08,1,161.0,0.0,False,0,0
2025-06-21,A09,26,827.0,0.0,False,0,0
2025-06-21,A10,199,0.0,15813.0,False,63,0
2025-06-21,B01,0,127.0,350.0,False,0,0
2025-06-21,B02,1,1900.0,0.0,False,0,0
2025-06-21,B03,0,71.0,749.0,False,0,0
2025-06-21,B04,0,414.0,0.0,False,0,0
2025-06-21,B05,2,357.0,0.0,False,0,0
2025-06-21,B06,3,999.0,0.0,False,0,0
2025-06-21,B07,124,2971.0,5088.0,False,0,1
2025-06-21,B08,1,1895.0,0.0,False,0,0
2025-06-21,B09,0,745.0,0.0,False,0,0
2025-06-21,B10,2,157.0,0.0,False,0,0
2025-06-21,B11,11,547.0,0.0,False,0,0
2025-06-21,B12,26,1646.0,0.0,False,0,0
2025-06-21,C01,0,0.0,68.0,False,0,0
2025-06-21,C02,3,218.0,0.0,False,0,0
2025-06-21,C03,0,97.0,0.0,False,0,0
2025-06-21,C04,5,235.0,0.0,False,0,0
2025-06-21,C05,0,170.0,0.0,False,0,0
2025-06-21,C06,1,242.0,0.0,False,0,0
2025-06-21,C07,2,181.0,0.0,False,0,0
2025-06-21,C08,2,25.0,0.0,False,0,0
2025-06-22,A01,18,686.0,2173.0,False,0,0
2025-06-22,A02,51,3101.2,2460.0,False,0,1
2025-06-22,A03,14,628.0,0.0,False,0,0
2025-06-22,A04,0,337.0,0.0,False,0,0
2025-06-22,A05,60,4040.0,3509.0,False,0,1
2025-06-22,A06,24,4432.0,11905.0,False,0,1
2025-06-22,A07,0,1127.0,0.0,False,0,0
2025-06-22,A08,6,155.0,0.0,False,0,0
2025-06-22,A09,11,816.0,0.0,False,0,0
2025-06-22,A10,62,0.0,15813.0,False,62,0
2025-06-22,B01,1,138.9,350.0,False,0,0
2025-06-22,B02,1,1899.0,0.0,False,0,0
2025-06-22,B03,0,71.0,749.0,False,0,0
2025-06-22,B04,1,413.0,0.0,False,0,0
2025-06-22,B05,5,344.3,0.0,False,0,0
2025-06-22,B06,0,999.0,0.0,False,0,0
2025-06-22,B07,31,2939.0,5088.0,False,0,1
2025-06-22,B08,0,1895.0,0.0,False,0,0
2025-06-22,B09,8,737.0,0.0,False,0,0
2025-06-22,B10,2,155.0,0.0,False,0,0
2025-06-22,B11,15,532.0,0.0,False,0,0
2025-06-22,B12,18,1628.0,0.0,False,0,0
2025-06-22,C01,0,0.0,68.0,False,0,0
2025-06-22,C02,1,217.0,0.0,False,0,0
2025-06-22,C03,0,106.8,0.0,False,0,0
2025-06-22,C04,5,230.0,0.0,False,0,0
2025-06-22,C05,0,170.0,0.0,False,0,0
2025-06-22,C06,1,241.0,0.0,False,0,0
2025-06-22,C07,0,181.0,0.0,False,0,0
2025-06-22,C08,0,25.0,0.0,False,0,0
2025-06-23,A01,0,686.0,2173.0,False,0,0
2025-06-23,A02,42,3369.0,2460.0,False,0,1
2025-06-23,A03,26,602.0,0.0,False,0,0
2025-06-23,A04,0,337.0,0.0,False,0,0
2025-06-23,A05,20,4019.0,3509.0,False,0,1
2025-06-23,A06,12,4419.0,11905.0,False,0,1
2025-06-23,A07,2,1125.0,0.0,False,0,0
2025-06-23,A08,0,155.0,0.0,False,0,0
2025-06-23,A09,3,813.0,0.0,False,0,0
2025-06-23,A10,203,0.0,15813.0,False,203,0
2025-06-23,B01,1,125.0,350.0,False,0,0
2025-06-23,B02,1,1802.2,0.0,False,0,0
2025-06-23,B03,15,56.0,749.0,False,0,0
2025-06-23,B04,0,371.0,0.0,False,0,0
2025-06-23,B05,0,352.0,0.0,False,0,0
2025-06-23,B06,0,999.0,0.0,False,0,0
2025-06-23,B07,21,2917.0,5088.0,False,0,1
2025-06-23,B08,7,1888.0,0.0,False,0,0
2025-06-23,B09,0,668.6,0.0,False,0,0
2025-06-23,B10,2,153.0,0.0,False,0,0
2025-06-23,B11,1,470.5,0.0,False,0,0
2025-06-23,B12,18,1610.0,0.0,False,0,0
2025-06-23,C01,1,0.0,68.0,False,1,0
2025-06-23,C02,0,217.0,0.0,False,0,0
2025-06-23,C03,1,96.0,0.0,False,0,0
2025-06-23,C04,0,234.4,0.0,False,0,0
2025-06-23,C05,1,169.0,0.0,False,0,0
2025-06-23,C06,0,241.0,0.0,False,0,0
2025-06-23,C07,3,198.0,0.0,False,0,0
2025-06-23,C08,0,25.0,0.0,False,0,0
2025-06-24,A01,15,671.0,2173.0,False,0,0
2025-06-24,A02,21,3581.5,2460.0,False,0,1
2025-06-24,A03,9,593.0,0.0,False,0,0
2025-06-24,A04,0,337.0,0.0,False,0,0
2025-06-24,A05,4,4014.0,3509.0,False,0,1
2025-06-24,A06,66,4120.8,11905.0,False,0,1
2025-06-24,A07,11,1179.6,0.0,False,0,0
2025-06-24,A08,16,139.0,0.0,False,0,0
2025-06-24,A09,11,802.0,0.0,False,0,0
2025-06-24,A10,20,0.0,15813.0,False,20,0
2025-06-24,B01,3,122.0,350.0,False,0,0
2025-06-24,B02,2,1782.8,0.0,False,0,0
2025-06-24,B03,0,56.0,749.0,False,0,0
2025-06-24,B04,3,410.0,0.0,False,0,0
2025-06-24,B05,1,351.0,0.0,False,0,0
2025-06-24,B06,0,999.0,0.0,False,0,0
2025-06-24,B07,375,2541.0,5088.0,False,0,1
2025-06-24,B08,0,1888.0,0.0,False,0,0
2025-06-24,B09,3,734.0,0.0,False,0,0
2025-06-24,B10,3,150.0,0.0,False,0,0
2025-06-24,B11,16,515.0,0.0,False,0,0
2025-06-24,B12,0,1610.0,0.0,False,0,0
2025-06-24,C01,1,0.0,68.0,False,1,0
2025-06-24,C02,2,215.0,0.0,False,0,0
2025-06-24,C03,0,96.0,0.0,False,0,0
2025-06-24,C04,0,230.0,0.0,False,0,0
2025-06-24,C05,1,168.0,0.0,False,0,0
2025-06-24,C06,2,239.0,0.0,False,0,0
2025-06-24,C07,0,178.0,0.0,False,0,0
2025-06-24,C08,0,22.1,0.0,False,0,0
2025-06-25,A01,7,643.4,2173.0,False,0,0
2025-06-25,A02,32,3314.0,2460.0,False,0,1
2025-06-25,A03,3,590.0,0.0,False,0,0
2025-06-25,A04,0,337.0,0.0,False,0,0
2025-06-25,A05,75,3938.0,3509.0,False,0,1
2025-06-25,A06,21,4330.0,11905.0,False,0,1
2025-06-25,A07,12,1102.0,0.0,False,0,0
2025-06-25,A08,0,139.0,0.0,False,0,0
2025-06-25,A09,11,791.0,0.0,False,0,0
2025-06-25,A10,69,0.0,15813.0,False,69,0
2025-06-25,B01,1,121.0,350.0,False,0,0
2025-06-25,B02,67,1829.0,0.0,False,0,0
2025-06-25,B03,1,55.0,749.0,False,0,0
2025-06-25,B04,2,408.0,0.0,False,0,0
2025-06-25,B05,0,351.0,0.0,False,0,0
2025-06-25,B06,1,998.0,0.0,False,0,0
2025-06-25,B07,37,2590.5,5088.0,False,0,1
2025-06-25,B08,12,1876.0,0.0,False,0,0
2025-06-25,B09,11,723.0,0.0,False,0,0
2025-06-25,B10,3,147.0,0.0,False,0,0
2025-06-25,B11,0,516.6,0.0,False,0,0
2025-06-25,B12,5,1605.0,0.0,False,0,0
2025-06-25,C01,1,0.0,68.0,False,1,0
2025-06-25,C02,3,212.0,0.0,False,0,0
2025-06-25,C03,0,96.0,0.0,False,0,0
2025-06-25,C04,5,233.5,0.0,False,0,0
2025-06-25,C05,0,168.0,0.0,False,0,0
2025-06-25,C06,0,239.0,0.0,False,0,0
2025-06-25,C07,1,177.0,0.0,False,0,0
2025-06-25,C08,1,24.0,0.0,False,0,0
2025-06-26,A01,2,662.0,2173.0,False,0,0
2025-06-26,A02,33,3280.0,2460.0,False,0,1
2025-06-26,A03,11,579.0,0.0,False,0,0
2025-06-26,A04,0,337.0,0.0,False,0,0
2025-06-26,A05,85,3852.0,3509.0,False,0,1
2025-06-26,A06,11,4318.0,11905.0,False,0,1
2025-06-26,A07,7,1095.0,0.0,False,0,0
2025-06-26,A08,4,118.0,0.0,False,0,0
2025-06-26,A09,11,780.0,0.0,False,0,0
2025-06-26,A10,3,0.0,15813.0,False,3,0
2025-06-26,B01,2,119.0,350.0,False,0,0
2025-06-26,B02,11,1818.0,0.0,False,0,0
2025-06-26,B03,24,31.0,749.0,False,0,0
2025-06-26,B04,3,405.0,0.0,False,0,0
2025-06-26,B05,0,351.0,0.0,False,0,0
2025-06-26,B06,13,985.0,0.0,False,0,0
2025-06-26,B07,46,2456.0,5088.0,False,0,1
2025-06-26,B08,13,1863.0,0.0,False,0,0
2025-06-26,B09,5,718.0,0.0,False,0,0
2025-06-26,B10,0,131.8,0.0,False,0,0
2025-06-26,B11,14,501.0,0.0,False,0,0
2025-06-26,B12,3,1602.0,0.0,False,0,0
2025-06-26,C01,0,0.0,68.0,False,0,0
2025-06-26,C02,7,205.0,0.0,False,0,0
2025-06-26,C03,0,96.0,0.0,False,0,0
2025-06-26,C04,3,194.7,0.0,False,0,0
2025-06-26,C05,0,168.0,0.0,False,0,0
2025-06-26,C06,3,236.0,0.0,False,0,0
2025-06-26,C07,2,175.0,0.0,False,0,0
2025-06-26,C08,0,24.0,0.0,False,0,0
2025-06-27,A01,75,587.0,2173.0,False,0,0
2025-06-27,A02,180,3099.0,2460.0,False,0,1
2025-06-27,A03,38,462.3,863.0,True,0,0
2025-06-27,A04,3,334.0,0.0,False,0,0
2025-06-27,A05,69,3541.7,3509.0,False,0,1
2025-06-27,A06,285,4032.0,11905.0,False,0,1
2025-06-27,A07,7,1088.0,0.0,False,0,0
2025-06-27,A08,20,115.0,0.0,False,0,0
2025-06-27,A09,8,772.0,0.0,False,0,0
2025-06-27,A10,5,0.0,15813.0,False,5,0
2025-06-27,B01,0,119.0,350.0,False,0,0
2025-06-27,B02,1,1817.0,0.0,False,0,0
2025-06-27,B03,5,26.0,749.0,False,0,0
2025-06-27,B04,0,405.0,0.0,False,0,0
2025-06-27,B05,2,349.0,0.0,False,0,0
2025-06-27,B06,23,962.0,0.0,False,0,0
2025-06-27,B07,364,2092.0,5088.0,False,0,0
2025-06-27,B08,3,1860.0,0.0,False,0,0
2025-06-27,B09,1,717.0,0.0,False,0,0
2025-06-27,B10,3,144.0,0.0,False,0,0
2025-06-27,B11,0,501.0,0.0,False,0,0
2025-06-27,B12,4,1598.0,0.0,False,0,0
2025-06-27,C01,0,0.0,68.0,False,0,0
2025-06-27,C02,13,192.0,0.0,False,0,0
2025-06-27,C03,1,93.4,0.0,False,0,0
2025-06-27,C04,2,220.0,0.0,False,0,0
2025-06-27,C05,0,160.7,0.0,False,0,0
2025-06-27,C06,4,232.0,0.0,False,0,0
2025-06-27,C07,7,168.0,0.0,False,0,0
2025-06-27,C08,0,24.0,0.0,False,0,0
2025-06-28,A01,17,570.0,2173.0,False,0,0
2025-06-28,A02,121,2957.8,2460.0,False,0,1
2025-06-28,A03,8,533.0,863.0,False,0,0
2025-06-28,A04,2,332.0,0.0,False,0,0
2025-06-28,A05,48,3733.0,3509.0,False,0,1
2025-06-28,A06,67,3964.0,11905.0,False,0,1
2025-06-28,A07,28,1060.0,0.0,False,0,0
2025-06-28,A08,2,113.0,0.0,False,0,0
2025-06-28,A09,5,767.0,0.0,False,0,0
2025-06-28,A10,21,0.0,15813.0,False,21,0
2025-06-28,B01,2,117.0,350.0,False,0,0
2025-06-28,B02,5,2018.0,0.0,False,0,0
2025-06-28,B03,1,25.0,749.0,False,0,0
2025-06-28,B04,0,405.0,0.0,False,0,0
2025-06-28,B05,2,347.0,0.0,False,0,0
2025-06-28,B06,0,962.0,0.0,False,0,0
2025-06-28,B07,97,1995.0,5088.0,False,0,0
2025-06-28,B08,1,1859.0,0.0,False,0,0
2025-06-28,B09,9,708.0,0.0,False,0,0
2025-06-28,B10,2,142.0,0.0,False,0,0
2025-06-28,B11,13,488.0,0.0,False,0,0
2025-06-28,B12,1,1597.0,0.0,False,0,0
2025-06-28,C01,0,0.0,68.0,False,0,0
2025-06-28,C02,1,191.0,0.0,False,0,0
2025-06-28,C03,0,95.0,0.0,False,0,0
2025-06-28,C04,0,220.0,0.0,False,0,0
2025-06-28,C05,0,168.0,0.0,False,0,0
2025-06-28,C06,0,232.0,0.0,False,0,0
2025-06-28,C07,3,165.0,0.0,False,0,0
2025-06-28,C08,1,23.0,0.0,False,0,0
2025-06-29,A01,12,1648.0,1083.0,False,0,0
2025-06-29,A02,83,2893.0,2460.0,False,0,1
2025-06-29,A03,0,533.0,863.0,False,0,0
2025-06-29,A04,0,332.0,0.0,False,0,0
2025-06-29,A05,5,3727.0,3509.0,False,0,1
2025-06-29,A06,132,3831.0,11905.0,False,0,1
2025-06-29,A07,10,1050.0,0.0,False,0,0
2025-06-29,A08,0,113.0,0.0,False,0,0
2025-06-29,A09,3,764.0,0.0,False,0,0
2025-06-29,A10,7,0.0,15813.0,False,7,0
2025-06-29,B01,0,117.0,350.0,False,0,0
2025-06-29,B02,11,1965.4,0.0,False,0,0
2025-06-29,B03,5,20.0,749.0,False,0,0
2025-06-29,B04,1,404.0,0.0,False,0,0
2025-06-29,B05,1,302.0,0.0,False,0,0
2025-06-29,B06,0,962.0,0.0,False,0,0
2025-06-29,B07,98,1897.0,5088.0,False,0,0
2025-06-29,B08,10,1849.0,0.0,False,0,0
2025-06-29,B09,6,702.0,0.0,False,0,0
2025-06-29,B10,3,139.0,0.0,False,0,0
2025-06-29,B11,1,487.0,0.0,False,0,0
2025-06-29,B12,22,1611.9,0.0,False,0,0
2025-06-29,C01,1,0.0,68.0,False,1,0
2025-06-29,C02,6,200.9,0.0,False,0,0
2025-06-29,C03,0,95.0,0.0,False,0,0
2025-06-29,C04,0,220.0,0.0,False,0,0
2025-06-29,C05,0,168.0,0.0,False,0,0
2025-06-29,C06,4,228.0,0.0,False,0,0
2025-06-29,C07,5,160.0,0.0,False,0,0
2025-06-29,C08,0,25.6,0.0,False,0,0
2025-06-30,A01,30,2821.7,0.0,False,0,1
2025-06-30,A02,188,2704.0,2460.0,False,0,1
2025-06-30,A03,17,516.0,863.0,False,0,0
2025-06-30,A04,3,304.8,0.0,False,0,0
2025-06-30,A05,262,3464.0,3509.0,False,0,1
2025-06-30,A06,167,3663.0,11905.0,False,0,1
2025-06-30,A07,12,1038.0,0.0,False,0,0
2025-06-30,A08,2,111.0,0.0,False,0,0
2025-06-30,A09,10,754.0,0.0,False,0,0
2025-06-30,A10,37,0.0,15813.0,False,37,0
2025-06-30,B01,0,99.5,350.0,False,0,0
2025-06-30,B02,11,1790.0,0.0,False,0,0
2025-06-30,B03,3,16.5,749.0,False,0,0
2025-06-30,B04,10,394.0,0.0,False,0,0
2025-06-30,B05,0,346.0,0.0,False,0,0
2025-06-30,B06,0,962.0,0.0,False,0,0
2025-06-30,B07,94,1803.0,5088.0,False,0,0
2025-06-30,B08,5,1844.0,0.0,False,0,0
2025-06-30,B09,0,702.0,0.0,False,0,0
2025-06-30,B10,0,142.3,0.0,False,0,0
2025-06-30,B11,2,485.0,0.0,False,0,0
2025-06-30,B12,18,1557.0,0.0,False,0,0
2025-06-30,C01,0,0.0,68.0,False,0,0
2025-06-30,C02,24,161.0,0.0,False,0,0
2025-06-30,C03,1,94.0,0.0,False,0,0
2025-06-30,C04,0,220.0,0.0,False,0,0
2025-06-30,C05,0,168.0,0.0,False,0,0
2025-06-30,C06,0,228.0,0.0,False,0,0
2025-06-30,C07,6,154.0,0.0,False,0,0
2025-06-30,C08,0,23.0,0.0,False,0,0
2025-07-01,A01,5,2694.0,0.0,False,0,1
2025-07-01,A02,7,2696.0,2460.0,False,0,1
2025-07-01,A03,7,509.0,863.0,False,0,0
2025-07-01,A04,1,319.6,0.0,False,0,0
2025-07-01,A05,113,3350.0,3509.0,False,0,1
2025-07-01,A06,2,3563.7,11905.0,False,0,1
2025-07-01,A07,4,1034.0,0.0,False,0,0
2025-07-01,A08,5,106.0,0.0,False,0,0
2025-07-01,A09,0,754.0,0.0,False,0,0
2025-07-01,A10,283,0.0,15813.0,False,283,0
2025-07-01,B01,12,105.0,350.0,False,0,0
2025-07-01,B02,2,1788.0,0.0,False,0,0
2025-07-01,B03,2,15.0,749.0,False,0,0
2025-07-01,B04,1,393.0,0.0,False,0,0
2025-07-01,B05,0,346.0,0.0,False,0,0
2025-07-01,B06,21,871.3,0.0,False,0,0
2025-07-01,B07,222,1581.0,5088.0,False,0,0
2025-07-01,B08,8,1836.0,0.0,False,0,0
2025-07-01,B09,2,700.0,0.0,False,0,0
2025-07-01,B10,0,139.0,0.0,False,0,0
2025-07-01,B11,1,484.0,0.0,False,0,0
2025-07-01,B12,2,1555.0,0.0,False,0,0
2025-07-01,C01,0,0.0,68.0,False,0,0
2025-07-01,C02,15,146.0,0.0,False,0,0
2025-07-01,C03,2,92.0,0.0,False,0,0
2025-07-01,C04,0,220.0,0.0,False,0,0
2025-07-01,C05,2,166.0,0.0,False,0,0
2025-07-01,C06,3,225.0,0.0,False,0,0
2025-07-01,C07,3,167.5,0.0,False,0,0
2025-07-01,C08,2,21.0,0.0,False,0,0
2025-07-02,A01,3,2690.0,0.0,False,0,1
2025-07-02,A02,79,2616.0,2460.0,False,0,1
2025-07-02,A03,14,495.0,863.0,False,0,0
2025-07-02,A04,9,319.0,0.0,False,0,0
2025-07-02,A05,118,3231.0,3509.0,False,0,1
2025-07-02,A06,625,3034.0,11905.0,False,0,1
2025-07-02,A07,5,1029.0,0.0,False,0,0
2025-07-02,A08,1,105.0,0.0,False,0,0
2025-07-02,A09,0,754.0,0.0,False,0,0
2025-07-02,A10,1,0.0,15813.0,False,1,0
2025-07-02,B01,2,103.0,350.0,False,0,0
2025-07-02,B02,2,1786.0,0.0,False,0,0
2025-07-02,B03,3,12.0,749.0,False,0,0
2025-07-02,B04,3,390.0,0.0,False,0,0
2025-07-02,B05,4,342.0,0.0,False,0,0
2025-07-02,B06,47,761.0,0.0,False,0,0
2025-07-02,B07,349,1232.0,5088.0,False,0,0
2025-07-02,B08,15,1821.0,0.0,False,0,0
2025-07-02,B09,7,693.0,0.0,False,0,0
2025-07-02,B10,0,139.0,0.0,False,0,0
2025-07-02,B11,3,481.0,0.0,False,0,0
2025-07-02,B12,2,1553.0,0.0,False,0,0
2025-07-02,C01,0,0.0,68.0,False,0,0
2025-07-02,C02,1,145.0,0.0,False,0,0
2025-07-02,C03,1,102.6,0.0,False,0,0
2025-07-02,C04,0,210.4,0.0,False,0,0
2025-07-02,C05,2,184.1,0.0,False,0,0
2025-07-02,C06,1,224.0,0.0,False,0,0
2025-07-02,C07,0,151.0,0.0,False,0,0
2025-07-02,C08,2,19.0,102.0,True,0,0
2025-07-03,A01,1,2688.0,0.0,False,0,1
2025-07-03,A02,246,2370.0,2460.0,False,0,0
2025-07-03,A03,9,486.0,863.0,False,0,0
2025-07-03,A04,7,312.0,0.0,False,0,0
2025-07-03,A05,65,3165.0,3509.0,False,0,1
2025-07-03,A06,65,2968.0,11905.0,False,0,1
2025-07-03,A07,26,1003.0,0.0,False,0,0
2025-07-03,A08,16,89.0,338.0,True,0,0
2025-07-03,A09,11,743.0,0.0,False,0,0
2025-07-03,A10,143,0.0,15813.0,False,143,0
2025-07-03,B01,3,100.0,350.0,False,0,0
2025-07-03,B02,1,1785.0,0.0,False,0,0
2025-07-03,B03,1,11.0,749.0,False,0,0
2025-07-03,B04,3,387.0,0.0,False,0,0
2025-07-03,B05,1,341.0,0.0,False,0,0
2025-07-03,B06,13,881.0,0.0,False,0,0
2025-07-03,B07,168,1064.0,5088.0,False,0,0
2025-07-03,B08,4,2005.8,0.0,False,0,0
2025-07-03,B09,2,691.0,0.0,False,0,0
2025-07-03,B10,6,133.0,0.0,False,0,0
2025-07-03,B11,9,472.0,0.0,False,0,0
2025-07-03,B12,10,1543.0,0.0,False,0,0
2025-07-03,C01,2,0.0,68.0,False,2,0
2025-07-03,C02,10,135.0,0.0,False,0,0
2025-07-03,C03,0,91.0,0.0,False,0,0
2025-07-03,C04,6,214.0,0.0,False,0,0
2025-07-03,C05,2,162.0,0.0,False,0,0
2025-07-03,C06,10,214.0,0.0,False,0,0
2025-07-03,C07,6,137.6,0.0,False,0,0
2025-07-03,C08,0,19.0,102.0,False,0,0
2025-07-04,A01,115,2572.0,0.0,False,0,1
2025-07-04,A02,135,2235.0,2460.0,False,0,0
2025-07-04,A03,0,486.0,863.0,False,0,0
2025-07-04,A04,4,308.0,0.0,False,0,0
2025-07-04,A05,2,3162.0,3509.0,False,0,1
2025-07-04,A06,142,2825.0,11905.0,False,0,1
2025-07-04,A07,2,927.7,788.0,True,0,0
2025-07-04,A08,0,89.0,338.0,False,0,0
2025-07-04,A09,2,741.0,0.0,False,0,0
2025-07-04,A10,236,0.0,15813.0,False,236,0
2025-07-04,B01,2,98.0,350.0,False,0,0
2025-07-04,B02,0,1785.0,0.0,False,0,0
2025-07-04,B03,1,10.0,749.0,False,0,0
2025-07-04,B04,0,387.0,0.0,False,0,0
2025-07-04,B05,0,391.5,0.0,False,0,0
2025-07-04,B06,12,869.0,0.0,False,0,0
2025-07-04,B07,25,1039.0,5088.0,False,0,0
2025-07-04,B08,3,1814.0,0.0,False,0,0
2025-07-04,B09,1,690.0,0.0,False,0,0
2025-07-04,B10,0,133.0,0.0,False,0,0
2025-07-04,B11,20,452.0,0.0,False,0,0
2025-07-04,B12,35,1508.0,0.0,False,0,0
2025-07-04,C01,0,0.0,68.0,False,0,0
2025-07-04,C02,0,135.0,0.0,False,0,0
2025-07-04,C03,0,91.0,0.0,False,0,0
2025-07-04,C04,6,208.0,0.0,False,0,0
2025-07-04,C05,6,156.0,0.0,False,0,0
2025-07-04,C06,8,206.0,0.0,False,0,0
2025-07-04,C07,2,143.0,0.0,False,0,0
2025-07-04,C08,0,19.0,102.0,False,0,0
2025-07-05,A01,76,2495.0,0.0,False,0,1
2025-07-05,A02,93,2142.0,2460.0,False,0,0
2025-07-05,A03,14,472.0,863.0,False,0,0
2025-07-05,A04,0,308.0,0.0,False,0,0
2025-07-05,A05,212,2949.0,3509.0,False,0,1
2025-07-05,A06,2,2822.0,11905.0,False,0,1
2025-07-05,A07,23,978.0,788.0,False,0,0
2025-07-05,A08,1,88.0,338.0,False,0,0
2025-07-05,A09,8,733.0,0.0,False,0,0
2025-07-05,A10,334,0.0,15813.0,False,334,0
2025-07-05,B01,4,94.0,350.0,False,0,0
2025-07-05,B02,1,1784.0,0.0,False,0,0
2025-07-05,B03,3,7.0,749.0,False,0,0
2025-07-05,B04,0,387.0,0.0,False,0,0
2025-07-05,B05,3,338.0,0.0,False,0,0
2025-07-05,B06,1,868.0,0.0,False,0,0
2025-07-05,B07,49,990.0,5088.0,False,0,0
2025-07-05,B08,14,1958.0,0.0,False,0,0
2025-07-05,B09,1,689.0,0.0,False,0,0
2025-07-05,B10,2,141.7,0.0,False,0,0
2025-07-05,B11,7,445.0,0.0,False,0,0
2025-07-05,B12,24,1283.9,0.0,False,0,0
2025-07-05,C01,0,0.0,68.0,False,0,0
2025-07-05,C02,1,134.0,0.0,False,0,0
2025-07-05,C03,1,90.0,0.0,False,0,0
2025-07-05,C04,0,208.0,0.0,False,0,0
2025-07-05,C05,0,172.0,0.0,False,0,0
2025-07-05,C06,9,197.0,0.0,False,0,0
2025-07-05,C07,0,143.0,0.0,False,0,0
2025-07-05,C08,0,20.0,102.0,False,0,0
2025-07-06,A01,7,2487.0,0.0,False,0,1
2025-07-06,A02,17,2125.0,2460.0,False,0,0
2025-07-06,A03,20,452.0,863.0,False,0,0
2025-07-06,A04,0,308.0,0.0,False,0,0
2025-07-06,A05,15,2933.0,3509.0,False,0,1
2025-07-06,A06,903,1919.0,11905.0,False,0,0
2025-07-06,A07,18,960.0,788.0,False,0,0
2025-07-06,A08,0,88.0,338.0,False,0,0
2025-07-06,A09,28,678.6,0.0,False,0,0
2025-07-06,A10,86,0.0,15813.0,False,86,0
2025-07-06,B01,1,93.6,350.0,False,0,0
2025-07-06,B02,1,1783.0,0.0,False,0,0
2025-07-06,B03,4,3.0,749.0,False,0,0
2025-07-06,B04,5,382.0,0.0,False,0,0
2025-07-06,B05,2,336.0,0.0,False,0,0
2025-07-06,B06,7,861.0,0.0,False,0,0
2025-07-06,B07,7,983.0,5088.0,False,0,0
2025-07-06,B08,11,1827.6,0.0,False,0,0
2025-07-06,B09,0,689.0,0.0,False,0,0
2025-07-06,B10,0,131.0,0.0,False,0,0
2025-07-06,B11,1,444.0,0.0,False,0,0
2025-07-06,B12,0,1484.0,0.0,False,0,0
2025-07-06,C01,0,0.0,68.0,False,0,0
2025-07-06,C02,6,128.0,0.0,False,0,0
2025-07-06,C03,1,89.0,0.0,False,0,0
2025-07-06,C04,0,208.0,0.0,False,0,0
2025-07-06,C05,0,156.0,0.0,False,0,0
2025-07-06,C06,1,196.0,0.0,False,0,0
2025-07-06,C07,1,142.0,0.0,False,0,0
2025-07-06,C08,1,18.0,102.0,False,0,0
2025-07-07,A01,4,2482.0,0.0,False,0,1
2025-07-07,A02,13,2112.0,2460.0,False,0,0
2025-07-07,A03,0,452.0,863.0,False,0,0
2025-07-07,A04,0,308.0,0.0,False,0,0
2025-07-07,A05,25,2859.8,3509.0,False,0,1
2025-07-07,A06,125,1794.0,11905.0,False,0,0
2025-07-07,A07,4,956.0,788.0,False,0,0
2025-07-07,A08,1,87.0,338.0,False,0,0
2025-07-07,A09,5,700.0,0.0,False,0,0
2025-07-07,A10,85,0.0,15813.0,False,85,0
2025-07-07,B01,0,93.0,350.0,False,0,0
2025-07-07,B02,13,1770.0,0.0,False,0,0
2025-07-07,B03,9,0.0,749.0,False,6,0
2025-07-07,B04,1,381.0,0.0,False,0,0
2025-07-07,B05,0,288.7,0.0,False,0,0
2025-07-07,B06,23,838.0,0.0,False,0,0
2025-07-07,B07,150,833.0,5088.0,False,0,0
2025-07-07,B08,63,1726.0,0.0,False,0,0
2025-07-07,B09,3,686.0,0.0,False,0,0
2025-07-07,B10,0,131.0,0.0,False,0,0
2025-07-07,B11,10,434.0,0.0,False,0,0
2025-07-07,B12,17,1467.0,0.0,False,0,0
2025-07-07,C01,0,0.0,68.0,False,0,0
2025-07-07,C02,12,116.0,0.0,False,0,0
2025-07-07,C03,0,89.0,0.0,False,0,0
2025-07-07,C04,17,191.0,0.0,False,0,0
2025-07-07,C05,1,155.0,0.0,False,0,0
2025-07-07,C06,5,191.0,0.0,False,0,0
2025-07-07,C07,8,134.0,0.0,False,0,0
2025-07-07,C08,1,17.0,102.0,False,0,0
2025-07-08,A01,62,2420.0,0.0,False,0,0
2025-07-08,A02,8,2104.0,2460.0,False,0,0
2025-07-08,A03,1,451.0,863.0,False,0,0
2025-07-08,A04,0,308.0,0.0,False,0,0
2025-07-08,A05,39,2867.0,3509.0,False,0,1
2025-07-08,A06,56,1738.0,11905.0,False,0,0
2025-07-08,A07,13,943.0,788.0,False,0,0
2025-07-08,A08,1,86.0,338.0,False,0,0
2025-07-08,A09,0,700.0,0.0,False,0,0
2025-07-08,A10,342,0.0,15813.0,False,342,0
2025-07-08,B01,1,92.0,350.0,False,0,0
2025-07-08,B02,18,1752.0,0.0,False,0,0
2025-07-08,B03,12,0.0,749.0,False,12,0
2025-07-08,B04,2,379.0,0.0,False,0,0
2025-07-08,B05,1,335.0,0.0,False,0,0
2025-07-08,B06,5,833.0,0.0,False,0,0
2025-07-08,B07,31,802.0,5088.0,False,0,0
2025-07-08,B08,0,1726.0,0.0,False,0,0
2025-07-08,B09,30,656.0,0.0,False,0,0
2025-07-08,B10,0,131.0,0.0,False,0,0
2025-07-08,B11,15,419.0,0.0,False,0,0
2025-07-08,B12,9,1458.0,0.0,False,0,0
2025-07-08,C01,0,0.0,68.0,False,0,0
2025-07-08,C02,1,115.0,0.0,False,0,0
2025-07-08,C03,1,88.0,0.0,False,0,0
2025-07-08,C04,0,191.0,0.0,False,0,0
2025-07-08,C05,2,153.0,0.0,False,0,0
2025-07-08,C06,0,191.0,0.0,False,0,0
2025-07-08,C07,0,134.0,0.0,False,0,0
2025-07-08,C08,0,17.0,102.0,False,0,0
2025-07-09,A01,16,2404.0,0.0,False,0,0
2025-07-09,A02,2,2102.0,2460.0,False,0,0
2025-07-09,A03,3,448.0,863.0,False,0,0
2025-07-09,A04,5,276.1,0.0,False,0,0
2025-07-09,A05,19,2428.3,3509.0,False,0,1
2025-07-09,A06,107,1631.0,11905.0,False,0,0
2025-07-09,A07,6,937.0,788.0,False,0,0
2025-07-09,A08,5,81.0,338.0,False,0,0
2025-07-09,A09,4,634.5,0.0,False,0,0
2025-07-09,A10,160,0.0,15813.0,False,160,0
2025-07-09,B01,8,84.0,350.0,False,0,0
2025-07-09,B02,3,1749.0,0.0,False,0,0
2025-07-09,B03,2,0.0,749.0,False,2,0
2025-07-09,B04,5,374.0,0.0,False,0,0
2025-07-09,B05,0,335.0,0.0,False,0,0
2025-07-09,B06,17,816.0,0.0,False,0,0
2025-07-09,B07,0,802.0,5088.0,False,0,0
2025-07-09,B08,51,1675.0,0.0,False,0,0
2025-07-09,B09,1,557.4,0.0,False,0,0
2025-07-09,B10,2,129.0,0.0,False,0,0
2025-07-09,B11,0,419.0,0.0,False,0,0
2025-07-09,B12,47,1411.0,0.0,False,0,0
2025-07-09,C01,1,0.0,68.0,False,1,0
2025-07-09,C02,3,112.0,0.0,False,0,0
2025-07-09,C03,2,86.0,0.0,False,0,0
2025-07-09,C04,4,187.0,0.0,False,0,0
2025-07-09,C05,3,150.0,0.0,False,0,0
2025-07-09,C06,2,189.0,0.0,False,0,0
2025-07-09,C07,2,132.0,0.0,False,0,0
2025-07-09,C08,0,17.0,102.0,False,0,0
2025-07-10,A01,9,2105.1,0.0,False,0,0
2025-07-10,A02,50,1745.2,4903.0,True,0,0
2025-07-10,A03,7,441.0,863.0,False,0,0
2025-07-10,A04,0,303.0,0.0,False,0,0
2025-07-10,A05,63,2783.0,3509.0,False,0,1
2025-07-10,A06,303,1328.0,11905.0,False,0,0
2025-07-10,A07,47,890.0,788.0,False,0,0
2025-07-10,A08,3,78.0,338.0,False,0,0
2025-07-10,A09,0,696.0,0.0,False,0,0
2025-07-10,A10,194,0.0,15813.0,False,194,0
2025-07-10,B01,1,83.0,350.0,False,0,0
2025-07-10,B02,22,1727.0,0.0,False,0,0
2025-07-10,B03,0,0.0,749.0,False,0,0
2025-07-10,B04,4,370.0,0.0,False,0,0
2025-07-10,B05,1,334.0,0.0,False,0,0
2025-07-10,B06,7,809.0,0.0,False,0,0
2025-07-10,B07,46,793.8,5088.0,False,0,0
2025-07-10,B08,10,1665.0,0.0,False,0,0
2025-07-10,B09,0,608.0,0.0,False,0,0
2025-07-10,B10,0,129.0,0.0,False,0,0
2025-07-10,B11,9,410.0,0.0,False,0,0
2025-07-10,B12,35,1376.0,0.0,False,0,0
2025-07-10,C01,0,0.0,68.0,False,0,0
2025-07-10,C02,8,113.5,0.0,False,0,0
2025-07-10,C03,0,86.0,0.0,False,0,0
2025-07-10,C04,7,180.0,467.0,True,0,0
2025-07-10,C05,3,147.0,0.0,False,0,0
2025-07-10,C06,0,189.0,0.0,False,0,0
2025-07-10,C07,0,132.0,0.0,False,0,0
2025-07-10,C08,1,16.0,102.0,False,0,0
2025-07-11,A01,86,2309.0,0.0,False,0,0
2025-07-11,A02,176,1876.0,4903.0,False,0,0
2025-07-11,A03,13,428.0,863.0,False,0,0
2025-07-11,A04,0,262.9,0.0,False,0,0
2025-07-11,A05,12,2770.0,3509.0,False,0,1
2025-07-11,A06,63,1265.0,11905.0,False,0,0
2025-07-11,A07,6,884.0,788.0,False,0,0
2025-07-11,A08,8,70.0,338.0,False,0,0
2025-07-11,A09,0,696.0,0.0,False,0,0
2025-07-11,A10,240,0.0,15813.0,False,240,0
2025-07-11,B01,6,77.0,350.0,False,0,0
2025-07-11,B02,1,1861.2,0.0,False,0,0
2025-07-11,B03,2,0.0,749.0,False,2,0
2025-07-11,B04,1,369.0,0.0,False,0,0
2025-07-11,B05,1,333.0,0.0,False,0,0
2025-07-11,B06,11,798.0,0.0,False,0,0
2025-07-11,B07,2,754.0,5088.0,False,0,0
2025-07-11,B08,1,1609.3,0.0,False,0,0
2025-07-11,B09,1,682.4,0.0,False,0,0
2025-07-11,B10,6,123.0,0.0,False,0,0
2025-07-11,B11,2,408.0,0.0,False,0,0
2025-07-11,B12,2,1374.0,0.0,False,0,0
2025-07-11,C01,0,0.0,68.0,False,0,0
2025-07-11,C02,0,104.0,0.0,False,0,0
2025-07-11,C03,1,83.2,0.0,False,0,0
2025-07-11,C04,4,176.0,467.0,False,0,0
2025-07-11,C05,1,146.0,0.0,False,0,0
2025-07-11,C06,0,189.0,0.0,False,0,0
2025-07-11,C07,0,132.0,0.0,False,0,0
2025-07-11,C08,0,16.0,102.0,False,0,0
2025-07-12,A01,87,2222.0,0.0,False,0,0
2025-07-12,A02,86,1733.3,4903.0,False,0,0
2025-07-12,A03,18,410.0,863.0,False,0,0
2025-07-12,A04,2,301.0,0.0,False,0,0
2025-07-12,A05,0,2769.0,3509.0,False,0,1
2025-07-12,A06,2,1263.0,11905.0,False,0,0
2025-07-12,A07,10,874.0,788.0,False,0,0
2025-07-12,A08,0,70.0,338.0,False,0,0
2025-07-12,A09,4,692.0,0.0,False,0,0
2025-07-12,A10,8,0.0,15813.0,False,8,0
2025-07-12,B01,0,75.4,350.0,False,0,0
2025-07-12,B02,5,1721.0,0.0,False,0,0
2025-07-12,B03,19,0.0,749.0,False,19,0
2025-07-12,B04,0,369.0,0.0,False,0,0
2025-07-12,B05,0,333.0,0.0,False,0,0
2025-07-12,B06,0,798.0,0.0,False,0,0
2025-07-12,B07,8,746.0,5088.0,False,0,0
2025-07-12,B08,3,1661.0,0.0,False,0,0
2025-07-12,B09,23,631.0,0.0,False,0,0
2025-07-12,B10,0,123.0,0.0,False,0,0
2025-07-12,B11,23,385.0,0.0,False,0,0
2025-07-12,B12,21,1353.0,0.0,False,0,0
2025-07-12,C01,1,0.0,68.0,False,1,0
2025-07-12,C02,1,103.0,0.0,False,0,0
2025-07-12,C03,0,85.0,0.0,False,0,0
2025-07-12,C04,1,175.0,467.0,False,0,0
2025-07-12,C05,2,144.0,0.0,False,0,0
2025-07-12,C06,1,188.0,0.0,False,0,0
2025-07-12,C07,1,131.0,0.0,False,0,0
2025-07-12,C08,0,16.0,102.0,False,0,0
2025-07-13,A01,9,2213.0,0.0,False,0,0
2025-07-13,A02,15,1916.9,4903.0,False,0,0
2025-07-13,A03,6,404.0,863.0,False,0,0
2025-07-13,A04,4,297.0,0.0,False,0,0
2025-07-13,A05,91,2677.0,3509.0,False,0,1
2025-07-13,A06,129,1134.0,11905.0,False,0,0
2025-07-13,A07,17,857.0,788.0,False,0,0
2025-07-13,A08,4,74.4,338.0,False,0,0
2025-07-13,A09,0,692.0,0.0,False,0,0
2025-07-13,A10,504,0.0,15813.0,False,504,0
2025-07-13,B01,0,77.0,350.0,False,0,0
2025-07-13,B02,8,1713.0,0.0,False,0,0
2025-07-13,B03,0,0.0,749.0,False,0,0
2025-07-13,B04,10,359.0,0.0,False,0,0
2025-07-13,B05,0,333.0,0.0,False,0,0
2025-07-13,B06,14,784.0,0.0,False,0,0
2025-07-13,B07,64,682.0,5088.0,False,0,0
2025-07-13,B08,8,1653.0,0.0,False,0,0
2025-07-13,B09,6,625.0,0.0,False,0,0
2025-07-13,B10,1,122.0,0.0,False,0,0
2025-07-13,B11,0,385.0,0.0,False,0,0
2025-07-13,B12,6,1347.0,0.0,False,0,0
2025-07-13,C01,0,0.0,68.0,False,0,0
2025-07-13,C02,1,109.8,0.0,False,0,0
2025-07-13,C03,0,85.0,0.0,False,0,0
2025-07-13,C04,0,175.0,467.0,False,0,0
2025-07-13,C05,0,144.0,0.0,False,0,0
2025-07-13,C06,3,185.0,0.0,False,0,0
2025-07-13,C07,0,131.0,0.0,False,0,0
2025-07-13,C08,0,16.2,102.0,False,0,0
2025-07-14,A01,63,2150.0,0.0,False,0,0
2025-07-14,A02,8,1767.0,4903.0,False,0,0
2025-07-14,A03,16,388.0,863.0,False,0,0
2025-07-14,A04,1,296.0,0.0,False,0,0
2025-07-14,A05,20,2656.0,3509.0,False,0,1
2025-07-14,A06,360,774.0,11905.0,False,0,0
2025-07-14,A07,16,841.0,788.0,False,0,0
2025-07-14,A08,1,61.0,338.0,False,0,0
2025-07-14,A09,3,689.0,0.0,False,0,0
2025-07-14,A10,101,0.0,15813.0,False,101,0
2025-07-14,B01,0,77.0,350.0,False,0,0
2025-07-14,B02,3,1710.0,0.0,False,0,0
2025-07-14,B03,1,0.0,749.0,False,1,0
2025-07-14,B04,3,356.0,0.0,False,0,0
2025-07-14,B05,0,333.0,0.0,False,0,0
2025-07-14,B06,13,771.0,0.0,False,0,0
2025-07-14,B07,67,615.0,5088.0,False,0,0
2025-07-14,B08,5,1648.0,0.0,False,0,0
2025-07-14,B09,1,624.0,0.0,False,0,0
2025-07-14,B10,1,121.0,0.0,False,0,0
2025-07-14,B11,100,285.0,0.0,False,0,0
2025-07-14,B12,28,1319.0,0.0,False,0,0
2025-07-14,C01,0,0.0,68.0,False,0,0
2025-07-14,C02,6,96.0,917.0,True,0,0
2025-07-14,C03,1,84.0,0.0,False,0,0
2025-07-14,C04,2,173.0,467.0,False,0,0
2025-07-14,C05,7,137.0,0.0,False,0,0
2025-07-14,C06,4,181.0,0.0,False,0,0
2025-07-14,C07,8,123.0,0.0,False,0,0
2025-07-14,C08,0,16.0,102.0,False,0,0
2025-07-15,A01,3,2147.0,0.0,False,0,0
2025-07-15,A02,214,1553.0,4903.0,False,0,0
2025-07-15,A03,2,432.3,863.0,False,0,0
2025-07-15,A04,9,287.0,0.0,False,0,0
2025-07-15,A05,58,2597.0,3509.0,False,0,1
2025-07-15,A06,36,738.0,11905.0,False,0,0
2025-07-15,A07,0,841.0,788.0,False,0,0
2025-07-15,A08,11,54.0,338.0,False,0,0
2025-07-15,A09,4,685.0,0.0,False,0,0
2025-07-15,A10,65,0.0,15813.0,False,65,0
2025-07-15,B01,3,74.0,350.0,False,0,0
2025-07-15,B02,3,1707.0,0.0,False,0,0
2025-07-15,B03,8,0.0,749.0,False,8,0
2025-07-15,B04,0,395.0,0.0,False,0,0
2025-07-15,B05,0,333.0,0.0,False,0,0
2025-07-15,B06,13,758.0,0.0,False,0,0
2025-07-15,B07,5,610.0,5088.0,False,0,0
2025-07-15,B08,14,1634.0,0.0,False,0,0
2025-07-15,B09,4,575.4,0.0,False,0,0
2025-07-15,B10,4,117.0,0.0,False,0,0
2025-07-15,B11,8,277.0,0.0,False,0,0
2025-07-15,B12,7,1396.9,0.0,False,0,0
2025-07-15,C01,0,0.0,68.0,False,0,0
2025-07-15,C02,0,96.0,917.0,False,0,0
2025-07-15,C03,1,83.0,0.0,False,0,0
2025-07-15,C04,0,173.0,467.0,False,0,0
2025-07-15,C05,1,136.0,0.0,False,0,0
2025-07-15,C06,0,181.0,0.0,False,0,0
2025-07-15,C07,1,122.0,0.0,False,0,0
2025-07-15,C08,0,16.0,102.0,False,0,0
2025-07-16,A01,27,2120.0,0.0,False,0,0
2025-07-16,A02,138,1415.0,4903.0,False,0,0
2025-07-16,A03,2,384.0,863.0,False,0,0
2025-07-16,A04,1,286.0,0.0,False,0,0
2025-07-16,A05,72,2524.0,3509.0,False,0,1
2025-07-16,A06,76,662.0,11905.0,False,0,0
2025-07-16,A07,12,829.0,788.0,False,0,0
2025-07-16,A08,6,48.0,338.0,False,0,0
2025-07-16,A09,1,684.0,0.0,False,0,0
2025-07-16,A10,266,0.0,15813.0,False,266,0
2025-07-16,B01,3,71.0,350.0,False,0,0
2025-07-16,B02,5,1702.0,0.0,False,0,0
2025-07-16,B03,3,0.0,749.0,False,3,0
2025-07-16,B04,5,351.0,0.0,False,0,0
2025-07-16,B05,1,332.0,0.0,False,0,0
2025-07-16,B06,18,740.0,0.0,False,0,0
2025-07-16,B07,3,607.0,5088.0,False,0,0
2025-07-16,B08,2,1632.0,0.0,False,0,0
2025-07-16,B09,13,607.0,0.0,False,0,0
2025-07-16,B10,2,115.0,0.0,False,0,0
2025-07-16,B11,3,274.0,0.0,False,0,0
2025-07-16,B12,7,1305.0,0.0,False,0,0
2025-07-16,C01,0,0.0,68.0,False,0,0
2025-07-16,C02,8,88.0,917.0,False,0,0
2025-07-16,C03,0,83.0,0.0,False,0,0
2025-07-16,C04,1,157.1,467.0,False,0,0
2025-07-16,C05,4,141.8,0.0,False,0,0
2025-07-16,C06,0,181.0,0.0,False,0,0
2025-07-16,C07,5,117.0,0.0,False,0,0
2025-07-16,C08,0,16.0,102.0,False,0,0
2025-07-17,A01,44,2076.0,0.0,False,0,0
2025-07-17,A02,380,1035.0,4903.0,False,0,0
2025-07-17,A03,14,1233.0,0.0,False,0,0
2025-07-17,A04,2,284.0,0.0,False,0,0
2025-07-17,A05,88,2435.0,3509.0,False,0,1
2025-07-17,A06,187,475.0,11905.0,False,0,0
2025-07-17,A07,21,808.0,788.0,False,0,0
2025-07-17,A08,5,43.0,338.0,False,0,0
2025-07-17,A09,9,675.0,0.0,False,0,0
2025-07-17,A10,29,0.0,15813.0,False,29,0
2025-07-17,B01,4,67.0,350.0,False,0,0
2025-07-17,B02,25,1677.0,0.0,False,0,0
2025-07-17,B03,4,0.0,749.0,False,4,0
2025-07-17,B04,2,349.0,0.0,False,0,0
2025-07-17,B05,1,318.3,0.0,False,0,0
2025-07-17,B06,7,733.0,0.0,False,0,0
2025-07-17,B07,38,569.0,5088.0,False,0,0
2025-07-17,B08,19,1613.0,0.0,False,0,0
2025-07-17,B09,0,614.8,0.0,False,0,0
2025-07-17,B10,1,113.9,0.0,False,0,0
2025-07-17,B11,1,273.0,0.0,False,0,0
2025-07-17,B12,28,1277.0,0.0,False,0,0
2025-07-17,C01,2,0.0,68.0,False,2,0
2025-07-17,C02,4,84.0,917.0,False,0,0
2025-07-17,C03,1,82.0,0.0,False,0,0
2025-07-17,C04,5,167.0,467.0,False,0,0
2025-07-17,C05,2,130.0,0.0,False,0,0
2025-07-17,C06,0,181.0,0.0,False,0,0
2025-07-17,C07,0,117.0,0.0,False,0,0
2025-07-17,C08,0,15.3,102.0,False,0,0
2025-07-18,A01,26,2048.0,0.0,False,0,0
2025-07-18,A02,62,973.0,4903.0,False,0,0
2025-07-18,A03,5,1228.0,0.0,False,0,0
2025-07-18,A04,1,283.0,0.0,False,0,0
2025-07-18,A05,0,2434.0,3509.0,False,0,1
2025-07-18,A06,332,143.0,11905.0,False,0,0
2025-07-18,A07,0,808.0,788.0,False,0,0
2025-07-18,A08,9,34.0,338.0,False,0,0
2025-07-18,A09,25,650.0,0.0,False,0,0
2025-07-18,A10,15,0.0,15813.0,False,15,0
2025-07-18,B01,1,66.0,350.0,False,0,0
2025-07-18,B02,7,1670.0,0.0,False,0,0
2025-07-18,B03,0,0.0,749.0,False,0,0
2025-07-18,B04,2,347.0,0.0,False,0,0
2025-07-18,B05,1,330.0,0.0,False,0,0
2025-07-18,B06,13,720.0,0.0,False,0,0
2025-07-18,B07,65,577.2,5088.0,False,0,0
2025-07-18,B08,4,1609.0,0.0,False,0,0
2025-07-18,B09,3,604.0,0.0,False,0,0
2025-07-18,B10,7,107.0,0.0,False,0,0
2025-07-18,B11,17,256.0,953.0,True,0,0
2025-07-18,B12,0,1277.0,0.0,False,0,0
2025-07-18,C01,0,0.0,68.0,False,0,0
2025-07-18,C02,0,84.0,917.0,False,0,0
2025-07-18,C03,0,82.0,0.0,False,0,0
2025-07-18,C04,0,167.0,467.0,False,0,0
2025-07-18,C05,1,136.9,0.0,False,0,0
2025-07-18,C06,3,201.3,0.0,False,0,0
2025-07-18,C07,3,114.0,0.0,False,0,0
2025-07-18,C08,4,12.0,102.0,False,0,0
2025-07-19,A01,38,2012.0,0.0,False,0,0
2025-07-19,A02,23,950.0,4903.0,False,0,0
2025-07-19,A03,24,1204.0,0.0,False,0,0
2025-07-19,A04,1,282.0,0.0,False,0,0
2025-07-19,A05,318,2116.0,3509.0,False,0,0
2025-07-19,A06,151,0.0,11905.0,False,8,0
2025-07-19,A07,1,907.9,788.0,False,0,0
2025-07-19,A08,22,12.1,338.0,False,0,0
2025-07-19,A09,1,649.0,0.0,False,0,0
2025-07-19,A10,42,0.0,15813.0,False,42,0
2025-07-19,B01,1,66.5,350.0,False,0,0
2025-07-19,B02,22,1648.0,0.0,False,0,0
2025-07-19,B03,11,0.0,749.0,False,11,0
2025-07-19,B04,4,343.0,0.0,False,0,0
2025-07-19,B05,0,330.0,0.0,False,0,0
2025-07-19,B06,16,768.2,0.0,False,0,0
2025-07-19,B07,115,422.5,5088.0,False,0,0
2025-07-19,B08,4,1400.1,2016.0,True,0,0
2025-07-19,B09,11,593.0,0.0,False,0,0
2025-07-19,B10,2,105.1,0.0,False,0,0
2025-07-19,B11,0,256.0,953.0,False,0,0
2025-07-19,B12,19,1258.0,0.0,False,0,0
2025-07-19,C01,1,0.0,68.0,False,1,0
2025-07-19,C02,0,84.0,917.0,False,0,0
2025-07-19,C03,0,75.2,0.0,False,0,0
2025-07-19,C04,3,164.0,467.0,False,0,0
2025-07-19,C05,3,111.6,0.0,False,0,0
2025-07-19,C06,0,178.0,0.0,False,0,0
2025-07-19,C07,7,107.0,0.0,False,0,0
2025-07-19,C08,1,11.0,102.0,False,0,0
2025-07-20,A01,97,1915.0,1088.0,True,0,0
2025-07-20,A02,88,862.0,4903.0,False,0,0
2025-07-20,A03,3,1201.0,0.0,False,0,0
2025-07-20,A04,3,279.0,0.0,False,0,0
2025-07-20,A05,3,2113.0,3509.0,False,0,0
2025-07-20,A06,888,5085.0,5931.0,False,0,1
2025-07-20,A07,18,789.0,788.0,False,0,0
2025-07-20,A08,1,11.0,338.0,False,0,0
2025-07-20,A09,9,640.0,0.0,False,0,0
2025-07-20,A10,434,0.0,15813.0,False,434,0
2025-07-20,B01,4,61.0,350.0,False,0,0
2025-07-20,B02,7,1641.0,0.0,False,0,0
2025-07-20,B03,2,0.0,749.0,False,2,0
2025-07-20,B04,1,342.0,0.0,False,0,0
2025-07-20,B05,2,328.0,0.0,False,0,0
2025-07-20,B06,24,680.0,0.0,False,0,0
2025-07-20,B07,324,65.0,10302.0,True,0,0
2025-07-20,B08,16,1589.0,2016.0,False,0,0
2025-07-20,B09,5,588.0,0.0,False,0,0
2025-07-20,B10,4,89.8,0.0,False,0,0
2025-07-20,B11,26,230.0,953.0,False,0,0
2025-07-20,B12,4,1289.7,0.0,False,0,0
2025-07-20,C01,0,0.0,68.0,False,0,0
2025-07-20,C02,4,80.0,917.0,False,0,0
2025-07-20,C03,1,81.0,0.0,False,0,0
2025-07-20,C04,1,630.0,0.0,False,0,0
2025-07-20,C05,6,120.0,0.0,False,0,0
2025-07-20,C06,0,198.0,0.0,False,0,0
2025-07-20,C07,0,107.0,0.0,False,0,0
2025-07-20,C08,0,11.0,102.0,False,0,0
2025-07-21,A01,15,1900.0,1088.0,False,0,0
2025-07-21,A02,44,818.0,4903.0,False,0,0
2025-07-21,A03,47,1154.0,0.0,False,0,0
2025-07-21,A04,1,278.0,0.0,False,0,0
2025-07-21,A05,2,2111.0,3509.0,False,0,0
2025-07-21,A06,154,4930.0,5931.0,False,0,1
2025-07-21,A07,2,787.0,788.0,False,0,0
2025-07-21,A08,7,4.0,338.0,False,0,0
2025-07-21,A09,0,640.0,0.0,False,0,0
2025-07-21,A10,262,0.0,15813.0,False,262,0
2025-07-21,B01,6,55.0,350.0,False,0,0
2025-07-21,B02,72,1569.0,0.0,False,0,0
2025-07-21,B03,0,0.0,749.0,False,0,0
2025-07-21,B04,0,374.2,0.0,False,0,0
2025-07-21,B05,5,323.0,0.0,False,0,0
2025-07-21,B06,12,668.0,0.0,False,0,0
2025-07-21,B07,68,0.0,10302.0,False,3,0
2025-07-21,B08,46,1543.0,2016.0,False,0,0
2025-07-21,B09,1,587.0,0.0,False,0,0
2025-07-21,B10,6,95.0,0.0,False,0,0
2025-07-21,B11,0,230.0,953.0,False,0,0
2025-07-21,B12,2,1252.0,0.0,False,0,0
2025-07-21,C01,1,0.0,68.0,False,1,0
2025-07-21,C02,9,71.0,917.0,False,0,0
2025-07-21,C03,2,79.0,0.0,False,0,0
2025-07-21,C04,2,628.0,0.0,False,0,0
2025-07-21,C05,2,118.0,0.0,False,0,0
2025-07-21,C06,6,172.0,0.0,False,0,0
2025-07-21,C07,0,107.0,0.0,False,0,0
2025-07-21,C08,1,10.0,102.0,False,0,0
2025-07-22,A01,38,1862.0,1088.0,False,0,0
2025-07-22,A02,114,704.0,4903.0,False,0,0
2025-07-22,A03,20,1261.9,0.0,False,0,0
2025-07-22,A04,0,278.0,0.0,False,0,0
2025-07-22,A05,129,1982.0,3509.0,False,0,0
2025-07-22,A06,18,4911.0,5931.0,False,0,1
2025-07-22,A07,2,785.0,788.0,False,0,0
2025-07-22,A08,7,0.0,338.0,False,3,0
2025-07-22,A09,2,638.0,0.0,False,0,0
2025-07-22,A10,45,0.0,15813.0,False,45,0
2025-07-22,B01,1,54.0,350.0,False,0,0
2025-07-22,B02,13,1556.0,0.0,False,0,0
2025-07-22,B03,0,0.0,749.0,False,0,0
2025-07-22,B04,1,341.0,0.0,False,0,0
2025-07-22,B05,3,320.0,0.0,False,0,0
2025-07-22,B06,13,655.0,0.0,False,0,0
2025-07-22,B07,41,0.0,10302.0,False,41,0
2025-07-22,B08,12,1531.0,2016.0,False,0,0
2025-07-22,B09,3,584.0,0.0,False,0,0
2025-07-22,B10,7,88.0,0.0,False,0,0
2025-07-22,B11,0,230.0,953.0,False,0,0
2025-07-22,B12,1,1251.0,0.0,False,0,0
2025-07-22,C01,1,0.0,68.0,False,1,0
2025-07-22,C02,15,56.0,917.0,False,0,0
2025-07-22,C03,5,84.6,0.0,False,0,0
2025-07-22,C04,3,625.0,0.0,False,0,0
2025-07-22,C05,1,117.0,0.0,False,0,0
2025-07-22,C06,0,172.0,0.0,False,0,0
2025-07-22,C07,2,105.0,0.0,False,0,0
2025-07-22,C08,0,10.0,102.0,False,0,0
2025-07-23,A01,10,1852.0,1088.0,False,0,0
2025-07-23,A02,170,534.0,4903.0,False,0,0
2025-07-23,A03,1,1216.2,0.0,False,0,0
2025-07-23,A04,4,274.0,0.0,False,0,0
2025-07-23,A05,43,1939.0,3509.0,False,0,0
2025-07-23,A06,37,4873.0,11859.0,True,0,1
2025-07-23,A07,19,766.0,788.0,False,0,0
2025-07-23,A08,5,0.0,338.0,False,5,0
2025-07-23,A09,0,638.0,0.0,False,0,0
2025-07-23,A10,396,0.0,15813.0,False,396,0
2025-07-23,B01,1,53.0,350.0,False,0,0
2025-07-23,B02,9,1547.0,0.0,False,0,0
2025-07-23,B03,0,0.0,749.0,False,0,0
2025-07-23,B04,1,340.0,0.0,False,0,0
2025-07-23,B05,5,315.0,0.0,False,0,0
2025-07-23,B06,12,643.0,0.0,False,0,0
2025-07-23,B07,247,0.0,10302.0,False,247,0
2025-07-23,B08,3,1528.0,2016.0,False,0,0
2025-07-23,B09,8,576.0,0.0,False,0,0
2025-07-23,B10,1,87.0,0.0,False,0,0
2025-07-23,B11,1,229.0,953.0,False,0,0
2025-07-23,B12,23,1228.0,0.0,False,0,0
2025-07-23,C01,0,0.0,68.0,False,0,0
2025-07-23,C02,0,56.0,917.0,False,0,0
2025-07-23,C03,2,72.0,0.0,False,0,0
2025-07-23,C04,1,624.0,0.0,False,0,0
2025-07-23,C05,0,117.0,0.0,False,0,0
2025-07-23,C06,3,169.0,0.0,False,0,0
2025-07-23,C07,14,91.0,0.0,False,0,0
2025-07-23,C08,5,5.0,102.0,False,0,0
2025-07-24,A01,1,1851.0,1088.0,False,0,0
2025-07-24,A02,4,530.0,4903.0,False,0,0
2025-07-24,A03,12,1121.0,0.0,False,0,0
2025-07-24,A04,2,272.0,0.0,False,0,0
2025-07-24,A05,5,1934.0,3509.0,False,0,0
2025-07-24,A06,6,4866.0,11859.0,False,0,1
2025-07-24,A07,7,759.0,788.0,False,0,0
2025-07-24,A08,1,0.0,338.0,False,1,0
2025-07-24,A09,20,618.0,0.0,False,0,0
2025-07-24,A10,27,0.0,15813.0,False,27,0
2025-07-24,B01,3,50.0,350.0,False,0,0
2025-07-24,B02,36,1511.0,0.0,False,0,0
2025-07-24,B03,0,0.0,749.0,False,0,0
2025-07-24,B04,6,334.0,0.0,False,0,0
2025-07-24,B05,6,292.5,0.0,False,0,0
2025-07-24,B06,2,641.0,0.0,False,0,0
2025-07-24,B07,3,0.0,10302.0,False,3,0
2025-07-24,B08,7,1521.0,2016.0,False,0,0
2025-07-24,B09,26,550.0,0.0,False,0,0
2025-07-24,B10,0,93.0,0.0,False,0,0
2025-07-24,B11,3,226.0,953.0,False,0,0
2025-07-24,B12,2,1226.0,0.0,False,0,0
2025-07-24,C01,1,0.0,68.0,False,1,0
2025-07-24,C02,1,55.0,917.0,False,0,0
2025-07-24,C03,1,71.0,0.0,False,0,0
2025-07-24,C04,2,622.0,0.0,False,0,0
2025-07-24,C05,2,115.0,0.0,False,0,0
2025-07-24,C06,0,169.0,0.0,False,0,0
2025-07-24,C07,0,91.0,0.0,False,0,0
2025-07-24,C08,2,3.0,102.0,False,0,0
2025-07-25,A01,5,1846.0,1088.0,False,0,0
2025-07-25,A02,74,456.0,4903.0,False,0,0
2025-07-25,A03,0,1121.0,0.0,False,0,0
2025-07-25,A04,0,272.0,0.0,False,0,0
2025-07-25,A05,23,1911.0,3509.0,False,0,0
2025-07-25,A06,7,4858.0,11859.0,False,0,1
2025-07-25,A07,9,668.1,788.0,False,0,0
2025-07-25,A08,15,0.0,338.0,False,15,0
2025-07-25,A09,2,616.0,0.0,False,0,0
2025-07-25,A10,70,0.0,15813.0,False,70,0
2025-07-25,B01,0,50.0,350.0,False,0,0
2025-07-25,B02,13,1498.0,0.0,False,0,0
2025-07-25,B03,10,0.0,749.0,False,10,0
2025-07-25,B04,28,306.0,0.0,False,0,0
2025-07-25,B05,8,301.0,0.0,False,0,0
2025-07-25,B06,2,600.6,0.0,False,0,0
2025-07-25,B07,118,0.0,10302.0,False,118,0
2025-07-25,B08,27,1494.0,2016.0,False,0,0
2025-07-25,B09,4,546.0,0.0,False,0,0
2025-07-25,B10,1,86.0,0.0,False,0,0
2025-07-25,B11,98,137.7,953.0,False,0,0
2025-07-25,B12,0,1226.0,0.0,False,0,0
2025-07-25,C01,0,0.0,68.0,False,0,0
2025-07-25,C02,1,54.0,917.0,False,0,0
2025-07-25,C03,0,65.8,0.0,False,0,0
2025-07-25,C04,1,621.0,0.0,False,0,0
2025-07-25,C05,0,115.0,0.0,False,0,0
2025-07-25,C06,5,164.0,0.0,False,0,0
2025-07-25,C07,6,85.0,0.0,False,0,0
2025-07-25,C08,0,3.0,102.0,False,0,0
2025-07-26,A01,82,1764.0,1088.0,False,0,0
2025-07-26,A02,73,383.0,4903.0,False,0,0
2025-07-26,A03,0,1157.8,0.0,False,0,0
2025-07-26,A04,1,271.0,0.0,False,0,0
2025-07-26,A05,63,1848.0,3509.0,False,0,0
2025-07-26,A06,21,4836.0,11859.0,False,0,1
2025-07-26,A07,0,750.0,788.0,False,0,0
2025-07-26,A08,6,0.0,338.0,False,6,0
2025-07-26,A09,3,613.0,0.0,False,0,0
2025-07-26,A10,149,0.0,15813.0,False,149,0
2025-07-26,B01,0,50.0,350.0,False,0,0
2025-07-26,B02,4,1494.0,0.0,False,0,0
2025-07-26,B03,3,0.0,749.0,False,3,0
2025-07-26,B04,1,305.0,0.0,False,0,0
2025-07-26,B05,1,300.0,0.0,False,0,0
2025-07-26,B06,8,631.0,0.0,False,0,0
2025-07-26,B07,544,0.0,10302.0,False,544,0
2025-07-26,B08,10,1484.0,2016.0,False,0,0
2025-07-26,B09,5,541.0,0.0,False,0,0
2025-07-26,B10,0,86.0,0.0,False,0,0
2025-07-26,B11,17,111.0,953.0,False,0,0
2025-07-26,B12,4,1222.0,0.0,False,0,0
2025-07-26,C01,0,0.0,68.0,False,0,0
2025-07-26,C02,0,54.0,917.0,False,0,0
2025-07-26,C03,0,61.7,0.0,False,0,0
2025-07-26,C04,1,620.0,0.0,False,0,0
2025-07-26,C05,0,115.0,0.0,False,0,0
2025-07-26,C06,2,141.8,0.0,False,0,0
2025-07-26,C07,1,87.6,0.0,False,0,0
2025-07-26,C08,1,2.0,102.0,False,0,0
2025-07-27,A01,17,1747.0,1088.0,False,0,0
2025-07-27,A02,15,368.0,4903.0,False,0,0
2025-07-27,A03,14,1107.0,0.0,False,0,0
2025-07-27,A04,0,271.0,0.0,False,0,0
2025-07-27,A05,52,1796.0,3509.0,False,0,0
2025-07-27,A06,169,4666.0,11859.0,False,0,1
2025-07-27,A07,6,744.0,788.0,False,0,0
2025-07-27,A08,4,0.0,338.0,False,4,0
2025-07-27,A09,1,612.0,0.0,False,0,0
2025-07-27,A10,42,0.0,15813.0,False,42,0
2025-07-27,B01,8,44.6,350.0,False,0,0
2025-07-27,B02,14,1480.0,0.0,False,0,0
2025-07-27,B03,21,0.0,749.0,False,21,0
2025-07-27,B04,9,296.0,0.0,False,0,0
2025-07-27,B05,0,300.0,0.0,False,0,0
2025-07-27,B06,2,629.0,0.0,False,0,0
2025-07-27,B07,91,0.0,10302.0,False,91,0
2025-07-27,B08,7,1477.0,2016.0,False,0,0
2025-07-27,B09,3,538.0,0.0,False,0,0
2025-07-27,B10,1,89.8,0.0,False,0,0
2025-07-27,B11,2,109.0,953.0,False,0,0
2025-07-27,B12,30,1192.0,0.0,False,0,0
2025-07-27,C01,0,0.0,68.0,False,0,0
2025-07-27,C02,0,54.0,917.0,False,0,0
2025-07-27,C03,1,70.0,0.0,False,0,0
2025-07-27,C04,1,619.0,0.0,False,0,0
2025-07-27,C05,0,115.0,0.0,False,0,0
2025-07-27,C06,2,160.0,0.0,False,0,0
2025-07-27,C07,3,81.0,0.0,False,0,0
2025-07-27,C08,0,2.0,102.0,False,0,0
2025-07-28,A01,12,1735.0,1088.0,False,0,0
2025-07-28,A02,85,283.0,4903.0,False,0,0
2025-07-28,A03,21,1086.0,0.0,False,0,0
2025-07-28,A04,0,271.0,0.0,False,0,0
2025-07-28,A05,83,1713.0,3509.0,False,0,0
2025-07-28,A06,214,4451.0,11859.0,False,0,1
2025-07-28,A07,0,744.0,788.0,False,0,0
2025-07-28,A08,6,0.0,338.0,False,6,0
2025-07-28,A09,3,609.0,0.0,False,0,0
2025-07-28,A10,341,0.0,15813.0,False,341,0
2025-07-28,B01,0,35.8,350.0,False,0,0
2025-07-28,B02,56,1424.0,0.0,False,0,0
2025-07-28,B03,0,0.0,749.0,False,0,0
2025-07-28,B04,12,284.0,0.0,False,0,0
2025-07-28,B05,2,298.0,0.0,False,0,0
2025-07-28,B06,16,613.0,0.0,False,0,0
2025-07-28,B07,53,0.0,10302.0,False,53,0
2025-07-28,B08,4,1516.2,2016.0,False,0,0
2025-07-28,B09,0,538.0,0.0,False,0,0
2025-07-28,B10,7,78.0,0.0,False,0,0
2025-07-28,B11,0,109.0,953.0,False,0,0
2025-07-28,B12,13,1179.0,0.0,False,0,0
2025-07-28,C01,0,0.0,68.0,False,0,0
2025-07-28,C02,26,28.0,917.0,False,0,0
2025-07-28,C03,1,69.0,0.0,False,0,0
2025-07-28,C04,0,619.0,0.0,False,0,0
2025-07-28,C05,10,105.0,0.0,False,0,0
2025-07-28,C06,5,155.0,0.0,False,0,0
2025-07-28,C07,0,84.8,0.0,False,0,0
2025-07-28,C08,0,2.0,102.0,False,0,0
2025-07-29,A01,0,1735.0,1088.0,False,0,0
2025-07-29,A02,232,51.0,4903.0,False,0,0
2025-07-29,A03,1,1085.0,0.0,False,0,0
2025-07-29,A04,1,270.0,0.0,False,0,0
2025-07-29,A05,19,1694.0,3509.0,False,0,0
2025-07-29,A06,102,4348.0,11859.0,False,0,1
2025-07-29,A07,2,742.0,788.0,False,0,0
2025-07-29,A08,1,0.0,338.0,False,1,0
2025-07-29,A09,3,606.0,0.0,False,0,0
2025-07-29,A10,25,0.0,15813.0,False,25,0
2025-07-29,B01,0,42.0,350.0,False,0,0
2025-07-29,B02,6,1418.0,0.0,False,0,0
2025-07-29,B03,1,0.0,749.0,False,1,0
2025-07-29,B04,4,280.0,0.0,False,0,0
2025-07-29,B05,4,294.0,0.0,False,0,0
2025-07-29,B06,19,594.0,0.0,False,0,0
2025-07-29,B07,173,0.0,10302.0,False,173,0
2025-07-29,B08,41,1328.6,2016.0,False,0,0
2025-07-29,B09,5,533.0,0.0,False,0,0
2025-07-29,B10,0,78.0,0.0,False,0,0
2025-07-29,B11,3,106.0,953.0,False,0,0
2025-07-29,B12,47,1132.0,0.0,False,0,0
2025-07-29,C01,1,0.0,68.0,False,1,0
2025-07-29,C02,0,28.0,917.0,False,0,0
2025-07-29,C03,0,69.0,0.0,False,0,0
2025-07-29,C04,0,619.0,0.0,False,0,0
2025-07-29,C05,3,102.0,0.0,False,0,0
2025-07-29,C06,0,155.0,0.0,False,0,0
2025-07-29,C07,2,79.0,0.0,False,0,0
2025-07-29,C08,0,2.0,102.0,False,0,0
2025-07-30,A01,27,1708.0,1088.0,False,0,0
2025-07-30,A02,55,0.0,4903.0,False,4,0
2025-07-30,A03,0,1085.0,0.0,False,0,0
2025-07-30,A04,0,270.0,0.0,False,0,0
2025-07-30,A05,116,1578.0,6984.0,True,0,0
2025-07-30,A06,0,4347.0,11859.0,False,0,1
2025-07-30,A07,17,725.0,788.0,False,0,0
2025-07-30,A08,0,0.0,338.0,False,0,0
2025-07-30,A09,4,602.0,0.0,False,0,0
2025-07-30,A10,13,0.0,15813.0,False,13,0
2025-07-30,B01,4,38.0,350.0,False,0,0
2025-07-30,B02,1,1417.0,0.0,False,0,0
2025-07-30,B03,11,0.0,749.0,False,11,0
2025-07-30,B04,2,278.0,0.0,False,0,0
2025-07-30,B05,0,294.0,0.0,False,0,0
2025-07-30,B06,17,577.0,0.0,False,0,0
2025-07-30,B07,51,0.0,10302.0,False,51,0
2025-07-30,B08,3,1429.0,2016.0,False,0,0
2025-07-30,B09,2,500.5,663.0,True,0,0
2025-07-30,B10,0,78.0,0.0,False,0,0
2025-07-30,B11,1,105.0,953.0,False,0,0
2025-07-30,B12,9,1123.0,0.0,False,0,0
2025-07-30,C01,0,0.0,68.0,False,0,0
2025-07-30,C02,1,27.0,917.0,False,0,0
2025-07-30,C03,0,69.0,0.0,False,0,0
2025-07-30,C04,0,619.0,0.0,False,0,0
2025-07-30,C05,2,100.0,0.0,False,0,0
2025-07-30,C06,0,155.0,0.0,False,0,0
2025-07-30,C07,0,79.0,0.0,False,0,0
2025-07-30,C08,0,2.0,102.0,False,0,0
2025-07-31,A01,38,1670.0,1088.0,False,0,0
2025-07-31,A02,238,0.0,4903.0,False,238,0
2025-07-31,A03,17,1068.0,0.0,False,0,0
2025-07-31,A04,0,270.0,0.0,False,0,0
2025-07-31,A05,63,1515.0,6984.0,False,0,0
2025-07-31,A06,12,4334.0,11859.0,False,0,1
2025-07-31,A07,68,657.0,788.0,False,0,0
2025-07-31,A08,0,0.0,338.0,False,0,0
2025-07-31,A09,0,648.4,0.0,False,0,0
2025-07-31,A10,11,0.0,15813.0,False,11,0
2025-07-31,B01,0,38.0,350.0,False,0,0
2025-07-31,B02,72,1345.0,0.0,False,0,0
2025-07-31,B03,10,0.0,749.0,False,10,0
2025-07-31,B04,0,278.0,0.0,False,0,0
2025-07-31,B05,0,294.0,0.0,False,0,0
2025-07-31,B06,3,574.0,0.0,False,0,0
2025-07-31,B07,17,0.0,10302.0,False,17,0
2025-07-31,B08,29,1400.0,2016.0,False,0,0
2025-07-31,B09,25,506.0,663.0,False,0,0
2025-07-31,B10,0,78.0,0.0,False,0,0
2025-07-31,B11,9,96.0,953.0,False,0,0
2025-07-31,B12,5,1118.0,0.0,False,0,0
2025-07-31,C01,2,0.0,68.0,False,2,0
2025-07-31,C02,3,24.0,917.0,False,0,0
2025-07-31,C03,0,69.0,0.0,False,0,0
2025-07-31,C04,3,616.0,0.0,False,0,0
2025-07-31,C05,1,97.0,0.0,False,0,0
2025-07-31,C06,1,154.0,0.0,False,0,0
2025-07-31,C07,7,72.0,0.0,False,0,0
2025-07-31,C08,2,0.0,102.0,False,0,0
2025-08-01,A01,23,1647.0,1088.0,False,0,0
2025-08-01,A02,16,0.0,4903.0,False,16,0
2025-08-01,A03,4,1064.0,0.0,False,0,0
2025-08-01,A04,0,270.0,0.0,False,0,0
2025-08-01,A05,143,1372.0,6984.0,False,0,0
2025-08-01,A06,41,10219.0,5931.0,False,0,2
2025-08-01,A07,4,653.0,788.0,False,0,0
2025-08-01,A08,7,0.0,338.0,False,7,0
2025-08-01,A09,0,602.0,0.0,False,0,0
2025-08-01,A10,228,0.0,15813.0,False,228,0
2025-08-01,B01,0,38.0,350.0,False,0,0
2025-08-01,B02,5,1340.0,0.0,False,0,0
2025-08-01,B03,3,0.0,749.0,False,3,0
2025-08-01,B04,28,250.0,828.0,True,0,0
2025-08-01,B05,4,290.0,0.0,False,0,0
2025-08-01,B06,17,557.0,0.0,False,0,0
2025-08-01,B07,53,0.0,10302.0,False,53,0
2025-08-01,B08,6,1394.0,2016.0,False,0,0
2025-08-01,B09,14,492.0,663.0,False,0,0
2025-08-01,B10,0,78.0,0.0,False,0,0
2025-08-01,B11,2,94.0,953.0,False,0,0
2025-08-01,B12,0,1118.0,0.0,False,0,0
2025-08-01,C01,0,0.0,68.0,False,0,0
2025-08-01,C02,0,27.4,917.0,False,0,0
2025-08-01,C03,0,69.0,0.0,False,0,0
2025-08-01,C04,1,615.0,0.0,False,0,0
2025-08-01,C05,0,99.0,0.0,False,0,0
2025-08-01,C06,1,153.0,0.0,False,0,0
2025-08-01,C07,0,74.5,0.0,False,0,0
2025-08-01,C08,0,0.0,102.0,False,0,0
2025-08-02,A01,17,1630.0,1088.0,False,0,0
2025-08-02,A02,109,0.0,4903.0,False,109,0
2025-08-02,A03,3,1061.0,0.0,False,0,0
2025-08-02,A04,0,270.0,0.0,False,0,0
2025-08-02,A05,12,1360.0,6984.0,False,0,0
2025-08-02,A06,107,10110.0,5931.0,False,0,2
2025-08-02,A07,18,638.4,788.0,False,0,0
2025-08-02,A08,10,0.0,338.0,False,10,0
2025-08-02,A09,0,602.0,0.0,False,0,0
2025-08-02,A10,147,0.0,15813.0,False,147,0
2025-08-02,B01,5,33.0,350.0,False,0,0
2025-08-02,B02,3,1337.0,0.0,False,0,0
2025-08-02,B03,5,0.0,749.0,False,5,0
2025-08-02,B04,9,241.0,828.0,False,0,0
2025-08-02,B05,9,281.0,0.0,False,0,0
2025-08-02,B06,57,500.0,0.0,False,0,0
2025-08-02,B07,79,0.0,10302.0,False,79,0
2025-08-02,B08,4,1390.0,2016.0,False,0,0
2025-08-02,B09,0,492.0,663.0,False,0,0
2025-08-02,B10,5,73.0,0.0,False,0,0
2025-08-02,B11,5,89.0,953.0,False,0,0
2025-08-02,B12,15,1103.0,0.0,False,0,0
2025-08-02,C01,0,0.0,68.0,False,0,0
2025-08-02,C02,0,24.0,917.0,False,0,0
2025-08-02,C03,0,69.0,0.0,False,0,0
2025-08-02,C04,0,615.0,0.0,False,0,0
2025-08-02,C05,0,99.0,0.0,False,0,0
2025-08-02,C06,2,151.0,0.0,False,0,0
2025-08-02,C07,2,70.0,0.0,False,0,0
2025-08-02,C08,0,0.0,102.0,False,0,0
2025-08-03,A01,0,1630.0,1088.0,False,0,0
2025-08-03,A02,15,0.0,4903.0,False,15,0
2025-08-03,A03,8,1053.0,0.0,False,0,0
2025-08-03,A04,3,252.1,0.0,False,0,0
2025-08-03,A05,67,1293.0,6984.0,False,0,0
2025-08-03,A06,36,10467.0,5931.0,False,0,2
2025-08-03,A07,4,631.0,788.0,False,0,0
2025-08-03,A08,32,0.0,338.0,False,32,0
2025-08-03,A09,9,593.0,0.0,False,0,0
2025-08-03,A10,292,0.0,15813.0,False,292,0
2025-08-03,B01,7,26.0,350.0,False,0,0
2025-08-03,B02,23,1314.0,0.0,False,0,0
2025-08-03,B03,7,0.0,749.0,False,7,0
2025-08-03,B04,0,270.4,828.0,False,0,0
2025-08-03,B05,3,311.8,0.0,False,0,0
2025-08-03,B06,1,533.2,0.0,False,0,0
2025-08-03,B07,72,0.0,10302.0,False,72,0
2025-08-03,B08,1,1389.0,2016.0,False,0,0
2025-08-03,B09,10,482.0,663.0,False,0,0
2025-08-03,B10,3,70.0,0.0,False,0,0
2025-08-03,B11,9,80.0,953.0,False,0,0
2025-08-03,B12,29,1074.0,0.0,False,0,0
2025-08-03,C01,0,0.0,68.0,False,0,0
2025-08-03,C02,37,0.0,917.0,False,13,0
2025-08-03,C03,0,69.0,0.0,False,0,0
2025-08-03,C04,2,613.0,0.0,False,0,0
2025-08-03,C05,3,96.0,0.0,False,0,0
2025-08-03,C06,8,143.0,0.0,False,0,0
2025-08-03,C07,5,65.0,0.0,False,0,0
2025-08-03,C08,0,0.0,102.0,False,0,0
2025-08-04,A01,29,1601.0,1088.0,False,0,0
2025-08-04,A02,24,0.0,4903.0,False,24,0
2025-08-04,A03,3,1050.0,0.0,False,0,0
2025-08-04,A04,7,260.0,0.0,False,0,0
2025-08-04,A05,190,1187.5,6984.0,False,0,0
2025-08-04,A06,649,9421.0,5931.0,False,0,2
2025-08-04,A07,57,618.7,788.0,False,0,0
2025-08-04,A08,4,0.0,338.0,False,4,0
2025-08-04,A09,6,587.0,0.0,False,0,0
2025-08-04,A10,8,0.0,15813.0,False,8,0
2025-08-04,B01,0,26.0,350.0,False,0,0
2025-08-04,B02,1,1313.0,0.0,False,0,0
2025-08-04,B03,1,0.0,749.0,False,1,0
2025-08-04,B04,1,269.4,828.0,False,0,0
2025-08-04,B05,0,278.0,0.0,False,0,0
2025-08-04,B06,4,495.0,0.0,False,0,0
2025-08-04,B07,313,0.0,10302.0,False,313,0
2025-08-04,B08,17,1372.0,2016.0,False,0,0
2025-08-04,B09,9,473.0,663.0,False,0,0
2025-08-04,B10,0,69.3,0.0,False,0,0
2025-08-04,B11,6,74.0,953.0,False,0,0
2025-08-04,B12,26,1048.0,0.0,False,0,0
2025-08-04,C01,3,0.0,68.0,False,3,0
2025-08-04,C02,6,0.0,917.0,False,6,0
2025-08-04,C03,0,69.0,0.0,False,0,0
2025-08-04,C04,5,608.0,0.0,False,0,0
2025-08-04,C05,3,93.0,0.0,False,0,0
2025-08-04,C06,0,143.0,0.0,False,0,0
2025-08-04,C07,0,65.0,0.0,False,0,0
2025-08-04,C08,0,102.0,0.0,False,0,0
2025-08-05,A01,68,2620.0,0.0,False,0,1
2025-08-05,A02,0,0.0,4903.0,False,0,0
2025-08-05,A03,0,1050.0,0.0,False,0,0
2025-08-05,A04,5,255.0,0.0,False,0,0
2025-08-05,A05,174,929.0,6984.0,False,0,0
2025-08-05,A06,559,8860.0,5931.0,False,0,2
2025-08-05,A07,36,538.0,788.0,False,0,0
2025-08-05,A08,11,0.0,338.0,False,11,0
2025-08-05,A09,3,584.0,0.0,False,0,0
2025-08-05,A10,453,0.0,15813.0,False,453,0
2025-08-05,B01,0,27.4,350.0,False,0,0
2025-08-05,B02,21,1136.9,0.0,False,0,0
2025-08-05,B03,0,0.0,749.0,False,0,0
2025-08-05,B04,6,234.0,828.0,False,0,0
2025-08-05,B05,0,282.2,0.0,False,0,0
2025-08-05,B06,2,464.1,0.0,False,0,0
2025-08-05,B07,46,0.0,10302.0,False,46,0
2025-08-05,B08,53,1319.0,2016.0,False,0,0
2025-08-05,B09,7,466.0,663.0,False,0,0
2025-08-05,B10,0,70.0,0.0,False,0,0
2025-08-05,B11,4,70.0,953.0,False,0,0
2025-08-05,B12,67,981.0,1094.0,True,0,0
2025-08-05,C01,2,0.0,68.0,False,2,0
2025-08-05,C02,14,0.0,917.0,False,14,0
2025-08-05,C03,1,68.0,0.0,False,0,0
2025-08-05,C04,3,605.0,0.0,False,0,0
2025-08-05,C05,0,94.8,0.0,False,0,0
2025-08-05,C06,12,131.0,0.0,False,0,0
2025-08-05,C07,0,62.8,0.0,False,0,0
2025-08-05,C08,0,102.0,0.0,False,0,0
2025-08-06,A01,11,2608.0,0.0,False,0,1
2025-08-06,A02,4,0.0,4903.0,False,4,0
2025-08-06,A03,0,1050.0,0.0,False,0,0
2025-08-06,A04,3,252.0,0.0,False,0,0
2025-08-06,A05,42,887.0,6984.0,False,0,0
2025-08-06,A06,209,8649.0,5931.0,False,0,2
2025-08-06,A07,3,539.4,788.0,False,0,0
2025-08-06,A08,1,0.0,338.0,False,1,0
2025-08-06,A09,0,584.0,0.0,False,0,0
2025-08-06,A10,450,0.0,15813.0,False,450,0
2025-08-06,B01,0,26.0,350.0,False,0,0
2025-08-06,B02,11,1281.0,0.0,False,0,0
2025-08-06,B03,13,0.0,749.0,False,13,0
2025-08-06,B04,14,220.0,828.0,False,0,0
2025-08-06,B05,4,274.0,0.0,False,0,0
2025-08-06,B06,11,482.0,0.0,False,0,0
2025-08-06,B07,2,0.0,10302.0,False,2,0
2025-08-06,B08,5,1314.0,2016.0,False,0,0
2025-08-06,B09,0,466.0,663.0,False,0,0
2025-08-06,B10,3,67.0,0.0,False,0,0
2025-08-06,B11,2,68.0,953.0,False,0,0
2025-08-06,B12,0,981.0,1094.0,False,0,0
2025-08-06,C01,0,0.0,68.0,False,0,0
2025-08-06,C02,6,0.0,917.0,False,6,0
2025-08-06,C03,0,68.0,0.0,False,0,0
2025-08-06,C04,4,668.7,0.0,False,0,0
2025-08-06,C05,2,102.8,0.0,False,0,0
2025-08-06,C06,2,129.0,0.0,False,0,0
2025-08-06,C07,10,55.0,0.0,False,0,0
2025-08-06,C08,1,101.0,0.0,False,0,0
2025-08-07,A01,117,2490.0,0.0,False,0,1
2025-08-07,A02,4,0.0,4903.0,False,4,0
2025-08-07,A03,15,1035.0,0.0,False,0,0
2025-08-07,A04,2,250.0,0.0,False,0,0
2025-08-07,A05,20,867.0,6984.0,False,0,0
2025-08-07,A06,51,8596.0,5931.0,False,0,2
2025-08-07,A07,21,514.0,788.0,False,0,0
2025-08-07,A08,2,0.0,338.0,False,2,0
2025-08-07,A09,0,584.0,0.0,False,0,0
2025-08-07,A10,116,0.0,15813.0,False,116,0
2025-08-07,B01,5,21.0,350.0,False,0,0
2025-08-07,B02,0,1281.0,0.0,False,0,0
2025-08-07,B03,18,0.0,749.0,False,18,0
2025-08-07,B04,7,213.0,828.0,False,0,0
2025-08-07,B05,0,274.0,0.0,False,0,0
2025-08-07,B06,21,461.0,0.0,False,0,0
2025-08-07,B07,57,0.0,10302.0,False,57,0
2025-08-07,B08,1,1313.0,2016.0,False,0,0
2025-08-07,B09,1,465.0,663.0,False,0,0
2025-08-07,B10,7,60.0,226.0,True,0,0
2025-08-07,B11,2,66.0,953.0,False,0,0
2025-08-07,B12,30,951.0,1094.0,False,0,0
2025-08-07,C01,2,0.0,68.0,False,2,0
2025-08-07,C02,2,0.0,917.0,False,2,0
2025-08-07,C03,0,68.0,0.0,False,0,0
2025-08-07,C04,5,596.0,0.0,False,0,0
2025-08-07,C05,2,89.0,0.0,False,0,0
2025-08-07,C06,3,126.0,0.0,False,0,0
2025-08-07,C07,3,49.6,644.0,True,0,0
2025-08-07,C08,0,101.0,0.0,False,0,0
2025-08-08,A01,5,2484.0,0.0,False,0,1
2025-08-08,A02,98,0.0,4903.0,False,98,0
2025-08-08,A03,3,1032.0,0.0,False,0,0
2025-08-08,A04,0,250.0,0.0,False,0,0
2025-08-08,A05,254,613.0,6984.0,False,0,0
2025-08-08,A06,168,8426.0,5931.0,False,0,2
2025-08-08,A07,6,508.0,788.0,False,0,0
2025-08-08,A08,3,0.0,338.0,False,3,0
2025-08-08,A09,0,584.0,0.0,False,0,0
2025-08-08,A10,59,0.0,15813.0,False,59,0
2025-08-08,B01,0,21.0,350.0,False,0,0
2025-08-08,B02,7,1274.0,0.0,False,0,0
2025-08-08,B03,0,0.0,749.0,False,0,0
2025-08-08,B04,0,238.2,828.0,False,0,0
2025-08-08,B05,2,272.0,0.0,False,0,0
2025-08-08,B06,0,461.0,0.0,False,0,0
2025-08-08,B07,153,0.0,10302.0,False,153,0
2025-08-08,B08,2,1337.3,2016.0,False,0,0
2025-08-08,B09,12,430.7,663.0,False,0,0
2025-08-08,B10,1,59.0,226.0,False,0,0
2025-08-08,B11,3,63.0,953.0,False,0,0
2025-08-08,B12,7,1079.1,1094.0,False,0,0
2025-08-08,C01,1,0.0,68.0,False,1,0
2025-08-08,C02,2,0.0,917.0,False,2,0
2025-08-08,C03,0,68.0,0.0,False,0,0
2025-08-08,C04,7,502.7,0.0,False,0,0
2025-08-08,C05,1,88.0,0.0,False,0,0
2025-08-08,C06,4,122.0,0.0,False,0,0
2025-08-08,C07,3,49.0,644.0,False,0,0
2025-08-08,C08,0,101.0,0.0,False,0,0
2025-08-09,A01,8,2475.0,0.0,False,0,1
2025-08-09,A02,14,0.0,4903.0,False,14,0
2025-08-09,A03,1,1031.0,0.0,False,0,0
2025-08-09,A04,0,250.0,0.0,False,0,0
2025-08-09,A05,1,612.0,6984.0,False,0,0
2025-08-09,A06,250,8174.0,5931.0,False,0,2
2025-08-09,A07,6,502.0,788.0,False,0,0
2025-08-09,A08,0,338.0,0.0,False,0,0
2025-08-09,A09,0,639.5,0.0,False,0,0
2025-08-09,A10,173,0.0,15813.0,False,173,0
2025-08-09,B01,1,20.0,350.0,False,0,0
2025-08-09,B02,6,1268.0,0.0,False,0,0
2025-08-09,B03,16,0.0,749.0,False,16,0
2025-08-09,B04,5,208.0,828.0,False,0,0
2025-08-09,B05,2,270.0,0.0,False,0,0
2025-08-09,B06,9,452.0,0.0,False,0,0
2025-08-09,B07,13,0.0,10302.0,False,13,0
2025-08-09,B08,2,1250.2,2016.0,False,0,0
2025-08-09,B09,0,453.0,663.0,False,0,0
2025-08-09,B10,0,59.0,226.0,False,0,0
2025-08-09,B11,0,65.6,953.0,False,0,0
2025-08-09,B12,2,942.0,1094.0,False,0,0
2025-08-09,C01,1,0.0,68.0,False,1,0
2025-08-09,C02,3,0.0,917.0,False,3,0
2025-08-09,C03,0,68.0,0.0,False,0,0
2025-08-09,C04,0,589.0,0.0,False,0,0
2025-08-09,C05,3,85.0,0.0,False,0,0
2025-08-09,C06,4,118.0,0.0,False,0,0
2025-08-09,C07,1,48.0,644.0,False,0,0
2025-08-09,C08,3,98.0,0.0,False,0,0
2025-08-10,A01,2,2472.0,0.0,False,0,1
2025-08-10,A02,23,0.0,4903.0,False,23,0
2025-08-10,A03,1,1030.0,0.0,False,0,0
2025-08-10,A04,0,250.0,0.0,False,0,0
2025-08-10,A05,246,366.0,6984.0,False,0,0
2025-08-10,A06,10,8162.0,5931.0,False,0,2
2025-08-10,A07,41,1103.1,0.0,False,0,0
2025-08-10,A08,1,337.0,0.0,False,0,0
2025-08-10,A09,3,581.0,0.0,False,0,0
2025-08-10,A10,48,0.0,15813.0,False,48,0
2025-08-10,B01,0,370.0,0.0,False,0,0
2025-08-10,B02,5,1263.0,0.0,False,0,0
2025-08-10,B03,0,0.0,749.0,False,0,0
2025-08-10,B04,1,207.0,828.0,False,0,0
2025-08-10,B05,5,265.0,0.0,False,0,0
2025-08-10,B06,7,445.0,0.0,False,0,0
2025-08-10,B07,10,0.0,10302.0,False,10,0
2025-08-10,B08,10,1410.6,2016.0,False,0,0
2025-08-10,B09,0,453.0,663.0,False,0,0
2025-08-10,B10,1,58.0,226.0,False,0,0
2025-08-10,B11,2,70.1,953.0,False,0,0
2025-08-10,B12,2,2073.9,0.0,False,0,0
2025-08-10,C01,0,0.0,68.0,False,0,0
2025-08-10,C02,2,0.0,917.0,False,2,0
2025-08-10,C03,0,68.0,0.0,False,0,0
2025-08-10,C04,6,578.9,0.0,False,0,0
2025-08-10,C05,0,85.0,0.0,False,0,0
2025-08-10,C06,2,116.0,0.0,False,0,0
2025-08-10,C07,0,48.0,644.0,False,0,0
2025-08-10,C08,0,98.0,0.0,False,0,0
2025-08-11,A01,0,2471.0,0.0,False,0,1
2025-08-11,A02,68,2375.0,2460.0,False,0,0
2025-08-11,A03,3,1027.0,0.0,False,0,0
2025-08-11,A04,0,250.0,0.0,False,0,0
2025-08-11,A05,1,365.0,6984.0,False,0,0
2025-08-11,A06,64,8096.0,5931.0,False,0,2
2025-08-11,A07,2,1247.0,0.0,False,0,0
2025-08-11,A08,10,327.0,0.0,False,0,0
2025-08-11,A09,11,570.0,0.0,False,0,0
2025-08-11,A10,15,0.0,15813.0,False,15,0
2025-08-11,B01,4,366.0,0.0,False,0,0
2025-08-11,B02,5,1258.0,0.0,False,0,0
2025-08-11,B03,0,0.0,749.0,False,0,0
2025-08-11,B04,11,196.0,828.0,False,0,0
2025-08-11,B05,2,263.0,0.0,False,0,0
2025-08-11,B06,8,437.0,0.0,False,0,0
2025-08-11,B07,75,0.0,10302.0,False,75,0
2025-08-11,B08,22,1277.0,2016.0,False,0,0
2025-08-11,B09,23,430.0,663.0,False,0,0
2025-08-11,B10,2,51.1,226.0,False,0,0
2025-08-11,B11,29,32.0,953.0,False,0,0
2025-08-11,B12,10,1982.5,0.0,False,0,0
2025-08-11,C01,0,0.0,68.0,False,0,0
2025-08-11,C02,27,0.0,917.0,False,27,0
2025-08-11,C03,0,68.0,0.0,False,0,0
2025-08-11,C04,4,579.0,0.0,False,0,0
2025-08-11,C05,2,83.0,0.0,False,0,0
2025-08-11,C06,6,108.5,0.0,False,0,0
2025-08-11,C07,1,47.0,644.0,False,0,0
2025-08-11,C08,0,98.0,0.0,False,0,0
2025-08-12,A01,35,2435.0,0.0,False,0,1
2025-08-12,A02,0,2375.0,2460.0,False,0,0
2025-08-12,A03,7,1020.0,0.0,False,0,0
2025-08-12,A04,4,246.0,0.0,False,0,0
2025-08-12,A05,9,356.0,6984.0,False,0,0
2025-08-12,A06,457,7637.0,5931.0,False,0,2
2025-08-12,A07,15,1232.0,0.0,False,0,0
2025-08-12,A08,11,316.0,0.0,False,0,0
2025-08-12,A09,3,544.6,0.0,False,0,0
2025-08-12,A10,6,0.0,15813.0,False,6,0
2025-08-12,B01,2,364.0,0.0,False,0,0
2025-08-12,B02,2,1256.0,0.0,False,0,0
2025-08-12,B03,2,0.0,749.0,False,2,0
2025-08-12,B04,1,195.0,828.0,False,0,0
2025-08-12,B05,1,262.0,0.0,False,0,0
2025-08-12,B06,0,437.0,0.0,False,0,0
2025-08-12,B07,164,0.0,10302.0,False,164,0
2025-08-12,B08,0,1103.4,2016.0,False,0,0
2025-08-12,B09,1,429.0,663.0,False,0,0
2025-08-12,B10,1,55.0,226.0,False,0,0
2025-08-12,B11,15,17.0,953.0,False,0,0
2025-08-12,B12,6,2018.0,0.0,False,0,0
2025-08-12,C01,1,0.0,68.0,False,1,0
2025-08-12,C02,7,0.0,917.0,False,7,0
2025-08-12,C03,0,68.0,0.0,False,0,0
2025-08-12,C04,0,579.0,0.0,False,0,0
2025-08-12,C05,5,78.0,0.0,False,0,0
2025-08-12,C06,1,109.0,0.0,False,0,0
2025-08-12,C07,0,47.0,644.0,False,0,0
2025-08-12,C08,0,98.0,0.0,False,0,0
2025-08-13,A01,19,2416.0,0.0,False,0,0
2025-08-13,A02,158,2217.0,2460.0,False,0,0
2025-08-13,A03,2,1018.0,0.0,False,0,0
2025-08-13,A04,1,245.0,0.0,False,0,0
2025-08-13,A05,222,134.0,6984.0,False,0,0
2025-08-13,A06,70,7565.0,5931.0,False,0,2
2025-08-13,A07,69,1163.0,0.0,False,0,0
2025-08-13,A08,0,316.0,0.0,False,0,0
2025-08-13,A09,14,553.0,0.0,False,0,0
2025-08-13,A10,104,0.0,15813.0,False,104,0
2025-08-13,B01,0,364.0,0.0,False,0,0
2025-08-13,B02,65,1191.0,0.0,False,0,0
2025-08-13,B03,8,741.0,0.0,False,0,0
2025-08-13,B04,2,193.0,828.0,False,0,0
2025-08-13,B05,1,261.0,0.0,False,0,0
2025-08-13,B06,0,437.0,0.0,False,0,0
2025-08-13,B07,0,0.0,10302.0,False,0,0
2025-08-13,B08,41,1236.0,2016.0,False,0,0
2025-08-13,B09,0,429.0,663.0,False,0,0
2025-08-13,B10,4,51.0,226.0,False,0,0
2025-08-13,B11,6,11.0,953.0,False,0,0
2025-08-13,B12,9,2009.0,0.0,False,0,0
2025-08-13,C01,0,0.0,68.0,False,0,0
2025-08-13,C02,3,914.0,0.0,False,0,0
2025-08-13,C03,1,67.0,0.0,False,0,0
2025-08-13,C04,0,579.0,0.0,False,0,0
2025-08-13,C05,1,77.0,0.0,False,0,0
2025-08-13,C06,0,109.0,0.0,False,0,0
2025-08-13,C07,6,41.0,644.0,False,0,0
2025-08-13,C08,2,96.0,0.0,False,0,0
2025-08-14,A01,2,2414.0,0.0,False,0,0
2025-08-14,A02,47,2170.0,2460.0,False,0,0
2025-08-14,A03,6,868.4,0.0,False,0,0
2025-08-14,A04,0,245.0,0.0,False,0,0
2025-08-14,A05,27,110.0,6984.0,False,0,0
2025-08-14,A06,52,7511.0,5931.0,False,0,2
2025-08-14,A07,62,1101.0,0.0,False,0,0
2025-08-14,A08,0,316.0,0.0,False,0,0
2025-08-14,A09,0,553.0,0.0,False,0,0
2025-08-14,A10,443,0.0,15813.0,False,443,0
2025-08-14,B01,0,364.0,0.0,False,0,0
2025-08-14,B02,25,1104.8,0.0,False,0,0
2025-08-14,B03,27,723.5,0.0,False,0,0
2025-08-14,B04,1,192.0,828.0,False,0,0
2025-08-14,B05,0,261.0,0.0,False,0,0
2025-08-14,B06,2,435.0,0.0,False,0,0
2025-08-14,B07,120,0.0,10302.0,False,120,0
2025-08-14,B08,20,1216.0,2016.0,False,0,0
2025-08-14,B09,1,428.0,663.0,False,0,0
2025-08-14,B10,0,51.0,226.0,False,0,0
2025-08-14,B11,3,8.0,953.0,False,0,0
2025-08-14,B12,20,1989.0,0.0,False,0,0
2025-08-14,C01,0,0.0,68.0,False,0,0
2025-08-14,C02,17,897.0,0.0,False,0,0
2025-08-14,C03,0,67.0,0.0,False,0,0
2025-08-14,C04,14,565.0,0.0,False,0,0
2025-08-14,C05,2,75.0,0.0,False,0,0
2025-08-14,C06,3,106.0,0.0,False,0,0
2025-08-14,C07,8,33.0,644.0,False,0,0
2025-08-14,C08,0,91.0,0.0,False,0,0
2025-08-15,A01,49,2365.0,0.0,False,0,0
2025-08-15,A02,398,1772.0,4876.0,True,0,0
2025-08-15,A03,12,1000.0,0.0,False,0,0
2025-08-15,A04,3,242.0,0.0,False,0,0
2025-08-15,A05,95,12.0,6984.0,False,0,0
2025-08-15,A06,342,7168.0,5931.0,False,0,1
2025-08-15,A07,6,1095.0,0.0,False,0,0
2025-08-15,A08,17,299.0,0.0,False,0,0
2025-08-15,A09,8,545.0,0.0,False,0,0
2025-08-15,A10,36,0.0,15813.0,False,36,0
2025-08-15,B01,1,363.0,0.0,False,0,0
2025-08-15,B02,2,1164.0,0.0,False,0,0
2025-08-15,B03,10,704.0,0.0,False,0,0
2025-08-15,B04,5,187.0,828.0,False,0,0
2025-08-15,B05,0,261.0,0.0,False,0,0
2025-08-15,B06,20,426.9,0.0,False,0,0
2025-08-15,B07,57,0.0,10302.0,False,57,0
2025-08-15,B08,62,1149.6,2016.0,False,0,0
2025-08-15,B09,27,401.0,663.0,False,0,0
2025-08-15,B10,3,48.0,226.0,False,0,0
2025-08-15,B11,7,1.0,953.0,False,0,0
2025-08-15,B12,47,1942.0,0.0,False,0,0
2025-08-15,C01,0,0.0,68.0,False,0,0
2025-08-15,C02,0,897.0,0.0,False,0,0
2025-08-15,C03,1,66.0,0.0,False,0,0
2025-08-15,C04,0,565.0,0.0,False,0,0
2025-08-15,C05,2,73.0,0.0,False,0,0
2025-08-15,C06,5,101.0,0.0,False,0,0
2025-08-15,C07,2,31.0,644.0,False,0,0
2025-08-15,C08,1,93.1,0.0,False,0,0
2025-08-16,A01,12,2353.0,0.0,False,0,0
2025-08-16,A02,288,1484.0,4876.0,False,0,0
2025-08-16,A03,0,1000.0,0.0,False,0,0
2025-08-16,A04,0,212.4,0.0,False,0,0
2025-08-16,A05,127,0.0,6984.0,False,115,0
2025-08-16,A06,8,7159.0,5931.0,False,0,1
2025-08-16,A07,5,1024.3,0.0,False,0,0
2025-08-16,A08,16,283.0,0.0,False,0,0
2025-08-16,A09,8,537.0,0.0,False,0,0
2025-08-16,A10,109,0.0,15813.0,False,109,0
2025-08-16,B01,0,363.0,0.0,False,0,0
2025-08-16,B02,16,1148.0,0.0,False,0,0
2025-08-16,B03,4,700.0,0.0,False,0,0
2025-08-16,B04,2,185.0,828.0,False,0,0
2025-08-16,B05,0,261.0,0.0,False,0,0
2025-08-16,B06,0,415.0,0.0,False,0,0
2025-08-16,B07,274,0.0,10302.0,False,274,0
2025-08-16,B08,1,1153.0,2016.0,False,0,0
2025-08-16,B09,2,399.0,663.0,False,0,0
2025-08-16,B10,0,51.8,226.0,False,0,0
2025-08-16,B11,1,0.0,953.0,False,0,0
2025-08-16,B12,30,1912.0,0.0,False,0,0
2025-08-16,C01,0,0.0,68.0,False,0,0
2025-08-16,C02,5,926.5,0.0,False,0,0
2025-08-16,C03,1,65.0,0.0,False,0,0
2025-08-16,C04,2,563.0,0.0,False,0,0
2025-08-16,C05,2,71.0,0.0,False,0,0
2025-08-16,C06,1,100.0,0.0,False,0,0
2025-08-16,C07,5,26.0,644.0,False,0,0
2025-08-16,C08,1,94.0,0.0,False,0,0
2025-08-17,A01,104,2249.0,0.0,False,0,0
2025-08-17,A02,10,1474.0,4876.0,False,0,0
2025-08-17,A03,3,997.0,0.0,False,0,0
2025-08-17,A04,0,242.0,0.0,False,0,0
2025-08-17,A05,125,0.0,6984.0,False,125,0
2025-08-17,A06,0,7158.0,5931.0,False,0,1
2025-08-17,A07,10,1080.0,0.0,False,0,0
2025-08-17,A08,0,283.0,0.0,False,0,0
2025-08-17,A09,1,536.0,0.0,False,0,0
2025-08-17,A10,62,0.0,15813.0,False,62,0
2025-08-17,B01,1,362.0,0.0,False,0,0
2025-08-17,B02,21,1127.0,0.0,False,0,0
2025-08-17,B03,0,700.0,0.0,False,0,0
2025-08-17,B04,7,178.0,828.0,False,0,0
2025-08-17,B05,0,261.0,0.0,False,0,0
2025-08-17,B06,7,408.0,0.0,False,0,0
2025-08-17,B07,11,0.0,10302.0,False,11,0
2025-08-17,B08,7,1079.0,2016.0,False,0,0
2025-08-17,B09,9,429.5,663.0,False,0,0
2025-08-17,B10,9,39.0,226.0,False,0,0
2025-08-17,B11,0,0.0,953.0,False,0,0
2025-08-17,B12,6,1906.0,0.0,False,0,0
2025-08-17,C01,1,0.0,68.0,False,1,0
2025-08-17,C02,8,884.0,0.0,False,0,0
2025-08-17,C03,0,55.9,0.0,False,0,0
2025-08-17,C04,7,592.7,0.0,False,0,0
2025-08-17,C05,0,71.0,0.0,False,0,0
2025-08-17,C06,1,99.0,0.0,False,0,0
2025-08-17,C07,1,25.0,644.0,False,0,0
2025-08-17,C08,1,93.0,0.0,False,0,0
2025-08-18,A01,16,2233.0,0.0,False,0,0
2025-08-18,A02,266,1208.0,4876.0,False,0,0
2025-08-18,A03,1,996.0,0.0,False,0,0
2025-08-18,A04,0,242.0,0.0,False,0,0
2025-08-18,A05,118,0.0,6984.0,False,118,0
2025-08-18,A06,1068,6089.0,5931.0,False,0,1
2025-08-18,A07,18,1062.0,0.0,False,0,0
2025-08-18,A08,5,278.0,0.0,False,0,0
2025-08-18,A09,4,532.0,0.0,False,0,0
2025-08-18,A10,77,0.0,15813.0,False,77,0
2025-08-18,B01,1,361.0,0.0,False,0,0
2025-08-18,B02,14,1113.0,0.0,False,0,0
2025-08-18,B03,0,700.0,0.0,False,0,0
2025-08-18,B04,6,172.0,828.0,False,0,0
2025-08-18,B05,5,292.3,0.0,False,0,0
2025-08-18,B06,23,385.0,0.0,False,0,0
2025-08-18,B07,137,0.0,10302.0,False,137,0
2025-08-18,B08,41,1105.0,2016.0,False,0,0
2025-08-18,B09,20,370.0,663.0,False,0,0
2025-08-18,B10,3,36.0,226.0,False,0,0
2025-08-18,B11,2,0.0,953.0,False,2,0
2025-08-18,B12,30,1876.0,0.0,False,0,0
2025-08-18,C01,0,0.0,68.0,False,0,0
2025-08-18,C02,39,845.0,0.0,False,0,0
2025-08-18,C03,1,64.0,0.0,False,0,0
2025-08-18,C04,2,554.0,0.0,False,0,0
2025-08-18,C05,0,71.0,0.0,False,0,0
2025-08-18,C06,1,98.0,0.0,False,0,0
2025-08-18,C07,0,25.0,644.0,False,0,0
2025-08-18,C08,0,93.0,0.0,False,0,0
2025-08-19,A01,6,1909.6,1094.0,True,0,0
2025-08-19,A02,34,1174.0,4876.0,False,0,0
2025-08-19,A03,1,995.0,0.0,False,0,0
2025-08-19,A04,3,239.0,0.0,False,0,0
2025-08-19,A05,5,0.0,6984.0,False,5,0
2025-08-19,A06,256,5832.0,5931.0,False,0,1
2025-08-19,A07,18,1044.0,0.0,False,0,0
2025-08-19,A08,25,253.0,0.0,False,0,0
2025-08-19,A09,5,527.0,0.0,False,0,0
2025-08-19,A10,20,0.0,15813.0,False,20,0
2025-08-19,B01,1,360.0,0.0,False,0,0
2025-08-19,B02,21,949.9,0.0,False,0,0
2025-08-19,B03,12,688.0,0.0,False,0,0
2025-08-19,B04,9,163.0,828.0,False,0,0
2025-08-19,B05,0,256.0,0.0,False,0,0
2025-08-19,B06,5,380.0,0.0,False,0,0
2025-08-19,B07,26,0.0,10302.0,False,26,0
2025-08-19,B08,24,1081.0,2016.0,False,0,0
2025-08-19,B09,26,383.5,663.0,False,0,0
2025-08-19,B10,3,33.0,226.0,False,0,0
2025-08-19,B11,4,0.0,953.0,False,4,0
2025-08-19,B12,3,1873.0,0.0,False,0,0
2025-08-19,C01,0,0.0,68.0,False,0,0
2025-08-19,C02,4,841.0,0.0,False,0,0
2025-08-19,C03,0,64.0,0.0,False,0,0
2025-08-19,C04,0,554.0,0.0,False,0,0
2025-08-19,C05,0,71.0,0.0,False,0,0
2025-08-19,C06,2,96.0,0.0,False,0,0
2025-08-19,C07,2,23.0,644.0,False,0,0
2025-08-19,C08,0,93.0,0.0,False,0,0
2025-08-20,A01,68,2159.0,1094.0,False,0,0
2025-08-20,A02,61,1113.0,4876.0,False,0,0
2025-08-20,A03,0,995.0,0.0,False,0,0
2025-08-20,A04,0,239.0,0.0,False,0,0
2025-08-20,A05,84,0.0,6984.0,False,84,0
2025-08-20,A06,142,5689.0,5931.0,False,0,1
2025-08-20,A07,1,1043.0,0.0,False,0,0
2025-08-20,A08,0,270.4,0.0,False,0,0
2025-08-20,A09,2,525.0,0.0,False,0,0
2025-08-20,A10,322,0.0,15813.0,False,322,0
2025-08-20,B01,0,360.0,0.0,False,0,0
2025-08-20,B02,10,1082.0,0.0,False,0,0
2025-08-20,B03,9,611.9,0.0,False,0,0
2025-08-20,B04,4,987.0,0.0,False,0,0
2025-08-20,B05,1,255.0,0.0,False,0,0
2025-08-20,B06,14,366.0,0.0,False,0,0
2025-08-20,B07,1,0.0,10302.0,False,1,0
2025-08-20,B08,7,1074.0,2016.0,False,0,0
2025-08-20,B09,0,344.0,663.0,False,0,0
2025-08-20,B10,3,30.0,226.0,False,0,0
2025-08-20,B11,12,0.0,953.0,False,12,0
2025-08-20,B12,13,1860.0,0.0,False,0,0
2025-08-20,C01,0,0.0,68.0,False,0,0
2025-08-20,C02,0,841.0,0.0,False,0,0
2025-08-20,C03,0,64.0,0.0,False,0,0
2025-08-20,C04,0,554.0,0.0,False,0,0
2025-08-20,C05,0,71.0,0.0,False,0,0
2025-08-20,C06,0,96.0,0.0,False,0,0
2025-08-20,C07,5,18.0,644.0,False,0,0
2025-08-20,C08,6,87.0,0.0,False,0,0
2025-08-21,A01,80,2079.0,1094.0,False,0,0
2025-08-21,A02,202,911.0,4876.0,False,0,0
2025-08-21,A03,1,994.0,0.0,False,0,0
2025-08-21,A04,2,237.0,0.0,False,0,0
2025-08-21,A05,69,0.0,6984.0,False,69,0
2025-08-21,A06,652,5036.0,5931.0,False,0,1
2025-08-21,A07,6,980.2,736.0,True,0,0
2025-08-21,A08,0,253.0,0.0,False,0,0
2025-08-21,A09,1,524.0,0.0,False,0,0
2025-08-21,A10,8,0.0,15813.0,False,8,0
2025-08-21,B01,0,360.0,0.0,False,0,0
2025-08-21,B02,9,1073.0,0.0,False,0,0
2025-08-21,B03,3,674.9,0.0,False,0,0
2025-08-21,B04,1,986.0,0.0,False,0,0
2025-08-21,B05,0,255.0,0.0,False,0,0
2025-08-21,B06,1,365.0,0.0,False,0,0
2025-08-21,B07,20,0.0,10302.0,False,20,0
2025-08-21,B08,0,1074.0,2016.0,False,0,0
2025-08-21,B09,0,344.0,663.0,False,0,0
2025-08-21,B10,3,27.0,226.0,False,0,0
2025-08-21,B11,2,0.0,953.0,False,2,0
2025-08-21,B12,8,2085.9,0.0,False,0,0
2025-08-21,C01,1,0.0,68.0,False,1,0
2025-08-21,C02,5,836.0,0.0,False,0,0
2025-08-21,C03,0,64.0,0.0,False,0,0
2025-08-21,C04,9,545.0,0.0,False,0,0
2025-08-21,C05,4,67.0,0.0,False,0,0
2025-08-21,C06,0,96.0,0.0,False,0,0
2025-08-21,C07,3,15.0,644.0,False,0,0
2025-08-21,C08,0,87.0,0.0,False,0,0
2025-08-22,A01,0,2079.0,1094.0,False,0,0
2025-08-22,A02,8,903.0,4876.0,False,0,0
2025-08-22,A03,2,992.0,0.0,False,0,0
2025-08-22,A04,0,262.0,0.0,False,0,0
2025-08-22,A05,177,0.0,6984.0,False,177,0
2025-08-22,A06,254,4077.9,12654.0,True,0,1
2025-08-22,A07,18,1019.0,736.0,False,0,0
2025-08-22,A08,9,244.0,0.0,False,0,0
2025-08-22,A09,2,522.0,0.0,False,0,0
2025-08-22,A10,2,0.0,15813.0,False,2,0
2025-08-22,B01,2,358.0,0.0,False,0,0
2025-08-22,B02,25,1048.0,0.0,False,0,0
2025-08-22,B03,0,676.0,0.0,False,0,0
2025-08-22,B04,4,982.0,0.0,False,0,0
2025-08-22,B05,1,254.0,0.0,False,0,0
2025-08-22,B06,16,349.0,0.0,False,0,0
2025-08-22,B07,24,0.0,10302.0,False,24,0
2025-08-22,B08,26,1048.0,2016.0,False,0,0
2025-08-22,B09,9,328.9,663.0,False,0,0
2025-08-22,B10,4,22.9,226.0,False,0,0
2025-08-22,B11,3,0.0,953.0,False,3,0
2025-08-22,B12,1,1851.0,0.0,False,0,0
2025-08-22,C01,0,0.0,68.0,False,0,0
2025-08-22,C02,10,909.8,0.0,False,0,0
2025-08-22,C03,0,64.0,0.0,False,0,0
2025-08-22,C04,0,545.0,0.0,False,0,0
2025-08-22,C05,1,66.0,0.0,False,0,0
2025-08-22,C06,6,90.0,0.0,False,0,0
2025-08-22,C07,10,5.0,644.0,False,0,0
2025-08-22,C08,0,87.0,0.0,False,0,0
2025-08-23,A01,3,2076.0,1094.0,False,0,0
2025-08-23,A02,157,685.1,4876.0,False,0,0
2025-08-23,A03,2,990.0,0.0,False,0,0
2025-08-23,A04,3,234.0,0.0,False,0,0
2025-08-23,A05,8,0.0,6984.0,False,8,0
2025-08-23,A06,20,4760.0,12654.0,False,0,1
2025-08-23,A07,14,1001.2,736.0,False,0,0
2025-08-23,A08,0,244.0,0.0,False,0,0
2025-08-23,A09,12,510.0,0.0,False,0,0
2025-08-23,A10,161,0.0,15813.0,False,161,0
2025-08-23,B01,3,355.0,0.0,False,0,0
2025-08-23,B02,10,1038.0,0.0,False,0,0
2025-08-23,B03,2,674.0,0.0,False,0,0
2025-08-23,B04,21,1042.7,0.0,False,0,0
2025-08-23,B05,0,254.0,0.0,False,0,0
2025-08-23,B06,5,344.0,0.0,False,0,0
2025-08-23,B07,4,0.0,10302.0,False,4,0
2025-08-23,B08,93,955.0,2016.0,False,0,0
2025-08-23,B09,12,323.0,663.0,False,0,0
2025-08-23,B10,2,21.0,226.0,False,0,0
2025-08-23,B11,4,0.0,953.0,False,4,0
2025-08-23,B12,7,1844.0,0.0,False,0,0
2025-08-23,C01,0,0.0,68.0,False,0,0
2025-08-23,C02,5,821.0,0.0,False,0,0
2025-08-23,C03,1,63.0,0.0,False,0,0
2025-08-23,C04,7,538.0,0.0,False,0,0
2025-08-23,C05,3,63.0,0.0,False,0,0
2025-08-23,C06,0,90.0,0.0,False,0,0
2025-08-23,C07,4,1.0,644.0,False,0,0
2025-08-23,C08,0,87.0,0.0,False,0,0
2025-08-24,A01,8,2068.0,1094.0,False,0,0
2025-08-24,A02,94,652.0,4876.0,False,0,0
2025-08-24,A03,2,988.0,0.0,False,0,0
2025-08-24,A04,3,239.9,0.0,False,0,0
2025-08-24,A05,21,0.0,6984.0,False,21,0
2025-08-24,A06,17,4345.3,12654.0,False,0,1
2025-08-24,A07,21,984.0,736.0,False,0,0
2025-08-24,A08,6,238.0,0.0,False,0,0
2025-08-24,A09,9,501.0,0.0,False,0,0
2025-08-24,A10,40,0.0,15813.0,False,40,0
2025-08-24,B01,2,370.1,0.0,False,0,0
2025-08-24,B02,12,1026.0,0.0,False,0,0
2025-08-24,B03,1,673.0,0.0,False,0,0
2025-08-24,B04,5,956.0,0.0,False,0,0
2025-08-24,B05,3,251.0,0.0,False,0,0
2025-08-24,B06,13,331.0,0.0,False,0,0
2025-08-24,B07,0,0.0,10302.0,False,0,0
2025-08-24,B08,27,928.0,2016.0,False,0,0
2025-08-24,B09,2,321.0,663.0,False,0,0
2025-08-24,B10,2,19.0,226.0,False,0,0
2025-08-24,B11,10,943.0,0.0,False,0,0
2025-08-24,B12,5,1839.0,0.0,False,0,0
2025-08-24,C01,0,0.0,68.0,False,0,0
2025-08-24,C02,0,821.0,0.0,False,0,0
2025-08-24,C03,0,63.0,0.0,False,0,0
2025-08-24,C04,0,538.0,0.0,False,0,0
2025-08-24,C05,1,62.0,0.0,False,0,0
2025-08-24,C06,0,90.0,0.0,False,0,0
2025-08-24,C07,4,0.0,644.0,False,3,0
2025-08-24,C08,0,87.0,0.0,False,0,0
2025-08-25,A01,97,1971.0,1094.0,False,0,0
2025-08-25,A02,61,650.7,4876.0,False,0,0
2025-08-25,A03,7,981.0,0.0,False,0,0
2025-08-25,A04,8,223.0,0.0,False,0,0
2025-08-25,A05,14,0.0,6984.0,False,14,0
2025-08-25,A06,19,4722.0,12654.0,False,0,1
2025-08-25,A07,2,982.0,736.0,False,0,0
2025-08-25,A08,1,237.0,0.0,False,0,0
2025-08-25,A09,0,501.0,0.0,False,0,0
2025-08-25,A10,111,0.0,15813.0,False,111,0
2025-08-25,B01,4,349.0,0.0,False,0,0
2025-08-25,B02,9,1017.0,0.0,False,0,0
2025-08-25,B03,4,669.0,0.0,False,0,0
2025-08-25,B04,0,956.0,0.0,False,0,0
2025-08-25,B05,2,249.0,0.0,False,0,0
2025-08-25,B06,41,290.0,1170.0,True,0,0
2025-08-25,B07,14,0.0,10302.0,False,14,0
2025-08-25,B08,19,909.0,2016.0,False,0,0
2025-08-25,B09,2,319.0,663.0,False,0,0
2025-08-25,B10,0,19.0,226.0,False,0,0
2025-08-25,B11,3,940.0,0.0,False,0,0
2025-08-25,B12,36,1900.7,0.0,False,0,0
2025-08-25,C01,0,0.0,68.0,False,0,0
2025-08-25,C02,3,818.0,0.0,False,0,0
2025-08-25,C03,0,63.0,0.0,False,0,0
2025-08-25,C04,1,537.0,0.0,False,0,0
2025-08-25,C05,5,57.0,0.0,False,0,0
2025-08-25,C06,3,87.0,0.0,False,0,0
2025-08-25,C07,1,0.0,644.0,False,1,0
2025-08-25,C08,2,85.0,0.0,False,0,0
2025-08-26,A01,23,1948.0,1094.0,False,0,0
2025-08-26,A02,0,591.0,4876.0,False,0,0
2025-08-26,A03,6,897.1,0.0,False,0,0
2025-08-26,A04,0,223.0,0.0,False,0,0
2025-08-26,A05,46,0.0,6984.0,False,46,0
2025-08-26,A06,29,4692.0,12654.0,False,0,1
2025-08-26,A07,5,977.0,736.0,False,0,0
2025-08-26,A08,5,232.0,0.0,False,0,0
2025-08-26,A09,4,497.0,0.0,False,0,0
2025-08-26,A10,177,0.0,15813.0,False,177,0
2025-08-26,B01,0,349.0,0.0,False,0,0
2025-08-26,B02,17,1000.0,0.0,False,0,0
2025-08-26,B03,15,654.0,0.0,False,0,0
2025-08-26,B04,5,951.0,0.0,False,0,0
2025-08-26,B05,0,249.0,0.0,False,0,0
2025-08-26,B06,12,278.0,1170.0,False,0,0
2025-08-26,B07,13,0.0,10302.0,False,13,0
2025-08-26,B08,15,894.0,2016.0,False,0,0
2025-08-26,B09,18,301.0,663.0,False,0,0
2025-08-26,B10,3,14.1,226.0,False,0,0
2025-08-26,B11,18,922.0,0.0,False,0,0
2025-08-26,B12,49,1754.0,0.0,False,0,0
2025-08-26,C01,6,0.0,68.0,False,6,0
2025-08-26,C02,10,808.0,0.0,False,0,0
2025-08-26,C03,1,62.0,0.0,False,0,0
2025-08-26,C04,2,535.0,0.0,False,0,0
2025-08-26,C05,0,57.0,0.0,False,0,0
2025-08-26,C06,1,86.0,0.0,False,0,0
2025-08-26,C07,0,0.0,644.0,False,0,0
2025-08-26,C08,0,85.0,0.0,False,0,0
2025-08-27,A01,19,1929.0,1094.0,False,0,0
2025-08-27,A02,47,544.0,4876.0,False,0,0
2025-08-27,A03,6,969.0,0.0,False,0,0
2025-08-27,A04,0,223.0,0.0,False,0,0
2025-08-27,A05,318,0.0,6984.0,False,318,0
2025-08-27,A06,236,4455.0,12654.0,False,0,1
2025-08-27,A07,11,966.0,736.0,False,0,0
2025-08-27,A08,2,230.0,0.0,False,0,0
2025-08-27,A09,5,492.0,0.0,False,0,0
2025-08-27,A10,220,0.0,15813.0,False,220,0
2025-08-27,B01,0,349.0,0.0,False,0,0
2025-08-27,B02,0,1000.0,0.0,False,0,0
2025-08-27,B03,4,730.8,0.0,False,0,0
2025-08-27,B04,12,939.0,0.0,False,0,0
2025-08-27,B05,3,246.0,0.0,False,0,0
2025-08-27,B06,23,255.0,1170.0,False,0,0
2025-08-27,B07,65,0.0,10302.0,False,65,0
2025-08-27,B08,24,870.0,2016.0,False,0,0
2025-08-27,B09,7,294.0,663.0,False,0,0
2025-08-27,B10,1,15.0,226.0,False,0,0
2025-08-27,B11,26,896.0,0.0,False,0,0
2025-08-27,B12,0,1754.0,0.0,False,0,0
2025-08-27,C01,0,0.0,68.0,False,0,0
2025-08-27,C02,6,802.0,0.0,False,0,0
2025-08-27,C03,1,61.0,0.0,False,0,0
2025-08-27,C04,7,528.0,0.0,False,0,0
2025-08-27,C05,0,57.0,0.0,False,0,0
2025-08-27,C06,6,80.0,0.0,False,0,0
2025-08-27,C07,5,0.0,644.0,False,5,0
2025-08-27,C08,1,84.0,0.0,False,0,0
2025-08-28,A01,8,1921.0,1094.0,False,0,0
2025-08-28,A02,24,520.0,4876.0,False,0,0
2025-08-28,A03,2,967.0,0.0,False,0,0
2025-08-28,A04,1,222.0,0.0,False,0,0
2025-08-28,A05,47,0.0,6984.0,False,47,0
2025-08-28,A06,179,4275.0,12654.0,False,0,1
2025-08-28,A07,1,965.0,736.0,False,0,0
2025-08-28,A08,2,228.0,0.0,False,0,0
2025-08-28,A09,6,486.0,0.0,False,0,0
2025-08-28,A10,42,0.0,15813.0,False,42,0
2025-08-28,B01,6,343.0,0.0,False,0,0
2025-08-28,B02,0,1000.0,0.0,False,0,0
2025-08-28,B03,4,646.0,0.0,False,0,0
2025-08-28,B04,9,930.0,0.0,False,0,0
2025-08-28,B05,6,240.0,0.0,False,0,0
2025-08-28,B06,3,231.8,1170.0,False,0,0
2025-08-28,B07,16,0.0,10302.0,False,16,0
2025-08-28,B08,23,847.0,2016.0,False,0,0
2025-08-28,B09,3,291.0,663.0,False,0,0
2025-08-28,B10,2,13.0,226.0,False,0,0
2025-08-28,B11,3,893.0,0.0,False,0,0
2025-08-28,B12,26,1728.0,0.0,False,0,0
2025-08-28,C01,0,0.0,68.0,False,0,0
2025-08-28,C02,16,786.0,0.0,False,0,0
2025-08-28,C03,0,61.0,0.0,False,0,0
2025-08-28,C04,2,526.0,0.0,False,0,0
2025-08-28,C05,0,57.0,0.0,False,0,0
2025-08-28,C06,5,75.0,0.0,False,0,0
2025-08-28,C07,0,0.0,644.0,False,0,0
2025-08-28,C08,2,82.0,0.0,False,0,0
2025-08-29,A01,10,1911.0,1094.0,False,0,0
2025-08-29,A02,157,363.0,4876.0,False,0,0
2025-08-29,A03,3,964.0,0.0,False,0,0
2025-08-29,A04,0,222.0,0.0,False,0,0
2025-08-29,A05,42,0.0,6984.0,False,42,0
2025-08-29,A06,17,4257.0,12654.0,False,0,1
2025-08-29,A07,0,965.0,736.0,False,0,0
2025-08-29,A08,5,223.0,0.0,False,0,0
2025-08-29,A09,19,467.0,0.0,False,0,0
2025-08-29,A10,113,0.0,15813.0,False,113,0
2025-08-29,B01,2,341.0,0.0,False,0,0
2025-08-29,B02,1,999.0,0.0,False,0,0
2025-08-29,B03,0,646.0,0.0,False,0,0
2025-08-29,B04,0,930.0,0.0,False,0,0
2025-08-29,B05,4,236.0,0.0,False,0,0
2025-08-29,B06,24,228.0,1170.0,False,0,0
2025-08-29,B07,64,0.0,10302.0,False,64,0
2025-08-29,B08,12,835.0,2016.0,False,0,0
2025-08-29,B09,5,286.0,663.0,False,0,0
2025-08-29,B10,0,12.6,226.0,False,0,0
2025-08-29,B11,10,883.0,0.0,False,0,0
2025-08-29,B12,7,1721.0,0.0,False,0,0
2025-08-29,C01,1,0.0,68.0,False,1,0
2025-08-29,C02,4,782.0,0.0,False,0,0
2025-08-29,C03,0,61.0,0.0,False,0,0
2025-08-29,C04,0,526.0,0.0,False,0,0
2025-08-29,C05,0,57.0,0.0,False,0,0
2025-08-29,C06,1,74.0,0.0,False,0,0
2025-08-29,C07,0,0.0,644.0,False,0,0
2025-08-29,C08,1,81.0,0.0,False,0,0
2025-08-30,A01,66,1845.0,1094.0,False,0,0
2025-08-30,A02,40,323.0,4876.0,False,0,0
2025-08-30,A03,5,959.0,0.0,False,0,0
2025-08-30,A04,0,222.0,0.0,False,0,0
2025-08-30,A05,14,0.0,6984.0,False,14,0
2025-08-30,A06,122,4134.0,12654.0,False,0,1
2025-08-30,A07,8,957.0,736.0,False,0,0
2025-08-30,A08,4,219.0,0.0,False,0,0
2025-08-30,A09,3,464.0,0.0,False,0,0
2025-08-30,A10,92,0.0,15813.0,False,92,0
2025-08-30,B01,0,341.0,0.0,False,0,0
2025-08-30,B02,16,1022.7,0.0,False,0,0
2025-08-30,B03,0,646.0,0.0,False,0,0
2025-08-30,B04,1,929.0,0.0,False,0,0
2025-08-30,B05,0,236.0,0.0,False,0,0
2025-08-30,B06,10,218.0,1170.0,False,0,0
2025-08-30,B07,22,0.0,10302.0,False,22,0
2025-08-30,B08,12,823.0,2016.0,False,0,0
2025-08-30,B09,0,286.0,663.0,False,0,0
2025-08-30,B10,2,11.0,226.0,False,0,0
2025-08-30,B11,0,883.0,0.0,False,0,0
2025-08-30,B12,0,1721.0,0.0,False,0,0
2025-08-30,C01,0,0.0,68.0,False,0,0
2025-08-30,C02,0,718.2,0.0,False,0,0
2025-08-30,C03,0,61.0,0.0,False,0,0
2025-08-30,C04,5,521.0,0.0,False,0,0
2025-08-30,C05,1,56.0,0.0,False,0,0
2025-08-30,C06,0,74.0,0.0,False,0,0
2025-08-30,C07,6,0.0,644.0,False,6,0
2025-08-30,C08,0,81.0,0.0,False,0,0
2025-08-31,A01,0,1845.0,1094.0,False,0,0
2025-08-31,A02,83,240.0,4876.0,False,0,0
2025-08-31,A03,5,954.0,0.0,False,0,0
2025-08-31,A04,3,219.0,0.0,False,0,0
2025-08-31,A05,97,0.0,6984.0,False,97,0
2025-08-31,A06,107,4026.0,12654.0,False,0,1
2025-08-31,A07,3,954.0,736.0,False,0,0
2025-08-31,A08,3,216.0,0.0,False,0,0
2025-08-31,A09,21,443.0,0.0,False,0,0
2025-08-31,A10,71,0.0,15813.0,False,71,0
2025-08-31,B01,6,335.0,0.0,False,0,0
2025-08-31,B02,3,980.0,0.0,False,0,0
2025-08-31,B03,1,610.7,0.0,False,0,0
2025-08-31,B04,1,928.0,0.0,False,0,0
2025-08-31,B05,0,265.7,0.0,False,0,0
2025-08-31,B06,5,213.0,1170.0,False,0,0
2025-08-31,B07,19,0.0,10302.0,False,19,0
2025-08-31,B08,8,815.0,2016.0,False,0,0
2025-08-31,B09,8,278.0,663.0,False,0,0
2025-08-31,B10,4,7.0,226.0,False,0,0
2025-08-31,B11,5,878.0,0.0,False,0,0
2025-08-31,B12,14,1707.0,0.0,False,0,0
2025-08-31,C01,0,0.0,68.0,False,0,0
2025-08-31,C02,0,782.0,0.0,False,0,0
2025-08-31,C03,1,60.0,0.0,False,0,0
2025-08-31,C04,1,520.0,0.0,False,0,0
2025-08-31,C05,1,55.0,0.0,False,0,0
2025-08-31,C06,1,73.0,0.0,False,0,0
2025-08-31,C07,0,0.0,644.0,False,0,0
2025-08-31,C08,0,83.1,0.0,False,0,0
2025-09-01,A01,13,1832.0,1094.0,False,0,0
2025-09-01,A02,37,202.9,4876.0,False,0,0
2025-09-01,A03,2,952.0,0.0,False,0,0
2025-09-01,A04,0,219.0,0.0,False,0,0
2025-09-01,A05,19,0.0,6984.0,False,19,0
2025-09-01,A06,59,4330.4,12654.0,False,0,1
2025-09-01,A07,2,952.0,736.0,False,0,0
2025-09-01,A08,1,215.0,0.0,False,0,0
2025-09-01,A09,2,441.0,0.0,False,0,0
2025-09-01,A10,198,0.0,15813.0,False,198,0
2025-09-01,B01,1,334.0,0.0,False,0,0
2025-09-01,B02,13,967.0,0.0,False,0,0
2025-09-01,B03,10,674.6,0.0,False,0,0
2025-09-01,B04,0,884.4,0.0,False,0,0
2025-09-01,B05,0,235.4,0.0,False,0,0
2025-09-01,B06,1,212.0,1170.0,False,0,0
2025-09-01,B07,503,0.0,10302.0,False,503,0
2025-09-01,B08,2,813.0,2016.0,False,0,0
2025-09-01,B09,2,276.0,663.0,False,0,0
2025-09-01,B10,10,0.0,226.0,False,3,0
2025-09-01,B11,16,878.9,0.0,False,0,0
2025-09-01,B12,9,1698.0,0.0,False,0,0
2025-09-01,C01,0,0.0,68.0,False,0,0
2025-09-01,C02,4,778.0,0.0,False,0,0
2025-09-01,C03,0,60.0,0.0,False,0,0
2025-09-01,C04,4,516.0,0.0,False,0,0
2025-09-01,C05,0,55.0,0.0,False,0,0
2025-09-01,C06,1,72.0,0.0,False,0,0
2025-09-01,C07,1,0.0,644.0,False,1,0
2025-09-01,C08,0,81.0,0.0,False,0,0
2025-09-02,A01,44,1788.0,1094.0,False,0,0
2025-09-02,A02,310,0.0,4876.0,False,107,0
2025-09-02,A03,7,945.0,0.0,False,0,0
2025-09-02,A04,0,219.0,0.0,False,0,0
2025-09-02,A05,51,0.0,6984.0,False,51,0
2025-09-02,A06,328,3106.7,12654.0,False,0,1
2025-09-02,A07,12,1676.0,0.0,False,0,0
2025-09-02,A08,3,212.9,0.0,False,0,0
2025-09-02,A09,5,436.0,658.0,True,0,0
2025-09-02,A10,735,15075.0,0.0,False,0,3
2025-09-02,B01,0,334.0,0.0,False,0,0
2025-09-02,B02,0,967.0,0.0,False,0,0
2025-09-02,B03,0,635.0,0.0,False,0,0
2025-09-02,B04,0,928.0,0.0,False,0,0
2025-09-02,B05,0,249.6,0.0,False,0,0
2025-09-02,B06,2,210.0,1170.0,False,0,0
2025-09-02,B07,19,0.0,10302.0,False,19,0
2025-09-02,B08,22,791.0,2016.0,False,0,0
2025-09-02,B09,0,276.0,663.0,False,0,0
2025-09-02,B10,2,0.0,226.0,False,2,0
2025-09-02,B11,1,921.4,0.0,False,0,0
2025-09-02,B12,15,1526.1,0.0,False,0,0
2025-09-02,C01,0,0.0,68.0,False,0,0
2025-09-02,C02,12,673.6,0.0,False,0,0
2025-09-02,C03,0,60.0,0.0,False,0,0
2025-09-02,C04,1,515.0,0.0,False,0,0
2025-09-02,C05,4,51.0,0.0,False,0,0
2025-09-02,C06,0,72.0,0.0,False,0,0
2025-09-02,C07,1,0.0,644.0,False,1,0
2025-09-02,C08,0,81.0,0.0,False,0,0
2025-09-03,A01,1,1787.0,1094.0,False,0,0
2025-09-03,A02,20,0.0,4876.0,False,20,0
2025-09-03,A03,9,996.5,0.0,False,0,0
2025-09-03,A04,0,219.0,0.0,False,0,0
2025-09-03,A05,4,0.0,6984.0,False,4,0
2025-09-03,A06,118,3518.0,12654.0,False,0,1
2025-09-03,A07,2,1674.0,0.0,False,0,0
2025-09-03,A08,2,210.0,0.0,False,0,0
2025-09-03,A09,12,424.0,658.0,False,0,0
2025-09-03,A10,40,15032.0,0.0,False,0,3
2025-09-03,B01,1,333.0,0.0,False,0,0
2025-09-03,B02,0,967.0,0.0,False,0,0
2025-09-03,B03,5,630.0,0.0,False,0,0
2025-09-03,B04,0,928.0,0.0,False,0,0
2025-09-03,B05,1,235.0,0.0,False,0,0
2025-09-03,B06,1,209.0,1170.0,False,0,0
2025-09-03,B07,39,0.0,10302.0,False,39,0
2025-09-03,B08,10,781.0,2016.0,False,0,0
2025-09-03,B09,0,276.0,663.0,False,0,0
2025-09-03,B10,4,0.0,226.0,False,4,0
2025-09-03,B11,2,859.0,0.0,False,0,0
2025-09-03,B12,34,1668.7,0.0,False,0,0
2025-09-03,C01,2,0.0,68.0,False,2,0
2025-09-03,C02,4,762.0,0.0,False,0,0
2025-09-03,C03,1,59.0,0.0,False,0,0
2025-09-03,C04,0,515.0,0.0,False,0,0
2025-09-03,C05,3,48.0,0.0,False,0,0
2025-09-03,C06,0,72.0,0.0,False,0,0
2025-09-03,C07,7,0.0,644.0,False,7,0
2025-09-03,C08,0,81.0,0.0,False,0,0
2025-09-04,A01,30,1757.0,1094.0,False,0,0
2025-09-04,A02,2,0.0,4876.0,False,2,0
2025-09-04,A03,5,931.0,0.0,False,0,0
2025-09-04,A04,0,219.0,0.0,False,0,0
2025-09-04,A05,18,3456.0,3509.0,False,0,1
2025-09-04,A06,266,3251.0,12654.0,False,0,1
2025-09-04,A07,26,1648.0,0.0,False,0,0
2025-09-04,A08,5,205.0,0.0,False,0,0
2025-09-04,A09,3,421.0,658.0,False,0,0
2025-09-04,A10,75,14954.0,0.0,False,0,3
2025-09-04,B01,0,333.0,0.0,False,0,0
2025-09-04,B02,9,958.0,0.0,False,0,0
2025-09-04,B03,19,611.0,0.0,False,0,0
2025-09-04,B04,3,925.0,0.0,False,0,0
2025-09-04,B05,2,233.0,0.0,False,0,0
2025-09-04,B06,4,205.0,1170.0,False,0,0
2025-09-04,B07,13,0.0,10302.0,False,13,0
2025-09-04,B08,35,746.0,2016.0,False,0,0
2025-09-04,B09,0,298.8,663.0,False,0,0
2025-09-04,B10,0,0.0,226.0,False,0,0
2025-09-04,B11,4,855.0,0.0,False,0,0
2025-09-04,B12,63,1586.0,0.0,False,0,0
2025-09-04,C01,0,0.0,68.0,False,0,0
2025-09-04,C02,0,762.0,0.0,False,0,0
2025-09-04,C03,0,59.0,0.0,False,0,0
2025-09-04,C04,0,515.0,0.0,False,0,0
2025-09-04,C05,0,48.0,0.0,False,0,0
2025-09-04,C06,1,71.0,0.0,False,0,0
2025-09-04,C07,4,0.0,644.0,False,4,0
2025-09-04,C08,1,80.0,0.0,False,0,0
2025-09-05,A01,31,1726.0,1094.0,False,0,0
2025-09-05,A02,103,0.0,4876.0,False,103,0
2025-09-05,A03,4,927.0,0.0,False,0,0
2025-09-05,A04,0,219.0,0.0,False,0,0
2025-09-05,A05,172,3283.0,3509.0,False,0,1
2025-09-05,A06,188,3062.0,12654.0,False,0,1
2025-09-05,A07,1,1647.0,0.0,False,0,0
2025-09-05,A08,4,201.0,0.0,False,0,0
2025-09-05,A09,3,418.0,658.0,False,0,0
2025-09-05,A10,7,14944.0,0.0,False,0,3
2025-09-05,B01,4,329.0,0.0,False,0,0
2025-09-05,B02,103,963.0,0.0,False,0,0
2025-09-05,B03,5,691.9,0.0,False,0,0
2025-09-05,B04,2,923.0,0.0,False,0,0
2025-09-05,B05,0,233.0,0.0,False,0,0
2025-09-05,B06,17,188.0,1170.0,False,0,0
2025-09-05,B07,146,0.0,10302.0,False,146,0
2025-09-05,B08,5,741.0,2016.0,False,0,0
2025-09-05,B09,33,243.0,663.0,False,0,0
2025-09-05,B10,2,0.0,226.0,False,2,0
2025-09-05,B11,7,848.0,0.0,False,0,0
2025-09-05,B12,73,1513.0,0.0,False,0,0
2025-09-05,C01,0,0.0,68.0,False,0,0
2025-09-05,C02,3,759.0,0.0,False,0,0
2025-09-05,C03,1,58.0,0.0,False,0,0
2025-09-05,C04,2,513.0,0.0,False,0,0
2025-09-05,C05,1,47.0,0.0,False,0,0
2025-09-05,C06,0,71.0,0.0,False,0,0
2025-09-05,C07,1,0.0,644.0,False,1,0
2025-09-05,C08,0,80.0,0.0,False,0,0
2025-09-06,A01,55,1671.0,1094.0,False,0,0
2025-09-06,A02,16,0.0,4876.0,False,16,0
2025-09-06,A03,5,922.0,0.0,False,0,0
2025-09-06,A04,0,219.0,0.0,False,0,0
2025-09-06,A05,34,3248.0,3509.0,False,0,1
2025-09-06,A06,686,2376.0,12654.0,False,0,0
2025-09-06,A07,32,1615.0,0.0,False,0,0
2025-09-06,A08,8,193.0,0.0,False,0,0
2025-09-06,A09,27,408.2,658.0,False,0,0
2025-09-06,A10,303,14638.0,0.0,False,0,3
2025-09-06,B01,0,329.0,0.0,False,0,0
2025-09-06,B02,3,852.0,0.0,False,0,0
2025-09-06,B03,11,595.0,0.0,False,0,0
2025-09-06,B04,9,914.0,0.0,False,0,0
2025-09-06,B05,0,233.0,0.0,False,0,0
2025-09-06,B06,13,175.7,1170.0,False,0,0
2025-09-06,B07,73,0.0,10302.0,False,73,0
2025-09-06,B08,39,784.6,2016.0,False,0,0
2025-09-06,B09,4,239.0,663.0,False,0,0
2025-09-06,B10,0,0.0,226.0,False,0,0
2025-09-06,B11,14,834.0,0.0,False,0,0
2025-09-06,B12,20,1493.0,0.0,False,0,0
2025-09-06,C01,1,0.0,68.0,False,1,0
2025-09-06,C02,21,738.0,0.0,False,0,0
2025-09-06,C03,2,56.0,0.0,False,0,0
2025-09-06,C04,0,513.0,0.0,False,0,0
2025-09-06,C05,0,43.1,0.0,False,0,0
2025-09-06,C06,7,64.0,0.0,False,0,0
2025-09-06,C07,5,0.0,644.0,False,5,0
2025-09-06,C08,1,79.0,0.0,False,0,0
2025-09-07,A01,13,1658.0,1094.0,False,0,0
2025-09-07,A02,39,0.0,4876.0,False,39,0
2025-09-07,A03,8,914.0,0.0,False,0,0
2025-09-07,A04,5,214.0,0.0,False,0,0
2025-09-07,A05,131,3116.0,3509.0,False,0,1
2025-09-07,A06,334,2042.0,12654.0,False,0,0
2025-09-07,A07,0,1615.0,0.0,False,0,0
2025-09-07,A08,1,192.0,0.0,False,0,0
2025-09-07,A09,9,382.0,658.0,False,0,0
2025-09-07,A10,61,14574.0,0.0,False,0,3
2025-09-07,B01,1,328.0,0.0,False,0,0
2025-09-07,B02,0,852.0,0.0,False,0,0
2025-09-07,B03,5,590.0,0.0,False,0,0
2025-09-07,B04,10,904.0,0.0,False,0,0
2025-09-07,B05,1,232.0,0.0,False,0,0
2025-09-07,B06,4,194.8,1170.0,False,0,0
2025-09-07,B07,14,0.0,10302.0,False,14,0
2025-09-07,B08,0,702.0,2016.0,False,0,0
2025-09-07,B09,2,237.0,663.0,False,0,0
2025-09-07,B10,0,0.0,226.0,False,0,0
2025-09-07,B11,0,834.0,0.0,False,0,0
2025-09-07,B12,86,1407.0,0.0,False,0,0
2025-09-07,C01,0,0.0,68.0,False,0,0
2025-09-07,C02,0,738.0,0.0,False,0,0
2025-09-07,C03,2,54.0,0.0,False,0,0
2025-09-07,C04,0,513.0,0.0,False,0,0
2025-09-07,C05,3,44.3,0.0,False,0,0
2025-09-07,C06,4,60.0,0.0,False,0,0
2025-09-07,C07,7,637.0,0.0,False,0,0
2025-09-07,C08,0,79.0,0.0,False,0,0
2025-09-08,A01,35,1623.0,1094.0,False,0,0
2025-09-08,A02,172,0.0,4876.0,False,172,0
2025-09-08,A03,6,908.0,0.0,False,0,0
2025-09-08,A04,4,210.0,0.0,False,0,0
2025-09-08,A05,94,3021.0,3509.0,False,0,1
2025-09-08,A06,16,2091.1,12654.0,False,0,0
2025-09-08,A07,7,1608.0,0.0,False,0,0
2025-09-08,A08,2,190.0,0.0,False,0,0
2025-09-08,A09,3,379.0,658.0,False,0,0
2025-09-08,A10,5,14566.0,0.0,False,0,3
2025-09-08,B01,3,325.0,0.0,False,0,0
2025-09-08,B02,14,838.0,0.0,False,0,0
2025-09-08,B03,26,564.0,0.0,False,0,0
2025-09-08,B04,2,891.5,0.0,False,0,0
2025-09-08,B05,1,231.0,0.0,False,0,0
2025-09-08,B06,0,171.0,1170.0,False,0,0
2025-09-08,B07,37,0.0,10302.0,False,37,0
2025-09-08,B08,1,701.0,2016.0,False,0,0
2025-09-08,B09,7,230.0,663.0,False,0,0
2025-09-08,B10,3,0.0,226.0,False,3,0
2025-09-08,B11,0,834.0,0.0,False,0,0
2025-09-08,B12,22,1385.0,0.0,False,0,0
2025-09-08,C01,2,0.0,68.0,False,2,0
2025-09-08,C02,0,738.0,0.0,False,0,0
2025-09-08,C03,0,50.2,0.0,False,0,0
2025-09-08,C04,0,513.0,0.0,False,0,0
2025-09-08,C05,1,40.0,0.0,False,0,0
2025-09-08,C06,3,57.0,0.0,False,0,0
2025-09-08,C07,2,635.0,0.0,False,0,0
2025-09-08,C08,0,75.9,0.0,False,0,0
2025-09-09,A01,57,1566.0,1094.0,False,0,0
2025-09-09,A02,66,0.0,4876.0,False,66,0
2025-09-09,A03,0,908.0,0.0,False,0,0
2025-09-09,A04,1,209.0,0.0,False,0,0
2025-09-09,A05,0,3020.0,3509.0,False,0,1
2025-09-09,A06,178,1848.0,12654.0,False,0,0
2025-09-09,A07,11,1597.0,0.0,False,0,0
2025-09-09,A08,0,190.0,0.0,False,0,0
2025-09-09,A09,0,379.0,658.0,False,0,0
2025-09-09,A10,3,14560.0,0.0,False,0,3
2025-09-09,B01,9,304.4,0.0,False,0,0
2025-09-09,B02,0,838.0,0.0,False,0,0
2025-09-09,B03,4,560.0,0.0,False,0,0
2025-09-09,B04,1,901.0,0.0,False,0,0
2025-09-09,B05,3,228.0,0.0,False,0,0
2025-09-09,B06,5,163.3,1170.0,False,0,0
2025-09-09,B07,368,0.0,10302.0,False,368,0
2025-09-09,B08,15,686.0,2016.0,False,0,0
2025-09-09,B09,15,215.0,663.0,False,0,0
2025-09-09,B10,6,0.0,226.0,False,6,0
2025-09-09,B11,2,832.0,0.0,False,0,0
2025-09-09,B12,3,1382.0,0.0,False,0,0
2025-09-09,C01,0,0.0,68.0,False,0,0
2025-09-09,C02,9,729.0,0.0,False,0,0
2025-09-09,C03,0,50.3,0.0,False,0,0
2025-09-09,C04,1,512.0,0.0,False,0,0
2025-09-09,C05,1,42.0,0.0,False,0,0
2025-09-09,C06,1,56.0,0.0,False,0,0
2025-09-09,C07,3,632.0,0.0,False,0,0
2025-09-09,C08,0,79.0,0.0,False,0,0
2025-09-10,A01,27,1539.0,1094.0,False,0,0
2025-09-10,A02,134,0.0,4876.0,False,134,0
2025-09-10,A03,28,880.0,0.0,False,0,0
2025-09-10,A04,0,182.0,0.0,False,0,0
2025-09-10,A05,53,2966.0,3509.0,False,0,1
2025-09-10,A06,111,1737.0,12654.0,False,0,0
2025-09-10,A07,3,1594.0,0.0,False,0,0
2025-09-10,A08,0,190.0,0.0,False,0,0
2025-09-10,A09,5,374.0,658.0,False,0,0
2025-09-10,A10,230,14327.0,0.0,False,0,3
2025-09-10,B01,0,316.0,0.0,False,0,0
2025-09-10,B02,4,944.3,0.0,False,0,0
2025-09-10,B03,4,556.0,0.0,False,0,0
2025-09-10,B04,0,901.0,0.0,False,0,0
2025-09-10,B05,0,222.8,0.0,False,0,0
2025-09-10,B06,19,147.0,1170.0,False,0,0
2025-09-10,B07,40,0.0,10302.0,False,40,0
2025-09-10,B08,78,608.0,2016.0,False,0,0
2025-09-10,B09,1,214.0,663.0,False,0,0
2025-09-10,B10,0,0.0,226.0,False,0,0
2025-09-10,B11,3,829.0,0.0,False,0,0
2025-09-10,B12,3,1379.0,0.0,False,0,0
2025-09-10,C01,0,0.0,68.0,False,0,0
2025-09-10,C02,0,729.0,0.0,False,0,0
2025-09-10,C03,0,54.0,0.0,False,0,0
2025-09-10,C04,4,508.0,0.0,False,0,0
2025-09-10,C05,2,40.0,0.0,False,0,0
2025-09-10,C06,10,46.0,0.0,False,0,0
2025-09-10,C07,13,619.0,0.0,False,0,0
2025-09-10,C08,0,79.0,0.0,False,0,0
2025-09-11,A01,51,1488.0,1094.0,False,0,0
2025-09-11,A02,5,0.0,4876.0,False,5,0
2025-09-11,A03,4,876.0,0.0,False,0,0
2025-09-11,A04,0,209.0,0.0,False,0,0
2025-09-11,A05,5,2960.0,3509.0,False,0,1
2025-09-11,A06,113,1624.0,12654.0,False,0,0
2025-09-11,A07,10,1584.0,0.0,False,0,0
2025-09-11,A08,0,190.0,0.0,False,0,0
2025-09-11,A09,22,352.0,658.0,False,0,0
2025-09-11,A10,724,13600.0,0.0,False,0,3
2025-09-11,B01,6,310.0,0.0,False,0,0
2025-09-11,B02,0,834.0,0.0,False,0,0
2025-09-11,B03,7,549.0,0.0,False,0,0
2025-09-11,B04,1,900.0,0.0,False,0,0
2025-09-11,B05,1,227.0,0.0,False,0,0
2025-09-11,B06,10,137.0,1170.0,False,0,0
2025-09-11,B07,9,0.0,10302.0,False,9,0
2025-09-11,B08,53,555.0,2016.0,False,0,0
2025-09-11,B09,7,207.0,663.0,False,0,0
2025-09-11,B10,1,0.0,226.0,False,1,0
2025-09-11,B11,1,828.0,0.0,False,0,0
2025-09-11,B12,60,1319.0,0.0,False,0,0
2025-09-11,C01,0,0.0,68.0,False,0,0
2025-09-11,C02,12,717.0,0.0,False,0,0
2025-09-11,C03,0,54.0,0.0,False,0,0
2025-09-11,C04,5,503.0,0.0,False,0,0
2025-09-11,C05,4,36.0,403.0,True,0,0
2025-09-11,C06,0,46.0,0.0,False,0,0
2025-09-11,C07,7,612.0,0.0,False,0,0
2025-09-11,C08,0,79.0,0.0,False,0,0
2025-09-12,A01,8,1480.0,1094.0,False,0,0
2025-09-12,A02,8,0.0,4876.0,False,8,0
2025-09-12,A03,9,867.0,0.0,False,0,0
2025-09-12,A04,4,205.0,0.0,False,0,0
2025-09-12,A05,66,2893.0,3509.0,False,0,1
2025-09-12,A06,100,1524.0,12654.0,False,0,0
2025-09-12,A07,0,1584.0,0.0,False,0,0
2025-09-12,A08,4,186.0,0.0,False,0,0
2025-09-12,A09,1,362.5,658.0,False,0,0
2025-09-12,A10,549,13048.0,0.0,False,0,3
2025-09-12,B01,0,310.0,0.0,False,0,0
2025-09-12,B02,37,797.0,1619.0,True,0,0
2025-09-12,B03,12,537.0,0.0,False,0,0
2025-09-12,B04,3,897.0,0.0,False,0,0
2025-09-12,B05,4,223.0,0.0,False,0,0
2025-09-12,B06,25,112.0,1170.0,False,0,0
2025-09-12,B07,8,5079.0,5214.0,False,0,1
2025-09-12,B08,11,544.0,2016.0,False,0,0
2025-09-12,B09,7,200.0,663.0,False,0,0
2025-09-12,B10,0,0.0,226.0,False,0,0
2025-09-12,B11,17,811.0,0.0,False,0,0
2025-09-12,B12,1,1318.0,0.0,False,0,0
2025-09-12,C01,0,0.0,68.0,False,0,0
2025-09-12,C02,8,709.0,0.0,False,0,0
2025-09-12,C03,0,54.0,0.0,False,0,0
2025-09-12,C04,0,503.0,0.0,False,0,0
2025-09-12,C05,0,36.0,403.0,False,0,0
2025-09-12,C06,0,46.0,0.0,False,0,0
2025-09-12,C07,1,611.0,0.0,False,0,0
2025-09-12,C08,0,79.0,0.0,False,0,0
2025-09-13,A01,22,1458.0,1094.0,False,0,0
2025-09-13,A02,26,0.0,4876.0,False,26,0
2025-09-13,A03,5,862.0,0.0,False,0,0
2025-09-13,A04,1,204.0,0.0,False,0,0
2025-09-13,A05,76,2779.8,3509.0,False,0,1
2025-09-13,A06,1087,437.0,12654.0,False,0,0
2025-09-13,A07,24,1560.0,0.0,False,0,0
2025-09-13,A08,8,178.0,0.0,False,0,0
2025-09-13,A09,5,346.0,658.0,False,0,0
2025-09-13,A10,10,13035.0,0.0,False,0,3
2025-09-13,B01,5,289.1,0.0,False,0,0
2025-09-13,B02,0,797.0,1619.0,False,0,0
2025-09-13,B03,3,534.0,0.0,False,0,0
2025-09-13,B04,1,896.0,0.0,False,0,0
2025-09-13,B05,1,231.2,0.0,False,0,0
2025-09-13,B06,0,112.0,1170.0,False,0,0
2025-09-13,B07,9,5069.0,5214.0,False,0,1
2025-09-13,B08,20,524.0,2016.0,False,0,0
2025-09-13,B09,0,214.7,663.0,False,0,0
2025-09-13,B10,3,0.0,226.0,False,3,0
2025-09-13,B11,1,810.0,0.0,False,0,0
2025-09-13,B12,9,1309.0,0.0,False,0,0
2025-09-13,C01,1,0.0,68.0,False,1,0
2025-09-13,C02,3,706.0,0.0,False,0,0
2025-09-13,C03,0,54.0,0.0,False,0,0
2025-09-13,C04,1,502.0,0.0,False,0,0
2025-09-13,C05,1,35.0,403.0,False,0,0
2025-09-13,C06,0,46.0,0.0,False,0,0
2025-09-13,C07,0,611.0,0.0,False,0,0
2025-09-13,C08,0,78.9,0.0,False,0,0
2025-09-14,A01,153,1305.0,1094.0,False,0,0
2025-09-14,A02,275,0.0,4876.0,False,275,0
2025-09-14,A03,1,861.0,0.0,False,0,0
2025-09-14,A04,5,171.1,0.0,False,0,0
2025-09-14,A05,0,2815.0,3509.0,False,0,1
2025-09-14,A06,104,333.0,12654.0,False,0,0
2025-09-14,A07,0,1560.0,0.0,False,0,0
2025-09-14,A08,8,170.0,0.0,False,0,0
2025-09-14,A09,8,338.0,658.0,False,0,0
2025-09-14,A10,425,12607.0,0.0,False,0,3
2025-09-14,B01,1,304.0,0.0,False,0,0
2025-09-14,B02,3,794.0,1619.0,False,0,0
2025-09-14,B03,34,500.0,0.0,False,0,0
2025-09-14,B04,3,893.0,0.0,False,0,0
2025-09-14,B05,1,221.0,0.0,False,0,0
2025-09-14,B06,17,95.0,1170.0,False,0,0
2025-09-14,B07,225,4843.0,5214.0,False,0,1
2025-09-14,B08,4,444.5,2016.0,False,0,0
2025-09-14,B09,4,196.0,663.0,False,0,0
2025-09-14,B10,1,198.7,0.0,False,0,0
2025-09-14,B11,0,810.0,0.0,False,0,0
2025-09-14,B12,1,1308.0,0.0,False,0,0
2025-09-14,C01,1,0.0,68.0,False,1,0
2025-09-14,C02,6,700.0,0.0,False,0,0
2025-09-14,C03,0,54.0,0.0,False,0,0
2025-09-14,C04,1,501.0,0.0,False,0,0
2025-09-14,C05,3,32.0,403.0,False,0,0
2025-09-14,C06,0,46.0,0.0,False,0,0
2025-09-14,C07,0,611.0,0.0,False,0,0
2025-09-14,C08,0,79.0,0.0,False,0,0
2025-09-15,A01,34,1271.0,1094.0,False,0,0
2025-09-15,A02,271,0.0,4876.0,False,271,0
2025-09-15,A03,36,825.0,0.0,False,0,0
2025-09-15,A04,4,195.0,0.0,False,0,0
2025-09-15,A05,0,2814.0,3509.0,False,0,1
2025-09-15,A06,539,0.0,12654.0,False,206,0
2025-09-15,A07,8,1552.0,0.0,False,0,0
2025-09-15,A08,1,169.0,0.0,False,0,0
2025-09-15,A09,0,338.0,658.0,False,0,0
2025-09-15,A10,503,12102.0,0.0,False,0,2
2025-09-15,B01,5,299.0,0.0,False,0,0
2025-09-15,B02,7,787.0,1619.0,False,0,0
2025-09-15,B03,27,473.0,0.0,False,0,0
2025-09-15,B04,6,887.0,0.0,False,0,0
2025-09-15,B05,0,221.0,0.0,False,0,0
2025-09-15,B06,10,87.3,1170.0,False,0,0
2025-09-15,B07,134,4877.8,5214.0,False,0,1
2025-09-15,B08,46,474.0,2016.0,False,0,0
2025-09-15,B09,9,187.0,663.0,False,0,0
2025-09-15,B10,7,218.0,0.0,False,0,0
2025-09-15,B11,13,797.0,0.0,False,0,0
2025-09-15,B12,3,1305.0,0.0,False,0,0
2025-09-15,C01,3,0.0,68.0,False,3,0
2025-09-15,C02,8,692.0,0.0,False,0,0
2025-09-15,C03,0,54.0,0.0,False,0,0
2025-09-15,C04,1,500.0,0.0,False,0,0
2025-09-15,C05,1,31.0,403.0,False,0,0
2025-09-15,C06,7,39.0,517.0,True,0,0
2025-09-15,C07,1,610.0,0.0,False,0,0
2025-09-15,C08,1,78.0,0.0,False,0,0
2025-09-16,A01,8,2357.0,0.0,False,0,0
2025-09-16,A02,3,0.0,4876.0,False,3,0
2025-09-16,A03,10,815.0,0.0,False,0,0
2025-09-16,A04,0,195.0,0.0,False,0,0
2025-09-16,A05,156,2657.0,3509.0,False,0,1
2025-09-16,A06,238,0.0,12654.0,False,238,0
2025-09-16,A07,6,1546.0,0.0,False,0,0
2025-09-16,A08,7,162.0,0.0,False,0,0
2025-09-16,A09,7,989.0,0.0,False,0,0
2025-09-16,A10,224,11876.0,0.0,False,0,2
2025-09-16,B01,1,298.0,0.0,False,0,0
2025-09-16,B02,8,779.0,1619.0,False,0,0
2025-09-16,B03,0,473.0,0.0,False,0,0
2025-09-16,B04,1,886.0,0.0,False,0,0
2025-09-16,B05,0,221.0,0.0,False,0,0
2025-09-16,B06,6,79.0,1170.0,False,0,0
2025-09-16,B07,11,4696.0,5214.0,False,0,1
2025-09-16,B08,28,446.0,2016.0,False,0,0
2025-09-16,B09,43,153.7,663.0,False,0,0
2025-09-16,B10,0,190.6,0.0,False,0,0
2025-09-16,B11,5,792.0,0.0,False,0,0
2025-09-16,B12,21,1284.0,0.0,False,0,0
2025-09-16,C01,0,0.0,68.0,False,0,0
2025-09-16,C02,3,659.3,0.0,False,0,0
2025-09-16,C03,1,53.0,0.0,False,0,0
2025-09-16,C04,0,500.0,0.0,False,0,0
2025-09-16,C05,0,31.0,403.0,False,0,0
2025-09-16,C06,1,38.0,517.0,False,0,0
2025-09-16,C07,0,610.0,0.0,False,0,0
2025-09-16,C08,0,78.0,0.0,False,0,0
2025-09-17,A01,23,2316.9,0.0,False,0,0
2025-09-17,A02,11,0.0,4876.0,False,11,0
2025-09-17,A03,35,780.0,0.0,False,0,0
2025-09-17,A04,0,195.0,0.0,False,0,0
2025-09-17,A05,31,2625.0,3509.0,False,0,1
2025-09-17,A06,72,0.0,12654.0,False,72,0
2025-09-17,A07,3,1543.0,0.0,False,0,0
2025-09-17,A08,13,149.0,0.0,False,0,0
2025-09-17,A09,25,842.2,0.0,False,0,0
2025-09-17,A10,1,11873.0,0.0,False,0,2
2025-09-17,B01,3,295.0,0.0,False,0,0
2025-09-17,B02,29,750.0,1619.0,False,0,0
2025-09-17,B03,2,471.0,0.0,False,0,0
2025-09-17,B04,0,886.0,0.0,False,0,0
2025-09-17,B05,0,221.0,0.0,False,0,0
2025-09-17,B06,3,76.0,1170.0,False,0,0
2025-09-17,B07,60,4635.0,5214.0,False,0,1
2025-09-17,B08,5,441.0,2016.0,False,0,0
2025-09-17,B09,3,141.0,663.0,False,0,0
2025-09-17,B10,0,218.0,0.0,False,0,0
2025-09-17,B11,5,793.0,0.0,False,0,0
2025-09-17,B12,41,1243.0,0.0,False,0,0
2025-09-17,C01,0,0.0,68.0,False,0,0
2025-09-17,C02,1,688.0,0.0,False,0,0
2025-09-17,C03,0,53.0,0.0,False,0,0
2025-09-17,C04,8,482.3,0.0,False,0,0
2025-09-17,C05,0,31.0,403.0,False,0,0
2025-09-17,C06,4,34.0,517.0,False,0,0
2025-09-17,C07,0,610.0,0.0,False,0,0
2025-09-17,C08,0,70.3,0.0,False,0,0
2025-09-18,A01,20,2314.0,0.0,False,0,0
2025-09-18,A02,176,0.0,4876.0,False,176,0
2025-09-18,A03,12,768.0,0.0,False,0,0
2025-09-18,A04,9,186.0,0.0,False,0,0
2025-09-18,A05,13,2611.0,3509.0,False,0,1
2025-09-18,A06,125,0.0,12654.0,False,125,0
2025-09-18,A07,2,1541.0,0.0,False,0,0
2025-09-18,A08,2,147.0,0.0,False,0,0
2025-09-18,A09,7,957.0,0.0,False,0,0
2025-09-18,A10,85,13034.0,0.0,False,0,2
2025-09-18,B01,5,290.0,0.0,False,0,0
2025-09-18,B02,0,750.0,1619.0,False,0,0
2025-09-18,B03,2,469.0,0.0,False,0,0
2025-09-18,B04,0,886.0,0.0,False,0,0
2025-09-18,B05,1,220.0,0.0,False,0,0
2025-09-18,B06,19,57.0,1170.0,False,0,0
2025-09-18,B07,0,4634.0,5214.0,False,0,1
2025-09-18,B08,10,431.0,2016.0,False,0,0
2025-09-18,B09,19,111.2,663.0,False,0,0
2025-09-18,B10,1,217.0,0.0,False,0,0
2025-09-18,B11,5,782.0,0.0,False,0,0
2025-09-18,B12,12,1231.0,0.0,False,0,0
2025-09-18,C01,1,0.0,68.0,False,1,0
2025-09-18,C02,1,687.0,0.0,False,0,0
2025-09-18,C03,0,53.0,0.0,False,0,0
2025-09-18,C04,3,483.5,0.0,False,0,0
2025-09-18,C05,1,30.0,403.0,False,0,0
2025-09-18,C06,1,33.0,517.0,False,0,0
2025-09-18,C07,0,610.0,0.0,False,0,0
2025-09-18,C08,1,79.5,0.0,False,0,0
2025-09-19,A01,21,2144.8,0.0,False,0,0
2025-09-19,A02,110,0.0,4876.0,False,110,0
2025-09-19,A03,0,768.0,0.0,False,0,0
2025-09-19,A04,5,200.2,0.0,False,0,0
2025-09-19,A05,8,2602.0,3509.0,False,0,1
2025-09-19,A06,161,0.0,12654.0,False,161,0
2025-09-19,A07,1,1540.0,0.0,False,0,0
2025-09-19,A08,0,147.0,0.0,False,0,0
2025-09-19,A09,3,954.0,0.0,False,0,0
2025-09-19,A10,478,11306.0,0.0,False,0,2
2025-09-19,B01,2,288.0,0.0,False,0,0
2025-09-19,B02,23,727.0,1619.0,False,0,0
2025-09-19,B03,3,466.0,0.0,False,0,0
2025-09-19,B04,3,883.0,0.0,False,0,0
2025-09-19,B05,1,219.0,0.0,False,0,0
2025-09-19,B06,14,43.0,1170.0,False,0,0
2025-09-19,B07,13,4620.0,5214.0,False,0,1
2025-09-19,B08,136,323.5,2016.0,False,0,0
2025-09-19,B09,0,122.0,663.0,False,0,0
2025-09-19,B10,5,212.0,0.0,False,0,0
2025-09-19,B11,3,779.0,0.0,False,0,0
2025-09-19,B12,50,1181.0,0.0,False,0,0
2025-09-19,C01,1,0.0,68.0,False,1,0
2025-09-19,C02,1,686.0,0.0,False,0,0
2025-09-19,C03,0,53.0,0.0,False,0,0
2025-09-19,C04,10,479.0,0.0,False,0,0
2025-09-19,C05,0,30.0,403.0,False,0,0
2025-09-19,C06,14,21.7,517.0,False,0,0
2025-09-19,C07,13,597.0,0.0,False,0,0
2025-09-19,C08,0,77.0,0.0,False,0,0
2025-09-20,A01,80,2213.0,0.0,False,0,0
2025-09-20,A02,31,0.0,4876.0,False,31,0
2025-09-20,A03,0,768.0,0.0,False,0,0
2025-09-20,A04,1,180.0,0.0,False,0,0
2025-09-20,A05,141,2460.0,3509.0,False,0,1
2025-09-20,A06,30,0.0,12654.0,False,30,0
2025-09-20,A07,30,1522.8,0.0,False,0,0
2025-09-20,A08,2,145.0,0.0,False,0,0
2025-09-20,A09,1,953.0,0.0,False,0,0
2025-09-20,A10,8,11296.0,0.0,False,0,2
2025-09-20,B01,0,288.0,0.0,False,0,0
2025-09-20,B02,2,725.0,1619.0,False,0,0
2025-09-20,B03,11,455.0,0.0,False,0,0
2025-09-20,B04,0,883.0,0.0,False,0,0
2025-09-20,B05,2,217.0,0.0,False,0,0
2025-09-20,B06,11,32.0,1170.0,False,0,0
2025-09-20,B07,0,4619.0,5214.0,False,0,1
2025-09-20,B08,15,280.0,2016.0,False,0,0
2025-09-20,B09,10,112.0,663.0,False,0,0
2025-09-20,B10,0,212.0,0.0,False,0,0
2025-09-20,B11,0,779.0,0.0,False,0,0
2025-09-20,B12,2,1179.0,0.0,False,0,0
2025-09-20,C01,0,0.0,68.0,False,0,0
2025-09-20,C02,1,685.0,0.0,False,0,0
2025-09-20,C03,0,53.0,0.0,False,0,0
2025-09-20,C04,4,429.6,0.0,False,0,0
2025-09-20,C05,0,30.0,403.0,False,0,0
2025-09-20,C06,0,19.0,517.0,False,0,0
2025-09-20,C07,0,597.0,0.0,False,0,0
2025-09-20,C08,6,71.0,0.0,False,0,0
2025-09-21,A01,5,2208.0,0.0,False,0,0
2025-09-21,A02,164,0.0,4876.0,False,164,0
2025-09-21,A03,6,762.0,0.0,False,0,0
2025-09-21,A04,0,180.0,0.0,False,0,0
2025-09-21,A05,19,2440.0,3509.0,False,0,1
2025-09-21,A06,0,0.0,12654.0,False,0,0
2025-09-21,A07,6,1504.0,0.0,False,0,0
2025-09-21,A08,0,145.0,0.0,False,0,0
2025-09-21,A09,1,952.0,0.0,False,0,0
2025-09-21,A10,69,11225.0,0.0,False,0,2
2025-09-21,B01,4,284.0,0.0,False,0,0
2025-09-21,B02,38,687.0,1619.0,False,0,0
2025-09-21,B03,0,455.0,0.0,False,0,0
2025-09-21,B04,2,881.0,0.0,False,0,0
2025-09-21,B05,1,216.0,0.0,False,0,0
2025-09-21,B06,2,30.0,1170.0,False,0,0
2025-09-21,B07,0,4471.5,5214.0,False,0,1
2025-09-21,B08,53,227.0,2016.0,False,0,0
2025-09-21,B09,1,111.0,663.0,False,0,0
2025-09-21,B10,0,212.0,0.0,False,0,0
2025-09-21,B11,5,774.0,0.0,False,0,0
2025-09-21,B12,0,1179.0,0.0,False,0,0
2025-09-21,C01,0,0.0,68.0,False,0,0
2025-09-21,C02,1,684.0,0.0,False,0,0
2025-09-21,C03,0,53.0,0.0,False,0,0
2025-09-21,C04,0,475.0,0.0,False,0,0
2025-09-21,C05,2,28.0,403.0,False,0,0
2025-09-21,C06,1,18.0,517.0,False,0,0
2025-09-21,C07,1,596.0,0.0,False,0,0
2025-09-21,C08,4,67.0,0.0,False,0,0
2025-09-22,A01,12,2196.0,0.0,False,0,0
2025-09-22,A02,181,0.0,4876.0,False,181,0
2025-09-22,A03,13,749.0,0.0,False,0,0
2025-09-22,A04,0,180.0,0.0,False,0,0
2025-09-22,A05,36,2404.0,3509.0,False,0,0
2025-09-22,A06,202,0.0,12654.0,False,202,0
2025-09-22,A07,0,1504.0,0.0,False,0,0
2025-09-22,A08,2,143.0,0.0,False,0,0
2025-09-22,A09,9,943.0,0.0,False,0,0
2025-09-22,A10,1,11222.0,0.0,False,0,2
2025-09-22,B01,5,279.0,0.0,False,0,0
2025-09-22,B02,6,631.8,1619.0,False,0,0
2025-09-22,B03,0,455.0,0.0,False,0,0
2025-09-22,B04,5,876.0,0.0,False,0,0
2025-09-22,B05,0,216.0,0.0,False,0,0
2025-09-22,B06,1,32.5,1170.0,False,0,0
2025-09-22,B07,91,4526.0,5214.0,False,0,1
2025-09-22,B08,3,224.0,2016.0,False,0,0
2025-09-22,B09,0,111.0,663.0,False,0,0
2025-09-22,B10,0,212.0,0.0,False,0,0
2025-09-22,B11,19,755.0,0.0,False,0,0
2025-09-22,B12,0,1179.0,0.0,False,0,0
2025-09-22,C01,1,0.0,68.0,False,1,0
2025-09-22,C02,3,681.0,0.0,False,0,0
2025-09-22,C03,0,53.0,0.0,False,0,0
2025-09-22,C04,3,472.0,0.0,False,0,0
2025-09-22,C05,2,26.0,403.0,False,0,0
2025-09-22,C06,2,16.0,517.0,False,0,0
2025-09-22,C07,4,592.0,0.0,False,0,0
2025-09-22,C08,3,64.0,0.0,False,0,0
2025-09-23,A01,36,2059.8,0.0,False,0,0
2025-09-23,A02,107,0.0,4876.0,False,107,0
2025-09-23,A03,6,743.0,0.0,False,0,0
2025-09-23,A04,3,177.0,0.0,False,0,0
2025-09-23,A05,5,2399.0,3509.0,False,0,0
2025-09-23,A06,6,0.0,12654.0,False,6,0
2025-09-23,A07,34,1470.0,0.0,False,0,0
2025-09-23,A08,6,137.0,0.0,False,0,0
2025-09-23,A09,0,943.0,0.0,False,0,0
2025-09-23,A10,21,11199.0,0.0,False,0,2
2025-09-23,B01,0,279.0,0.0,False,0,0
2025-09-23,B02,4,677.0,1619.0,False,0,0
2025-09-23,B03,6,449.0,0.0,False,0,0
2025-09-23,B04,11,865.0,0.0,False,0,0
2025-09-23,B05,0,216.0,0.0,False,0,0
2025-09-23,B06,2,24.3,1170.0,False,0,0
2025-09-23,B07,12,4513.0,5214.0,False,0,1
2025-09-23,B08,9,215.0,2016.0,False,0,0
2025-09-23,B09,4,107.0,663.0,False,0,0
2025-09-23,B10,3,209.0,0.0,False,0,0
2025-09-23,B11,5,750.0,0.0,False,0,0
2025-09-23,B12,32,1147.0,0.0,False,0,0
2025-09-23,C01,0,0.0,68.0,False,0,0
2025-09-23,C02,0,681.0,0.0,False,0,0
2025-09-23,C03,0,53.0,0.0,False,0,0
2025-09-23,C04,13,459.0,0.0,False,0,0
2025-09-23,C05,1,25.0,403.0,False,0,0
2025-09-23,C06,3,11.7,517.0,False,0,0
2025-09-23,C07,8,584.0,0.0,False,0,0
2025-09-23,C08,0,64.0,0.0,False,0,0
2025-09-24,A01,8,2152.0,0.0,False,0,0
2025-09-24,A02,214,0.0,4876.0,False,214,0
2025-09-24,A03,4,739.0,0.0,False,0,0
2025-09-24,A04,0,177.0,0.0,False,0,0
2025-09-24,A05,29,2370.0,3509.0,False,0,0
2025-09-24,A06,60,0.0,12654.0,False,60,0
2025-09-24,A07,17,1453.0,0.0,False,0,0
2025-09-24,A08,6,131.0,0.0,False,0,0
2025-09-24,A09,3,940.0,0.0,False,0,0
2025-09-24,A10,6,11191.0,0.0,False,0,2
2025-09-24,B01,2,236.8,0.0,False,0,0
2025-09-24,B02,0,677.0,1619.0,False,0,0
2025-09-24,B03,3,446.0,0.0,False,0,0
2025-09-24,B04,0,865.0,0.0,False,0,0
2025-09-24,B05,0,216.0,0.0,False,0,0
2025-09-24,B06,27,0.0,1170.0,False,0,0
2025-09-24,B07,69,4443.0,5214.0,False,0,1
2025-09-24,B08,8,207.0,2016.0,False,0,0
2025-09-24,B09,0,119.6,663.0,False,0,0
2025-09-24,B10,0,209.0,0.0,False,0,0
2025-09-24,B11,1,749.0,0.0,False,0,0
2025-09-24,B12,23,1124.0,0.0,False,0,0
2025-09-24,C01,0,0.0,68.0,False,0,0
2025-09-24,C02,0,681.0,0.0,False,0,0
2025-09-24,C03,0,53.0,0.0,False,0,0
2025-09-24,C04,1,458.0,0.0,False,0,0
2025-09-24,C05,1,24.0,403.0,False,0,0
2025-09-24,C06,6,7.0,517.0,False,0,0
2025-09-24,C07,0,584.0,0.0,False,0,0
2025-09-24,C08,2,62.0,0.0,False,0,0
2025-09-25,A01,90,2062.0,0.0,False,0,0
2025-09-25,A02,43,0.0,4876.0,False,43,0
2025-09-25,A03,9,730.0,0.0,False,0,0
2025-09-25,A04,1,164.1,0.0,False,0,0
2025-09-25,A05,22,2348.0,3509.0,False,0,0
2025-09-25,A06,149,0.0,12654.0,False,149,0
2025-09-25,A07,12,1441.0,0.0,False,0,0
2025-09-25,A08,1,130.0,0.0,False,0,0
2025-09-25,A09,1,939.0,0.0,False,0,0
2025-09-25,A10,56,11133.0,0.0,False,0,2
2025-09-25,B01,0,277.0,0.0,False,0,0
2025-09-25,B02,0,583.3,1619.0,False,0,0
2025-09-25,B03,2,450.2,0.0,False,0,0
2025-09-25,B04,0,865.0,0.0,False,0,0
2025-09-25,B05,0,216.0,0.0,False,0,0
2025-09-25,B06,0,0.0,1170.0,False,0,0
2025-09-25,B07,25,4417.0,5214.0,False,0,1
2025-09-25,B08,19,188.0,2016.0,False,0,0
2025-09-25,B09,18,89.0,663.0,False,0,0
2025-09-25,B10,1,208.0,0.0,False,0,0
2025-09-25,B11,12,737.0,0.0,False,0,0
2025-09-25,B12,0,1124.0,0.0,False,0,0
2025-09-25,C01,1,0.0,68.0,False,1,0
2025-09-25,C02,1,618.6,0.0,False,0,0
2025-09-25,C03,1,52.0,0.0,False,0,0
2025-09-25,C04,1,457.0,0.0,False,0,0
2025-09-25,C05,0,24.0,403.0,False,0,0
2025-09-25,C06,1,6.4,517.0,False,0,0
2025-09-25,C07,0,584.0,0.0,False,0,0
2025-09-25,C08,2,60.0,0.0,False,0,0
2025-09-26,A01,7,1755.2,1248.0,True,0,0
2025-09-26,A02,101,0.0,4876.0,False,101,0
2025-09-26,A03,2,728.0,0.0,False,0,0
2025-09-26,A04,1,175.0,0.0,False,0,0
2025-09-26,A05,40,2308.0,3509.0,False,0,0
2025-09-26,A06,52,0.0,12654.0,False,52,0
2025-09-26,A07,2,1439.0,0.0,False,0,0
2025-09-26,A08,1,129.0,0.0,False,0,0
2025-09-26,A09,4,983.4,0.0,False,0,0
2025-09-26,A10,9,11122.0,0.0,False,0,2
2025-09-26,B01,0,277.0,0.0,False,0,0
2025-09-26,B02,2,675.0,1619.0,False,0,0
2025-09-26,B03,1,443.0,0.0,False,0,0
2025-09-26,B04,2,863.0,0.0,False,0,0
2025-09-26,B05,0,216.0,0.0,False,0,0
2025-09-26,B06,37,0.0,1170.0,False,37,0
2025-09-26,B07,24,4392.0,5214.0,False,0,1
2025-09-26,B08,14,174.0,2016.0,False,0,0
2025-09-26,B09,1,88.0,663.0,False,0,0
2025-09-26,B10,1,207.0,0.0,False,0,0
2025-09-26,B11,0,737.0,0.0,False,0,0
2025-09-26,B12,0,1124.0,0.0,False,0,0
2025-09-26,C01,0,0.0,68.0,False,0,0
2025-09-26,C02,1,679.0,0.0,False,0,0
2025-09-26,C03,0,52.0,0.0,False,0,0
2025-09-26,C04,0,457.0,0.0,False,0,0
2025-09-26,C05,3,20.7,403.0,False,0,0
2025-09-26,C06,2,4.0,517.0,False,0,0
2025-09-26,C07,1,583.0,0.0,False,0,0
2025-09-26,C08,0,60.0,0.0,False,0,0
2025-09-27,A01,14,2041.0,1248.0,False,0,0
2025-09-27,A02,0,0.0,4876.0,False,0,0
2025-09-27,A03,11,632.0,0.0,False,0,0
2025-09-27,A04,0,175.0,0.0,False,0,0
2025-09-27,A05,2,2306.0,3509.0,False,0,0
2025-09-27,A06,8,0.0,12654.0,False,8,0
2025-09-27,A07,0,1439.0,0.0,False,0,0
2025-09-27,A08,5,124.0,0.0,False,0,0
2025-09-27,A09,7,928.0,0.0,False,0,0
2025-09-27,A10,13,11107.0,0.0,False,0,2
2025-09-27,B01,4,273.0,0.0,False,0,0
2025-09-27,B02,2,673.0,1619.0,False,0,0
2025-09-27,B03,1,439.5,0.0,False,0,0
2025-09-27,B04,0,863.0,0.0,False,0,0
2025-09-27,B05,0,216.0,0.0,False,0,0
2025-09-27,B06,7,0.0,1170.0,False,7,0
2025-09-27,B07,9,4382.0,5214.0,False,0,1
2025-09-27,B08,4,170.0,2016.0,False,0,0
2025-09-27,B09,0,88.0,663.0,False,0,0
2025-09-27,B10,0,207.0,0.0,False,0,0
2025-09-27,B11,4,733.0,0.0,False,0,0
2025-09-27,B12,0,1124.0,0.0,False,0,0
2025-09-27,C01,0,0.0,68.0,False,0,0
2025-09-27,C02,0,679.0,0.0,False,0,0
2025-09-27,C03,0,52.0,0.0,False,0,0
2025-09-27,C04,0,457.0,0.0,False,0,0
2025-09-27,C05,1,20.0,403.0,False,0,0
2025-09-27,C06,0,4.0,517.0,False,0,0
2025-09-27,C07,0,583.0,0.0,False,0,0
2025-09-27,C08,0,60.0,0.0,False,0,0
2025-09-28,A01,10,2031.0,1248.0,False,0,0
2025-09-28,A02,65,0.0,4876.0,False,65,0
2025-09-28,A03,2,821.2,0.0,False,0,0
2025-09-28,A04,5,170.0,0.0,False,0,0
2025-09-28,A05,3,2303.0,3509.0,False,0,0
2025-09-28,A06,326,0.0,12654.0,False,326,0
2025-09-28,A07,17,1422.0,0.0,False,0,0
2025-09-28,A08,2,122.0,0.0,False,0,0
2025-09-28,A09,10,918.0,0.0,False,0,0
2025-09-28,A10,56,11049.0,0.0,False,0,2
2025-09-28,B01,1,272.0,0.0,False,0,0
2025-09-28,B02,0,673.0,1619.0,False,0,0
2025-09-28,B03,0,442.0,0.0,False,0,0
2025-09-28,B04,7,856.0,0.0,False,0,0
2025-09-28,B05,0,216.0,0.0,False,0,0
2025-09-28,B06,7,0.0,1170.0,False,7,0
2025-09-28,B07,49,4332.0,5214.0,False,0,1
2025-09-28,B08,9,161.0,2016.0,False,0,0
2025-09-28,B09,3,85.0,663.0,False,0,0
2025-09-28,B10,1,206.0,0.0,False,0,0
2025-09-28,B11,2,731.0,0.0,False,0,0
2025-09-28,B12,2,1122.0,0.0,False,0,0
2025-09-28,C01,0,0.0,68.0,False,0,0
2025-09-28,C02,7,672.0,0.0,False,0,0
2025-09-28,C03,0,52.0,0.0,False,0,0
2025-09-28,C04,0,457.0,0.0,False,0,0
2025-09-28,C05,1,19.0,403.0,False,0,0
2025-09-28,C06,0,4.0,517.0,False,0,0
2025-09-28,C07,0,583.0,0.0,False,0,0
2025-09-28,C08,1,59.0,0.0,False,0,0
2025-09-29,A01,26,3105.1,0.0,False,0,1
2025-09-29,A02,51,0.0,4876.0,False,51,0
2025-09-29,A03,11,704.0,0.0,False,0,0
2025-09-29,A04,10,160.0,0.0,False,0,0
2025-09-29,A05,201,2102.0,3509.0,False,0,0
2025-09-29,A06,199,0.0,12654.0,False,199,0
2025-09-29,A07,3,1419.0,0.0,False,0,0
2025-09-29,A08,6,116.0,0.0,False,0,0
2025-09-29,A09,2,958.1,0.0,False,0,0
2025-09-29,A10,57,10990.0,0.0,False,0,2
2025-09-29,B01,4,268.0,0.0,False,0,0
2025-09-29,B02,10,694.6,1619.0,False,0,0
2025-09-29,B03,5,437.0,0.0,False,0,0
2025-09-29,B04,0,856.0,0.0,False,0,0
2025-09-29,B05,2,214.0,0.0,False,0,0
2025-09-29,B06,26,0.0,1170.0,False,26,0
2025-09-29,B07,68,3816.6,5214.0,False,0,1
2025-09-29,B08,27,134.0,2016.0,False,0,0
2025-09-29,B09,1,84.0,663.0,False,0,0
2025-09-29,B10,0,206.0,0.0,False,0,0
2025-09-29,B11,10,721.0,0.0,False,0,0
2025-09-29,B12,111,1011.0,1064.0,True,0,0
2025-09-29,C01,0,0.0,68.0,False,0,0
2025-09-29,C02,5,667.0,0.0,False,0,0
2025-09-29,C03,0,52.0,0.0,False,0,0
2025-09-29,C04,8,449.0,0.0,False,0,0
2025-09-29,C05,0,19.0,403.0,False,0,0
2025-09-29,C06,3,1.0,517.0,False,0,0
2025-09-29,C07,0,583.0,0.0,False,0,0
2025-09-29,C08,0,59.0,0.0,False,0,0
2025-09-30,A01,24,3227.0,0.0,False,0,1
2025-09-30,A02,121,0.0,4876.0,False,121,0
2025-09-30,A03,0,704.0,0.0,False,0,0
2025-09-30,A04,0,160.0,0.0,False,0,0
2025-09-30,A05,34,2068.0,3509.0,False,0,0
2025-09-30,A06,338,0.0,12654.0,False,338,0
2025-09-30,A07,0,1419.0,0.0,False,0,0
2025-09-30,A08,0,116.0,0.0,False,0,0
2025-09-30,A09,5,911.0,0.0,False,0,0
2025-09-30,A10,73,10915.0,0.0,False,0,2
2025-09-30,B01,1,267.0,0.0,False,0,0
2025-09-30,B02,3,660.0,1619.0,False,0,0
2025-09-30,B03,7,430.0,0.0,False,0,0
2025-09-30,B04,0,856.0,0.0,False,0,0
2025-09-30,B05,0,214.0,0.0,False,0,0
2025-09-30,B06,3,0.0,1170.0,False,3,0
2025-09-30,B07,7,4255.0,5214.0,False,0,1
2025-09-30,B08,0,134.0,2016.0,False,0,0
2025-09-30,B09,2,92.8,663.0,False,0,0
2025-09-30,B10,0,206.0,0.0,False,0,0
2025-09-30,B11,0,721.0,0.0,False,0,0
2025-09-30,B12,29,982.0,1064.0,False,0,0
2025-09-30,C01,2,0.0,68.0,False,2,0
2025-09-30,C02,0,667.0,0.0,False,0,0
2025-09-30,C03,0,52.0,0.0,False,0,0
2025-09-30,C04,8,441.0,0.0,False,0,0
2025-09-30,C05,0,19.0,403.0,False,0,0
2025-09-30,C06,2,0.0,517.0,False,1,0
2025-09-30,C07,4,579.0,0.0,False,0,0
2025-09-30,C08,0,59.0,0.0,False,0,0
2025-10-01,A01,4,3222.0,0.0,False,0,1
2025-10-01,A02,108,0.0,4876.0,False,108,0
2025-10-01,A03,0,704.0,0.0,False,0,0
2025-10-01,A04,2,158.0,0.0,False,0,0
2025-10-01,A05,1,2313.3,3509.0,False,0,0
2025-10-01,A06,0,0.0,12654.0,False,0,0
2025-10-01,A07,28,1433.7,0.0,False,0,0
2025-10-01,A08,23,93.0,334.0,True,0,0
2025-10-01,A09,7,904.0,0.0,False,0,0
2025-10-01,A10,125,10788.0,0.0,False,0,2
2025-10-01,B01,0,267.0,0.0,False,0,0
2025-10-01,B02,24,636.0,1619.0,False,0,0
2025-10-01,B03,5,425.0,0.0,False,0,0
2025-10-01,B04,0,856.0,0.0,False,0,0
2025-10-01,B05,0,214.0,0.0,False,0,0
2025-10-01,B06,0,0.0,1170.0,False,0,0
2025-10-01,B07,18,3667.3,5214.0,False,0,1
2025-10-01,B08,6,128.0,2016.0,False,0,0
2025-10-01,B09,2,80.0,663.0,False,0,0
2025-10-01,B10,7,199.0,0.0,False,0,0
2025-10-01,B11,0,721.0,0.0,False,0,0
2025-10-01,B12,12,970.0,1064.0,False,0,0
2025-10-01,C01,1,0.0,68.0,False,1,0
2025-10-01,C02,8,659.0,0.0,False,0,0
2025-10-01,C03,1,51.0,0.0,False,0,0
2025-10-01,C04,0,441.0,0.0,False,0,0
2025-10-01,C05,0,19.0,403.0,False,0,0
2025-10-01,C06,19,0.0,517.0,False,19,0
2025-10-01,C07,0,660.0,0.0,False,0,0
2025-10-01,C08,2,57.0,0.0,False,0,0
2025-10-02,A01,29,3192.0,0.0,False,0,1
2025-10-02,A02,28,0.0,4876.0,False,28,0
2025-10-02,A03,8,696.0,0.0,False,0,0
2025-10-02,A04,1,157.0,0.0,False,0,0
2025-10-02,A05,18,2049.0,3509.0,False,0,0
2025-10-02,A06,114,0.0,12654.0,False,114,0
2025-10-02,A07,13,1378.0,0.0,False,0,0
2025-10-02,A08,1,92.0,334.0,False,0,0
2025-10-02,A09,9,895.0,0.0,False,0,0
2025-10-02,A10,18,10768.0,0.0,False,0,2
2025-10-02,B01,0,267.0,0.0,False,0,0
2025-10-02,B02,41,595.0,1619.0,False,0,0
2025-10-02,B03,4,421.0,0.0,False,0,0
2025-10-02,B04,6,850.0,0.0,False,0,0
2025-10-02,B05,0,214.0,0.0,False,0,0
2025-10-02,B06,3,0.0,1170.0,False,3,0
2025-10-02,B07,123,9325.0,0.0,False,0,2
2025-10-02,B08,1,127.0,2016.0,False,0,0
2025-10-02,B09,0,80.0,663.0,False,0,0
2025-10-02,B10,1,198.0,0.0,False,0,0
2025-10-02,B11,2,647.5,0.0,False,0,0
2025-10-02,B12,13,957.0,1064.0,False,0,0
2025-10-02,C01,0,0.0,68.0,False,0,0
2025-10-02,C02,7,652.0,0.0,False,0,0
2025-10-02,C03,1,50.0,0.0,False,0,0
2025-10-02,C04,6,435.0,0.0,False,0,0
2025-10-02,C05,0,19.0,403.0,False,0,0
2025-10-02,C06,0,0.0,517.0,False,0,0
2025-10-02,C07,0,579.0,0.0,False,0,0
2025-10-02,C08,0,57.0,0.0,False,0,0
2025-10-03,A01,17,3174.0,0.0,False,0,1
2025-10-03,A02,17,0.0,4876.0,False,17,0
2025-10-03,A03,4,692.0,0.0,False,0,0
2025-10-03,A04,0,157.0,0.0,False,0,0
2025-10-03,A05,0,2049.0,3509.0,False,0,0
2025-10-03,A06,5,0.0,12654.0,False,5,0
2025-10-03,A07,0,1378.0,0.0,False,0,0
2025-10-03,A08,5,87.0,334.0,False,0,0
2025-10-03,A09,14,881.0,0.0,False,0,0
2025-10-03,A10,67,10699.0,0.0,False,0,2
2025-10-03,B01,11,256.0,0.0,False,0,0
2025-10-03,B02,11,584.0,1619.0,False,0,0
2025-10-03,B03,6,415.0,0.0,False,0,0
2025-10-03,B04,1,849.0,0.0,False,0,0
2025-10-03,B05,0,214.0,0.0,False,0,0
2025-10-03,B06,46,0.0,1170.0,False,46,0
2025-10-03,B07,102,9221.0,0.0,False,0,2
2025-10-03,B08,18,109.0,2016.0,False,0,0
2025-10-03,B09,1,79.0,663.0,False,0,0
2025-10-03,B10,0,198.0,0.0,False,0,0
2025-10-03,B11,1,718.0,0.0,False,0,0
2025-10-03,B12,3,954.0,1064.0,False,0,0
2025-10-03,C01,1,0.0,68.0,False,1,0
2025-10-03,C02,6,646.0,0.0,False,0,0
2025-10-03,C03,0,50.0,0.0,False,0,0
2025-10-03,C04,0,435.0,0.0,False,0,0
2025-10-03,C05,0,19.0,403.0,False,0,0
2025-10-03,C06,2,0.0,517.0,False,2,0
2025-10-03,C07,5,574.0,0.0,False,0,0
2025-10-03,C08,0,57.0,0.0,False,0,0
2025-10-04,A01,29,3144.0,0.0,False,0,1
2025-10-04,A02,71,0.0,4876.0,False,71,0
2025-10-04,A03,11,678.3,0.0,False,0,0
2025-10-04,A04,0,167.2,0.0,False,0,0
2025-10-04,A05,30,2019.0,3509.0,False,0,0
2025-10-04,A06,74,0.0,12654.0,False,74,0
2025-10-04,A07,1,1377.0,0.0,False,0,0
2025-10-04,A08,1,86.0,334.0,False,0,0
2025-10-04,A09,6,875.0,0.0,False,0,0
2025-10-04,A10,174,10523.0,0.0,False,0,2
2025-10-04,B01,6,250.0,0.0,False,0,0
2025-10-04,B02,0,584.0,1619.0,False,0,0
2025-10-04,B03,0,415.0,0.0,False,0,0
2025-10-04,B04,0,849.0,0.0,False,0,0
2025-10-04,B05,0,214.0,0.0,False,0,0
2025-10-04,B06,12,1158.0,0.0,False,0,0
2025-10-04,B07,19,9200.0,0.0,False,0,2
2025-10-04,B08,13,96.0,2016.0,False,0,0
2025-10-04,B09,7,72.0,663.0,False,0,0
2025-10-04,B10,0,198.0,0.0,False,0,0
2025-10-04,B11,12,803.6,0.0,False,0,0
2025-10-04,B12,2,1018.9,1064.0,False,0,0
2025-10-04,C01,1,0.0,68.0,False,1,0
2025-10-04,C02,0,646.0,0.0,False,0,0
2025-10-04,C03,0,50.0,0.0,False,0,0
2025-10-04,C04,0,435.0,0.0,False,0,0
2025-10-04,C05,0,19.0,403.0,False,0,0
2025-10-04,C06,2,0.0,517.0,False,2,0
2025-10-04,C07,0,574.0,0.0,False,0,0
2025-10-04,C08,0,57.0,0.0,False,0,0
2025-10-05,A01,7,3136.0,0.0,False,0,1
2025-10-05,A02,84,0.0,4876.0,False,84,0
2025-10-05,A03,1,680.0,0.0,False,0,0
2025-10-05,A04,0,157.0,0.0,False,0,0
2025-10-05,A05,1,2018.0,3509.0,False,0,0
2025-10-05,A06,153,0.0,12654.0,False,153,0
2025-10-05,A07,2,1375.0,0.0,False,0,0
2025-10-05,A08,15,71.0,334.0,False,0,0
2025-10-05,A09,6,869.0,0.0,False,0,0
2025-10-05,A10,22,10499.0,0.0,False,0,2
2025-10-05,B01,0,250.0,0.0,False,0,0
2025-10-05,B02,11,573.0,1619.0,False,0,0
2025-10-05,B03,0,415.0,0.0,False,0,0
2025-10-05,B04,0,780.4,0.0,False,0,0
2025-10-05,B05,4,210.0,0.0,False,0,0
2025-10-05,B06,0,1158.0,0.0,False,0,0
2025-10-05,B07,84,8885.6,0.0,False,0,2
2025-10-05,B08,23,73.0,2016.0,False,0,0
2025-10-05,B09,0,72.0,663.0,False,0,0
2025-10-05,B10,0,198.0,0.0,False,0,0
2025-10-05,B11,19,687.0,0.0,False,0,0
2025-10-05,B12,3,949.0,1064.0,False,0,0
2025-10-05,C01,1,0.0,68.0,False,1,0
2025-10-05,C02,5,641.0,0.0,False,0,0
2025-10-05,C03,0,50.0,0.0,False,0,0
2025-10-05,C04,0,435.0,0.0,False,0,0
2025-10-05,C05,0,19.0,403.0,False,0,0
2025-10-05,C06,0,0.0,517.0,False,0,0
2025-10-05,C07,0,574.0,0.0,False,0,0
2025-10-05,C08,2,55.0,0.0,False,0,0
2025-10-06,A01,123,3012.0,0.0,False,0,1
2025-10-06,A02,53,0.0,4876.0,False,53,0
2025-10-06,A03,4,676.0,0.0,False,0,0
2025-10-06,A04,1,156.0,0.0,False,0,0
2025-10-06,A05,200,1818.0,3509.0,False,0,0
2025-10-06,A06,62,6814.3,5931.0,False,0,1
2025-10-06,A07,2,1373.0,0.0,False,0,0
2025-10-06,A08,19,52.0,334.0,False,0,0
2025-10-06,A09,1,868.0,0.0,False,0,0
2025-10-06,A10,52,10445.0,0.0,False,0,2
2025-10-06,B01,0,250.0,0.0,False,0,0
2025-10-06,B02,23,550.0,1619.0,False,0,0
2025-10-06,B03,19,396.0,0.0,False,0,0
2025-10-06,B04,7,842.0,0.0,False,0,0
2025-10-06,B05,0,210.0,0.0,False,0,0
2025-10-06,B06,12,1146.0,0.0,False,0,0
2025-10-06,B07,139,8973.0,0.0,False,0,2
2025-10-06,B08,56,17.0,2016.0,False,0,0
2025-10-06,B09,0,72.0,663.0,False,0,0
2025-10-06,B10,0,198.0,0.0,False,0,0
2025-10-06,B11,21,666.0,0.0,False,0,0
2025-10-06,B12,100,849.0,1064.0,False,0,0
2025-10-06,C01,7,0.0,68.0,False,7,0
2025-10-06,C02,5,636.0,0.0,False,0,0
2025-10-06,C03,0,50.0,0.0,False,0,0
2025-10-06,C04,4,431.0,0.0,False,0,0
2025-10-06,C05,8,11.0,403.0,False,0,0
2025-10-06,C06,0,0.0,517.0,False,0,0
2025-10-06,C07,7,567.0,0.0,False,0,0
2025-10-06,C08,1,54.0,0.0,False,0,0
2025-10-07,A01,18,2993.0,0.0,False,0,1
2025-10-07,A02,128,0.0,4876.0,False,128,0
2025-10-07,A03,7,669.0,0.0,False,0,0
2025-10-07,A04,0,156.0,0.0,False,0,0
2025-10-07,A05,54,1764.0,3509.0,False,0,0
2025-10-07,A06,169,6490.0,5931.0,False,0,1
2025-10-07,A07,4,1369.0,0.0,False,0,0
2025-10-07,A08,0,52.0,334.0,False,0,0
2025-10-07,A09,1,867.0,0.0,False,0,0
2025-10-07,A10,178,10265.0,0.0,False,0,2
2025-10-07,B01,8,242.0,0.0,False,0,0
2025-10-07,B02,3,547.0,1619.0,False,0,0
2025-10-07,B03,13,383.0,0.0,False,0,0
2025-10-07,B04,10,832.0,0.0,False,0,0
2025-10-07,B05,0,210.0,0.0,False,0,0
2025-10-07,B06,9,1205.2,0.0,False,0,0
2025-10-07,B07,30,8941.0,0.0,False,0,2
2025-10-07,B08,9,8.0,2016.0,False,0,0
2025-10-07,B09,6,66.0,663.0,False,0,0
2025-10-07,B10,5,202.7,0.0,False,0,0
2025-10-07,B11,52,614.0,0.0,False,0,0
2025-10-07,B12,31,818.0,1064.0,False,0,0
2025-10-07,C01,3,0.0,68.0,False,3,0
2025-10-07,C02,3,633.0,0.0,False,0,0
2025-10-07,C03,0,50.0,0.0,False,0,0
2025-10-07,C04,21,410.0,0.0,False,0,0
2025-10-07,C05,0,11.0,403.0,False,0,0
2025-10-07,C06,1,0.0,517.0,False,1,0
2025-10-07,C07,0,524.5,0.0,False,0,0
2025-10-07,C08,0,54.0,0.0,False,0,0
2025-10-08,A01,2,2990.0,0.0,False,0,1
2025-10-08,A02,99,0.0,4876.0,False,99,0
2025-10-08,A03,1,668.0,0.0,False,0,0
2025-10-08,A04,1,155.0,0.0,False,0,0
2025-10-08,A05,0,1764.0,3509.0,False,0,0
2025-10-08,A06,13,6188.1,5931.0,False,0,1
2025-10-08,A07,9,1360.0,0.0,False,0,0
2025-10-08,A08,11,41.0,334.0,False,0,0
2025-10-08,A09,1,866.0,0.0,False,0,0
2025-10-08,A10,44,10629.3,0.0,False,0,2
2025-10-08,B01,6,236.0,0.0,False,0,0
2025-10-08,B02,7,540.0,1619.0,False,0,0
2025-10-08,B03,0,383.0,0.0,False,0,0
2025-10-08,B04,0,832.0,0.0,False,0,0
2025-10-08,B05,0,210.0,0.0,False,0,0
2025-10-08,B06,2,1135.0,0.0,False,0,0
2025-10-08,B07,27,10030.8,0.0,False,0,2
2025-10-08,B08,3,5.0,2016.0,False,0,0
2025-10-08,B09,1,65.0,663.0,False,0,0
2025-10-08,B10,1,192.0,0.0,False,0,0
2025-10-08,B11,1,613.0,0.0,False,0,0
2025-10-08,B12,2,816.0,1064.0,False,0,0
2025-10-08,C01,1,0.0,68.0,False,1,0
2025-10-08,C02,0,633.0,0.0,False,0,0
2025-10-08,C03,0,50.0,0.0,False,0,0
2025-10-08,C04,2,408.0,0.0,False,0,0
2025-10-08,C05,3,9.1,403.0,False,0,0
2025-10-08,C06,4,0.0,517.0,False,4,0
2025-10-08,C07,0,567.0,0.0,False,0,0
2025-10-08,C08,0,54.0,0.0,False,0,0
2025-10-09,A01,21,3150.2,0.0,False,0,1
2025-10-09,A02,62,0.0,4876.0,False,62,0
2025-10-09,A03,6,662.0,0.0,False,0,0
2025-10-09,A04,1,154.0,0.0,False,0,0
2025-10-09,A05,8,1756.0,3509.0,False,0,0
2025-10-09,A06,1,6617.5,5931.0,False,0,1
2025-10-09,A07,5,1355.0,0.0,False,0,0
2025-10-09,A08,7,33.0,334.0,False,0,0
2025-10-09,A09,2,864.0,0.0,False,0,0
2025-10-09,A10,163,10054.0,0.0,False,0,2
2025-10-09,B01,0,236.0,0.0,False,0,0
2025-10-09,B02,2,538.0,1619.0,False,0,0
2025-10-09,B03,13,370.0,0.0,False,0,0
2025-10-09,B04,4,828.0,0.0,False,0,0
2025-10-09,B05,0,210.0,0.0,False,0,0
2025-10-09,B06,0,1009.7,0.0,False,0,0
2025-10-09,B07,29,8881.0,0.0,False,0,2
2025-10-09,B08,11,0.0,2016.0,False,6,0
2025-10-09,B09,7,58.0,663.0,False,0,0
2025-10-09,B10,1,191.0,0.0,False,0,0
2025-10-09,B11,55,558.0,0.0,False,0,0
2025-10-09,B12,10,806.0,1064.0,False,0,0
2025-10-09,C01,0,0.0,68.0,False,0,0
2025-10-09,C02,0,633.0,0.0,False,0,0
2025-10-09,C03,0,49.1,0.0,False,0,0
2025-10-09,C04,4,404.0,0.0,False,0,0
2025-10-09,C05,4,4.0,403.0,False,0,0
2025-10-09,C06,6,0.0,517.0,False,6,0
2025-10-09,C07,11,556.0,0.0,False,0,0
2025-10-09,C08,0,54.0,0.0,False,0,0
2025-10-10,A01,5,2962.0,0.0,False,0,1
2025-10-10,A02,105,0.0,4876.0,False,105,0
2025-10-10,A03,3,659.0,0.0,False,0,0
2025-10-10,A04,0,154.0,0.0,False,0,0
2025-10-10,A05,106,1551.2,7011.0,True,0,0
2025-10-10,A06,214,6259.0,5931.0,False,0,1
2025-10-10,A07,0,1355.0,0.0,False,0,0
2025-10-10,A08,3,31.0,334.0,False,0,0
2025-10-10,A09,1,863.0,0.0,False,0,0
2025-10-10,A10,24,10028.0,0.0,False,0,2
2025-10-10,B01,12,224.0,0.0,False,0,0
2025-10-10,B02,0,538.0,1619.0,False,0,0
2025-10-10,B03,0,370.0,0.0,False,0,0
2025-10-10,B04,1,827.0,0.0,False,0,0
2025-10-10,B05,0,210.0,0.0,False,0,0
2025-10-10,B06,2,1133.0,0.0,False,0,0
2025-10-10,B07,182,8697.0,0.0,False,0,2
2025-10-10,B08,8,0.0,2016.0,False,8,0
2025-10-10,B09,0,63.9,663.0,False,0,0
2025-10-10,B10,0,191.0,0.0,False,0,0
2025-10-10,B11,22,536.0,0.0,False,0,0
2025-10-10,B12,7,799.0,1064.0,False,0,0
2025-10-10,C01,0,0.0,68.0,False,0,0
2025-10-10,C02,3,630.0,0.0,False,0,0
2025-10-10,C03,0,50.0,0.0,False,0,0
2025-10-10,C04,2,402.0,0.0,False,0,0
2025-10-10,C05,4,0.0,403.0,False,0,0
2025-10-10,C06,1,0.0,517.0,False,1,0
2025-10-10,C07,5,520.5,0.0,False,0,0
2025-10-10,C08,1,53.0,0.0,False,0,0
2025-10-11,A01,45,2916.0,0.0,False,0,1
2025-10-11,A02,31,2385.0,2460.0,False,0,0
2025-10-11,A03,0,659.0,0.0,False,0,0
2025-10-11,A04,0,154.0,0.0,False,0,0
2025-10-11,A05,20,1630.0,7011.0,False,0,0
2025-10-11,A06,185,5908.8,5931.0,False,0,1
2025-10-11,A07,3,1352.0,0.0,False,0,0
2025-10-11,A08,6,25.0,334.0,False,0,0
2025-10-11,A09,4,739.2,0.0,False,0,0
2025-10-11,A10,103,9923.0,0.0,False,0,2
2025-10-11,B01,3,221.0,0.0,False,0,0
2025-10-11,B02,3,535.0,1619.0,False,0,0
2025-10-11,B03,2,368.0,0.0,False,0,0
2025-10-11,B04,2,825.0,0.0,False,0,0
2025-10-11,B05,2,208.0,0.0,False,0,0
2025-10-11,B06,1,1132.0,0.0,False,0,0
2025-10-11,B07,94,8601.0,0.0,False,0,2
2025-10-11,B08,3,0.0,2016.0,False,3,0
2025-10-11,B09,9,49.0,663.0,False,0,0
2025-10-11,B10,8,183.0,0.0,False,0,0
2025-10-11,B11,28,508.0,0.0,False,0,0
2025-10-11,B12,3,796.0,1064.0,False,0,0
2025-10-11,C01,0,0.0,68.0,False,0,0
2025-10-11,C02,0,630.0,0.0,False,0,0
2025-10-11,C03,1,49.0,0.0,False,0,0
2025-10-11,C04,1,401.0,0.0,False,0,0
2025-10-11,C05,0,0.0,403.0,False,0,0
2025-10-11,C06,0,0.0,517.0,False,0,0
2025-10-11,C07,0,551.0,0.0,False,0,0
2025-10-11,C08,0,53.0,0.0,False,0,0
2025-10-12,A01,0,2915.0,0.0,False,0,1
2025-10-12,A02,116,2269.0,2460.0,False,0,0
2025-10-12,A03,1,658.0,0.0,False,0,0
2025-10-12,A04,1,153.0,0.0,False,0,0
2025-10-12,A05,25,1605.0,7011.0,False,0,0
2025-10-12,A06,160,5912.0,5931.0,False,0,1
2025-10-12,A07,16,1336.0,0.0,False,0,0
2025-10-12,A08,0,25.0,334.0,False,0,0
2025-10-12,A09,3,856.0,0.0,False,0,0
2025-10-12,A10,299,9622.0,0.0,False,0,2
2025-10-12,B01,6,199.8,0.0,False,0,0
2025-10-12,B02,14,521.0,1619.0,False,0,0
2025-10-12,B03,0,368.0,0.0,False,0,0
2025-10-12,B04,0,825.0,0.0,False,0,0
2025-10-12,B05,2,206.0,0.0,False,0,0
2025-10-12,B06,4,1128.0,0.0,False,0,0
2025-10-12,B07,86,8513.0,0.0,False,0,2
2025-10-12,B08,2,0.0,2016.0,False,2,0
2025-10-12,B09,26,23.0,663.0,False,0,0
2025-10-12,B10,1,182.0,0.0,False,0,0
2025-10-12,B11,4,504.0,0.0,False,0,0
2025-10-12,B12,7,789.0,1064.0,False,0,0
2025-10-12,C01,4,0.0,68.0,False,4,0
2025-10-12,C02,0,630.0,0.0,False,0,0
2025-10-12,C03,2,47.0,0.0,False,0,0
2025-10-12,C04,0,401.0,0.0,False,0,0
2025-10-12,C05,0,0.0,403.0,False,0,0
2025-10-12,C06,0,0.0,517.0,False,0,0
2025-10-12,C07,7,544.0,0.0,False,0,0
2025-10-12,C08,0,53.0,0.0,False,0,0
2025-10-13,A01,1,2913.0,0.0,False,0,1
2025-10-13,A02,8,2261.0,2460.0,False,0,0
2025-10-13,A03,4,654.0,0.0,False,0,0
2025-10-13,A04,0,153.0,0.0,False,0,0
2025-10-13,A05,2,1603.0,7011.0,False,0,0
2025-10-13,A06,450,5461.0,5931.0,False,0,1
2025-10-13,A07,7,1329.0,0.0,False,0,0
2025-10-13,A08,1,24.0,334.0,False,0,0
2025-10-13,A09,10,846.0,0.0,False,0,0
2025-10-13,A10,565,9055.0,0.0,False,0,2
2025-10-13,B01,0,215.0,0.0,False,0,0
2025-10-13,B02,0,475.3,1619.0,False,0,0
2025-10-13,B03,0,368.0,0.0,False,0,0
2025-10-13,B04,2,823.0,0.0,False,0,0
2025-10-13,B05,3,203.0,0.0,False,0,0
2025-10-13,B06,0,1128.0,0.0,False,0,0
2025-10-13,B07,80,8431.0,0.0,False,0,2
2025-10-13,B08,22,0.0,2016.0,False,22,0
2025-10-13,B09,2,21.0,663.0,False,0,0
2025-10-13,B10,0,182.0,0.0,False,0,0
2025-10-13,B11,62,474.7,0.0,False,0,0
2025-10-13,B12,14,775.0,1064.0,False,0,0
2025-10-13,C01,0,0.0,68.0,False,0,0
2025-10-13,C02,12,618.0,0.0,False,0,0
2025-10-13,C03,0,47.0,0.0,False,0,0
2025-10-13,C04,1,400.0,0.0,False,0,0
2025-10-13,C05,3,0.0,403.0,False,3,0
2025-10-13,C06,4,0.0,517.0,False,4,0
2025-10-13,C07,1,543.0,0.0,False,0,0
2025-10-13,C08,0,53.0,0.0,False,0,0
2025-10-14,A01,15,2897.0,0.0,False,0,1
2025-10-14,A02,295,1966.0,2460.0,False,0,0
2025-10-14,A03,2,703.6,0.0,False,0,0
2025-10-14,A04,0,153.0,0.0,False,0,0
2025-10-14,A05,148,1455.0,7011.0,False,0,0
2025-10-14,A06,403,5057.0,5931.0,False,0,1
2025-10-14,A07,16,1313.0,0.0,False,0,0
2025-10-14,A08,19,5.0,334.0,False,0,0
2025-10-14,A09,17,744.4,0.0,False,0,0
2025-10-14,A10,178,8875.0,0.0,False,0,2
2025-10-14,B01,0,215.0,0.0,False,0,0
2025-10-14,B02,0,521.0,1619.0,False,0,0
2025-10-14,B03,0,368.0,0.0,False,0,0
2025-10-14,B04,4,819.0,0.0,False,0,0
2025-10-14,B05,0,203.0,0.0,False,0,0
2025-10-14,B06,23,1105.0,0.0,False,0,0
2025-10-14,B07,54,8375.0,0.0,False,0,2
2025-10-14,B08,39,0.0,2016.0,False,39,0
2025-10-14,B09,0,21.0,663.0,False,0,0
2025-10-14,B10,1,181.0,0.0,False,0,0
2025-10-14,B11,1,441.0,0.0,False,0,0
2025-10-14,B12,5,801.7,1064.0,False,0,0
2025-10-14,C01,2,0.0,68.0,False,2,0
2025-10-14,C02,0,618.0,0.0,False,0,0
2025-10-14,C03,0,47.0,0.0,False,0,0
2025-10-14,C04,2,398.0,0.0,False,0,0
2025-10-14,C05,3,0.0,403.0,False,3,0
2025-10-14,C06,0,0.0,517.0,False,0,0
2025-10-14,C07,3,573.4,0.0,False,0,0
2025-10-14,C08,0,53.0,0.0,False,0,0
2025-10-15,A01,16,2880.0,0.0,False,0,1
2025-10-15,A02,54,1912.0,2460.0,False,0,0
2025-10-15,A03,0,652.0,0.0,False,0,0
2025-10-15,A04,1,152.0,0.0,False,0,0
2025-10-15,A05,54,1401.0,7011.0,False,0,0
2025-10-15,A06,0,5056.0,5931.0,False,0,1
2025-10-15,A07,0,1313.0,0.0,False,0,0
2025-10-15,A08,1,4.0,334.0,False,0,0
2025-10-15,A09,31,798.0,0.0,False,0,0
2025-10-15,A10,80,8793.0,0.0,False,0,2
2025-10-15,B01,1,214.0,0.0,False,0,0
2025-10-15,B02,2,519.0,1619.0,False,0,0
2025-10-15,B03,5,363.0,746.0,True,0,0
2025-10-15,B04,0,819.0,0.0,False,0,0
2025-10-15,B05,0,203.0,0.0,False,0,0
2025-10-15,B06,3,1256.8,0.0,False,0,0
2025-10-15,B07,333,8040.0,0.0,False,0,2
2025-10-15,B08,43,0.0,2016.0,False,43,0
2025-10-15,B09,7,14.0,663.0,False,0,0
2025-10-15,B10,0,181.0,0.0,False,0,0
2025-10-15,B11,8,433.0,0.0,False,0,0
2025-10-15,B12,0,770.0,1064.0,False,0,0
2025-10-15,C01,0,0.0,68.0,False,0,0
2025-10-15,C02,4,614.0,0.0,False,0,0
2025-10-15,C03,0,47.0,0.0,False,0,0
2025-10-15,C04,11,387.0,0.0,False,0,0
2025-10-15,C05,0,0.0,403.0,False,0,0
2025-10-15,C06,0,0.0,517.0,False,0,0
2025-10-15,C07,0,540.0,0.0,False,0,0
2025-10-15,C08,0,53.0,0.0,False,0,0
2025-10-16,A01,11,2868.0,0.0,False,0,1
2025-10-16,A02,32,1880.0,2460.0,False,0,0
2025-10-16,A03,4,648.0,0.0,False,0,0
2025-10-16,A04,1,151.0,0.0,False,0,0
2025-10-16,A05,66,1335.0,7011.0,False,0,0
2025-10-16,A06,64,4991.0,5931.0,False,0,1
2025-10-16,A07,9,1304.0,0.0,False,0,0
2025-10-16,A08,5,0.0,334.0,False,1,0
2025-10-16,A09,0,798.0,0.0,False,0,0
2025-10-16,A10,25,8766.0,0.0,False,0,2
2025-10-16,B01,3,192.2,0.0,False,0,0
2025-10-16,B02,1,518.0,1619.0,False,0,0
2025-10-16,B03,0,363.0,746.0,False,0,0
2025-10-16,B04,1,818.0,0.0,False,0,0
2025-10-16,B05,0,203.0,0.0,False,0,0
2025-10-16,B06,2,1100.0,0.0,False,0,0
2025-10-16,B07,30,8008.0,0.0,False,0,2
2025-10-16,B08,15,0.0,2016.0,False,15,0
2025-10-16,B09,1,676.0,0.0,False,0,0
2025-10-16,B10,7,174.0,0.0,False,0,0
2025-10-16,B11,19,378.2,0.0,False,0,0
2025-10-16,B12,0,770.0,1064.0,False,0,0
2025-10-16,C01,0,0.0,68.0,False,0,0
2025-10-16,C02,4,610.0,0.0,False,0,0
2025-10-16,C03,1,46.0,0.0,False,0,0
2025-10-16,C04,0,387.0,0.0,False,0,0
2025-10-16,C05,1,0.0,403.0,False,1,0
2025-10-16,C06,0,0.0,517.0,False,0,0
2025-10-16,C07,0,540.0,0.0,False,0,0
2025-10-16,C08,1,52.0,0.0,False,0,0
2025-10-17,A01,50,2817.0,0.0,False,0,1
2025-10-17,A02,7,1873.0,2460.0,False,0,0
2025-10-17,A03,3,645.0,0.0,False,0,0
2025-10-17,A04,0,151.0,0.0,False,0,0
2025-10-17,A05,19,1316.0,7011.0,False,0,0
2025-10-17,A06,76,4914.0,5931.0,False,0,1
2025-10-17,A07,5,1299.0,0.0,False,0,0
2025-10-17,A08,2,0.0,334.0,False,2,0
2025-10-17,A09,0,798.0,0.0,False,0,0
2025-10-17,A10,75,8689.0,0.0,False,0,2
2025-10-17,B01,3,235.4,0.0,False,0,0
2025-10-17,B02,8,510.0,1619.0,False,0,0
2025-10-17,B03,19,338.3,746.0,False,0,0
2025-10-17,B04,0,818.0,0.0,False,0,0
2025-10-17,B05,1,202.0,0.0,False,0,0
2025-10-17,B06,8,1092.0,0.0,False,0,0
2025-10-17,B07,7,7999.0,0.0,False,0,2
2025-10-17,B08,1,0.0,2016.0,False,1,0
2025-10-17,B09,0,676.0,0.0,False,0,0
2025-10-17,B10,1,173.0,0.0,False,0,0
2025-10-17,B11,7,403.3,0.0,False,0,0
2025-10-17,B12,10,760.0,1064.0,False,0,0
2025-10-17,C01,0,68.0,0.0,False,0,0
2025-10-17,C02,4,566.5,0.0,False,0,0
2025-10-17,C03,1,45.0,0.0,False,0,0
2025-10-17,C04,0,387.0,0.0,False,0,0
2025-10-17,C05,0,0.0,403.0,False,0,0
2025-10-17,C06,0,0.0,517.0,False,0,0
2025-10-17,C07,1,539.0,0.0,False,0,0
2025-10-17,C08,0,52.0,0.0,False,0,0
2025-10-18,A01,1,2815.0,0.0,False,0,1
2025-10-18,A02,3,1870.0,2460.0,False,0,0
2025-10-18,A03,18,627.0,0.0,False,0,0
2025-10-18,A04,0,151.0,0.0,False,0,0
2025-10-18,A05,16,1300.0,7011.0,False,0,0
2025-10-18,A06,67,4846.0,11886.0,True,0,1
2025-10-18,A07,6,1199.6,0.0,False,0,0
2025-10-18,A08,5,0.0,334.0,False,5,0
2025-10-18,A09,1,797.0,0.0,False,0,0
2025-10-18,A10,354,8333.0,0.0,False,0,2
2025-10-18,B01,2,206.0,0.0,False,0,0
2025-10-18,B02,0,561.7,1619.0,False,0,0
2025-10-18,B03,1,343.0,746.0,False,0,0
2025-10-18,B04,6,812.0,0.0,False,0,0
2025-10-18,B05,0,202.0,0.0,False,0,0
2025-10-18,B06,3,1217.0,0.0,False,0,0
2025-10-18,B07,83,7429.4,0.0,False,0,2
2025-10-18,B08,37,0.0,2016.0,False,37,0
2025-10-18,B09,0,676.0,0.0,False,0,0
2025-10-18,B10,0,173.0,0.0,False,0,0
2025-10-18,B11,0,407.0,0.0,False,0,0
2025-10-18,B12,35,725.0,1064.0,False,0,0
2025-10-18,C01,0,68.0,0.0,False,0,0
2025-10-18,C02,8,598.0,0.0,False,0,0
2025-10-18,C03,0,45.0,0.0,False,0,0
2025-10-18,C04,2,385.0,0.0,False,0,0
2025-10-18,C05,0,0.0,403.0,False,0,0
2025-10-18,C06,0,0.0,517.0,False,0,0
2025-10-18,C07,2,537.0,0.0,False,0,0
2025-10-18,C08,1,51.0,0.0,False,0,0
2025-10-19,A01,18,2796.0,0.0,False,0,1
2025-10-19,A02,35,1835.0,4813.0,True,0,0
2025-10-19,A03,14,613.0,0.0,False,0,0
2025-10-19,A04,1,150.0,0.0,False,0,0
2025-10-19,A05,9,1291.0,7011.0,False,0,0
2025-10-19,A06,33,4812.0,11886.0,False,0,1
2025-10-19,A07,13,1223.6,0.0,False,0,0
2025-10-19,A08,4,0.0,334.0,False,4,0
2025-10-19,A09,18,779.0,0.0,False,0,0
2025-10-19,A10,138,8193.0,0.0,False,0,2
2025-10-19,B01,0,206.0,0.0,False,0,0
2025-10-19,B02,0,569.7,1619.0,False,0,0
2025-10-19,B03,0,343.0,746.0,False,0,0
2025-10-19,B04,2,810.0,0.0,False,0,0
2025-10-19,B05,0,202.0,0.0,False,0,0
2025-10-19,B06,10,927.6,0.0,False,0,0
2025-10-19,B07,96,7816.0,0.0,False,0,2
2025-10-19,B08,32,0.0,2016.0,False,32,0
2025-10-19,B09,11,665.0,0.0,False,0,0
2025-10-19,B10,0,173.0,0.0,False,0,0
2025-10-19,B11,1,406.0,0.0,False,0,0
2025-10-19,B12,14,711.0,1064.0,False,0,0
2025-10-19,C01,1,67.0,0.0,False,0,0
2025-10-19,C02,10,588.0,0.0,False,0,0
2025-10-19,C03,0,45.0,0.0,False,0,0
2025-10-19,C04,0,385.0,0.0,False,0,0
2025-10-19,C05,0,0.0,403.0,False,0,0
2025-10-19,C06,0,0.0,517.0,False,0,0
2025-10-19,C07,1,536.0,0.0,False,0,0
2025-10-19,C08,0,51.0,0.0,False,0,0
2025-10-20,A01,0,2795.0,0.0,False,0,1
2025-10-20,A02,183,1652.0,4813.0,False,0,0
2025-10-20,A03,3,610.0,0.0,False,0,0
2025-10-20,A04,0,150.0,0.0,False,0,0
2025-10-20,A05,56,1235.0,7011.0,False,0,0
2025-10-20,A06,8,4803.0,11886.0,False,0,1
2025-10-20,A07,0,1280.0,0.0,False,0,0
2025-10-20,A08,19,0.0,334.0,False,19,0
2025-10-20,A09,4,809.3,0.0,False,0,0
2025-10-20,A10,94,7985.3,7964.0,True,0,2
2025-10-20,B01,1,205.0,0.0,False,0,0
2025-10-20,B02,1,509.0,1619.0,False,0,0
2025-10-20,B03,2,341.0,746.0,False,0,0
2025-10-20,B04,3,807.0,0.0,False,0,0
2025-10-20,B05,1,201.0,0.0,False,0,0
2025-10-20,B06,3,1076.0,0.0,False,0,0
2025-10-20,B07,110,7704.0,0.0,False,0,2
2025-10-20,B08,22,0.0,2016.0,False,22,0
2025-10-20,B09,1,664.0,0.0,False,0,0
2025-10-20,B10,0,173.0,0.0,False,0,0
2025-10-20,B11,2,404.0,0.0,False,0,0
2025-10-20,B12,0,711.0,1064.0,False,0,0
2025-10-20,C01,0,67.0,0.0,False,0,0
2025-10-20,C02,4,584.0,0.0,False,0,0
2025-10-20,C03,0,45.0,0.0,False,0,0
2025-10-20,C04,2,408.5,0.0,False,0,0
2025-10-20,C05,0,0.0,403.0,False,0,0
2025-10-20,C06,1,0.0,517.0,False,1,0
2025-10-20,C07,1,535.0,0.0,False,0,0
2025-10-20,C08,1,50.0,0.0,False,0,0
2025-10-21,A01,31,2763.0,0.0,False,0,1
2025-10-21,A02,37,1615.0,4813.0,False,0,0
2025-10-21,A03,3,607.0,0.0,False,0,0
2025-10-21,A04,2,148.0,0.0,False,0,0
2025-10-21,A05,59,1176.0,7011.0,False,0,0
2025-10-21,A06,149,4653.0,11886.0,False,0,1
2025-10-21,A07,3,1277.0,0.0,False,0,0
2025-10-21,A08,1,0.0,334.0,False,1,0
2025-10-21,A09,3,772.0,0.0,False,0,0
2025-10-21,A10,205,7890.0,7964.0,False,0,2
2025-10-21,B01,0,205.0,0.0,False,0,0
2025-10-21,B02,17,492.0,1619.0,False,0,0
2025-10-21,B03,0,341.0,746.0,False,0,0
2025-10-21,B04,0,807.0,0.0,False,0,0
2025-10-21,B05,3,198.0,0.0,False,0,0
2025-10-21,B06,5,1071.0,0.0,False,0,0
2025-10-21,B07,63,7639.0,0.0,False,0,2
2025-10-21,B08,4,0.0,2016.0,False,4,0
2025-10-21,B09,6,658.0,0.0,False,0,0
2025-10-21,B10,0,173.0,0.0,False,0,0
2025-10-21,B11,20,384.0,0.0,False,0,0
2025-10-21,B12,35,729.5,1064.0,False,0,0
2025-10-21,C01,0,73.5,0.0,False,0,0
2025-10-21,C02,4,580.0,0.0,False,0,0
2025-10-21,C03,0,45.0,0.0,False,0,0
2025-10-21,C04,0,383.0,0.0,False,0,0
2025-10-21,C05,9,0.0,403.0,False,9,0
2025-10-21,C06,11,506.0,0.0,False,0,0
2025-10-21,C07,5,522.8,0.0,False,0,0
2025-10-21,C08,0,50.0,0.0,False,0,0
2025-10-22,A01,53,2709.0,0.0,False,0,1
2025-10-22,A02,146,1469.0,4813.0,False,0,0
2025-10-22,A03,5,647.2,0.0,False,0,0
2025-10-22,A04,3,145.0,0.0,False,0,0
2025-10-22,A05,102,1074.0,7011.0,False,0,0
2025-10-22,A06,286,4366.0,11886.0,False,0,1
2025-10-22,A07,0,1277.0,0.0,False,0,0
2025-10-22,A08,0,0.0,334.0,False,0,0
2025-10-22,A09,22,750.0,0.0,False,0,0
2025-10-22,A10,507,7074.3,7964.0,False,0,2
2025-10-22,B01,1,175.8,0.0,False,0,0
2025-10-22,B02,34,458.0,1619.0,False,0,0
2025-10-22,B03,1,340.0,746.0,False,0,0
2025-10-22,B04,7,800.0,0.0,False,0,0
2025-10-22,B05,2,196.0,0.0,False,0,0
2025-10-22,B06,16,1055.0,0.0,False,0,0
2025-10-22,B07,40,7597.0,0.0,False,0,2
2025-10-22,B08,38,0.0,2016.0,False,38,0
2025-10-22,B09,20,638.0,0.0,False,0,0
2025-10-22,B10,8,165.0,0.0,False,0,0
2025-10-22,B11,71,313.0,0.0,False,0,0
2025-10-22,B12,82,594.0,1064.0,False,0,0
2025-10-22,C01,0,67.0,0.0,False,0,0
2025-10-22,C02,13,512.8,0.0,False,0,0
2025-10-22,C03,0,45.0,0.0,False,0,0
2025-10-22,C04,2,381.0,0.0,False,0,0
2025-10-22,C05,1,402.0,0.0,False,0,0
2025-10-22,C06,0,506.0,0.0,False,0,0
2025-10-22,C07,0,530.0,0.0,False,0,0
2025-10-22,C08,2,48.0,0.0,False,0,0
2025-10-23,A01,67,2641.0,0.0,False,0,1
2025-10-23,A02,17,1452.0,4813.0,False,0,0
2025-10-23,A03,29,573.0,0.0,False,0,0
2025-10-23,A04,4,141.0,0.0,False,0,0
2025-10-23,A05,45,1029.0,7011.0,False,0,0
2025-10-23,A06,215,4150.0,11886.0,False,0,1
2025-10-23,A07,9,1268.0,0.0,False,0,0
2025-10-23,A08,10,0.0,334.0,False,10,0
2025-10-23,A09,0,750.0,0.0,False,0,0
2025-10-23,A10,183,6616.3,7964.0,False,0,1
2025-10-23,B01,3,201.0,0.0,False,0,0
2025-10-23,B02,2,2075.0,0.0,False,0,0
2025-10-23,B03,2,338.0,746.0,False,0,0
2025-10-23,B04,2,798.0,0.0,False,0,0
2025-10-23,B05,2,194.0,0.0,False,0,0
2025-10-23,B06,8,1047.0,0.0,False,0,0
2025-10-23,B07,33,7562.0,0.0,False,0,2
2025-10-23,B08,41,0.0,2016.0,False,41,0
2025-10-23,B09,3,635.0,0.0,False,0,0
2025-10-23,B10,0,165.0,0.0,False,0,0
2025-10-23,B11,12,301.0,0.0,False,0,0
2025-10-23,B12,3,591.0,1064.0,False,0,0
2025-10-23,C01,1,74.8,0.0,False,0,0
2025-10-23,C02,0,567.0,0.0,False,0,0
2025-10-23,C03,0,45.0,0.0,False,0,0
2025-10-23,C04,11,370.0,0.0,False,0,0
2025-10-23,C05,2,400.0,0.0,False,0,0
2025-10-23,C06,0,506.0,0.0,False,0,0
2025-10-23,C07,3,527.0,0.0,False,0,0
2025-10-23,C08,1,49.6,0.0,False,0,0
2025-10-24,A01,11,2629.0,0.0,False,0,1
2025-10-24,A02,3,1449.0,4813.0,False,0,0
2025-10-24,A03,19,512.5,813.0,True,0,0
2025-10-24,A04,1,140.0,0.0,False,0,0
2025-10-24,A05,38,991.0,7011.0,False,0,0
2025-10-24,A06,11,4138.0,11886.0,False,0,1
2025-10-24,A07,20,1248.0,0.0,False,0,0
2025-10-24,A08,0,0.0,334.0,False,0,0
2025-10-24,A09,30,720.0,0.0,False,0,0
2025-10-24,A10,93,7103.0,7964.0,False,0,1
2025-10-24,B01,1,200.0,0.0,False,0,0
2025-10-24,B02,44,2031.0,0.0,False,0,0
2025-10-24,B03,17,321.0,746.0,False,0,0
2025-10-24,B04,0,798.0,0.0,False,0,0
2025-10-24,B05,0,194.0,0.0,False,0,0
2025-10-24,B06,23,1024.0,0.0,False,0,0
2025-10-24,B07,31,7529.0,0.0,False,0,2
2025-10-24,B08,3,0.0,2016.0,False,3,0
2025-10-24,B09,7,628.0,0.0,False,0,0
2025-10-24,B10,3,181.5,0.0,False,0,0
2025-10-24,B11,1,300.0,0.0,False,0,0
2025-10-24,B12,97,461.3,1064.0,False,0,0
2025-10-24,C01,0,66.0,0.0,False,0,0
2025-10-24,C02,3,564.0,0.0,False,0,0
2025-10-24,C03,0,45.0,0.0,False,0,0
2025-10-24,C04,0,370.0,0.0,False,0,0
2025-10-24,C05,2,398.0,0.0,False,0,0
2025-10-24,C06,2,447.5,0.0,False,0,0
2025-10-24,C07,0,527.0,0.0,False,0,0
2025-10-24,C08,0,47.0,0.0,False,0,0
2025-10-25,A01,32,2596.0,0.0,False,0,1
2025-10-25,A02,18,1431.0,4813.0,False,0,0
2025-10-25,A03,4,550.0,813.0,False,0,0
2025-10-25,A04,0,140.0,0.0,False,0,0
2025-10-25,A05,0,991.0,7011.0,False,0,0
2025-10-25,A06,282,9809.0,5931.0,False,0,2
2025-10-25,A07,1,1247.0,0.0,False,0,0
2025-10-25,A08,0,0.0,334.0,False,0,0
2025-10-25,A09,1,719.0,0.0,False,0,0
2025-10-25,A10,95,7348.3,7964.0,False,0,1
2025-10-25,B01,0,192.0,0.0,False,0,0
2025-10-25,B02,17,2014.0,0.0,False,0,0
2025-10-25,B03,7,314.0,746.0,False,0,0
2025-10-25,B04,3,795.0,0.0,False,0,0
2025-10-25,B05,0,208.3,0.0,False,0,0
2025-10-25,B06,13,1011.0,0.0,False,0,0
2025-10-25,B07,21,7506.0,0.0,False,0,2
2025-10-25,B08,17,0.0,2016.0,False,17,0
2025-10-25,B09,22,606.0,0.0,False,0,0
2025-10-25,B10,0,162.0,0.0,False,0,0
2025-10-25,B11,8,292.0,0.0,False,0,0
2025-10-25,B12,10,484.0,1064.0,False,0,0
2025-10-25,C01,1,65.0,0.0,False,0,0
2025-10-25,C02,5,559.0,0.0,False,0,0
2025-10-25,C03,0,45.0,0.0,False,0,0
2025-10-25,C04,1,369.0,0.0,False,0,0
2025-10-25,C05,1,397.0,0.0,False,0,0
2025-10-25,C06,0,504.0,0.0,False,0,0
2025-10-25,C07,1,526.0,0.0,False,0,0
2025-10-25,C08,1,46.0,0.0,False,0,0
2025-10-26,A01,2,2287.0,0.0,False,0,1
2025-10-26,A02,0,1431.0,4813.0,False,0,0
2025-10-26,A03,15,561.4,813.0,False,0,0
2025-10-26,A04,0,140.0,0.0,False,0,0
2025-10-26,A05,0,991.0,7011.0,False,0,0
2025-10-26,A06,135,9672.0,5931.0,False,0,2
2025-10-26,A07,4,1243.0,0.0,False,0,0
2025-10-26,A08,4,0.0,334.0,False,4,0
2025-10-26,A09,1,718.0,0.0,False,0,0
2025-10-26,A10,2,7004.0,7964.0,False,0,1
2025-10-26,B01,3,197.0,0.0,False,0,0
2025-10-26,B02,39,1975.0,0.0,False,0,0
2025-10-26,B03,7,307.0,746.0,False,0,0
2025-10-26,B04,1,794.0,0.0,False,0,0
2025-10-26,B05,0,194.0,0.0,False,0,0
2025-10-26,B06,16,995.0,0.0,False,0,0
2025-10-26,B07,97,7407.0,0.0,False,0,2
2025-10-26,B08,0,0.0,2016.0,False,0,0
2025-10-26,B09,14,592.0,0.0,False,0,0
2025-10-26,B10,7,155.0,0.0,False,0,0
2025-10-26,B11,4,310.0,0.0,False,0,0
2025-10-26,B12,67,417.0,1064.0,False,0,0
2025-10-26,C01,1,64.0,0.0,False,0,0
2025-10-26,C02,38,523.3,0.0,False,0,0
2025-10-26,C03,0,45.0,0.0,False,0,0
2025-10-26,C04,2,367.0,0.0,False,0,0
2025-10-26,C05,1,396.0,0.0,False,0,0
2025-10-26,C06,4,500.0,0.0,False,0,0
2025-10-26,C07,0,526.0,0.0,False,0,0
2025-10-26,C08,1,45.0,0.0,False,0,0
2025-10-27,A01,3,2589.0,0.0,False,0,1
2025-10-27,A02,156,1275.0,4813.0,False,0,0
2025-10-27,A03,51,484.0,813.0,False,0,0
2025-10-27,A04,1,139.0,0.0,False,0,0
2025-10-27,A05,29,962.0,7011.0,False,0,0
2025-10-27,A06,39,9631.0,5931.0,False,0,2
2025-10-27,A07,36,1207.0,0.0,False,0,0
2025-10-27,A08,1,0.0,334.0,False,1,0
2025-10-27,A09,0,718.0,0.0,False,0,0
2025-10-27,A10,115,6888.0,7964.0,False,0,1
2025-10-27,B01,12,185.0,0.0,False,0,0
2025-10-27,B02,17,1958.0,0.0,False,0,0
2025-10-27,B03,5,302.0,746.0,False,0,0
2025-10-27,B04,1,793.0,0.0,False,0,0
2025-10-27,B05,0,194.0,0.0,False,0,0
2025-10-27,B06,1,994.0,0.0,False,0,0
2025-10-27,B07,1,8144.5,0.0,False,0,2
2025-10-27,B08,38,0.0,2016.0,False,38,0
2025-10-27,B09,12,580.0,0.0,False,0,0
2025-10-27,B10,3,146.6,0.0,False,0,0
2025-10-27,B11,6,282.0,0.0,False,0,0
2025-10-27,B12,3,427.2,1064.0,False,0,0
2025-10-27,C01,4,60.0,0.0,False,0,0
2025-10-27,C02,5,516.0,0.0,False,0,0
2025-10-27,C03,0,45.0,0.0,False,0,0
2025-10-27,C04,2,365.0,0.0,False,0,0
2025-10-27,C05,5,391.0,0.0,False,0,0
2025-10-27,C06,1,499.0,0.0,False,0,0
2025-10-27,C07,0,526.0,0.0,False,0,0
2025-10-27,C08,0,45.0,0.0,False,0,0
2025-10-28,A01,2,2586.0,0.0,False,0,1
2025-10-28,A02,4,1271.0,4813.0,False,0,0
2025-10-28,A03,16,468.0,813.0,False,0,0
2025-10-28,A04,0,139.0,0.0,False,0,0
2025-10-28,A05,18,944.0,7011.0,False,0,0
2025-10-28,A06,37,9592.0,5931.0,False,0,2
2025-10-28,A07,11,1196.0,0.0,False,0,0
2025-10-28,A08,2,0.0,334.0,False,2,0
2025-10-28,A09,5,713.0,0.0,False,0,0
2025-10-28,A10,58,6829.0,7964.0,False,0,1
2025-10-28,B01,7,178.0,0.0,False,0,0
2025-10-28,B02,0,1958.0,0.0,False,0,0
2025-10-28,B03,14,288.0,746.0,False,0,0
2025-10-28,B04,21,772.0,0.0,False,0,0
2025-10-28,B05,0,194.0,0.0,False,0,0
2025-10-28,B06,26,1060.8,0.0,False,0,0
2025-10-28,B07,71,7331.0,0.0,False,0,2
2025-10-28,B08,17,0.0,2016.0,False,17,0
2025-10-28,B09,13,567.0,0.0,False,0,0
2025-10-28,B10,2,150.0,0.0,False,0,0
2025-10-28,B11,22,260.0,949.0,True,0,0
2025-10-28,B12,1,413.0,1064.0,False,0,0
2025-10-28,C01,1,59.0,0.0,False,0,0
2025-10-28,C02,0,516.0,0.0,False,0,0
2025-10-28,C03,1,44.0,0.0,False,0,0
2025-10-28,C04,2,363.0,0.0,False,0,0
2025-10-28,C05,1,390.0,0.0,False,0,0
2025-10-28,C06,2,497.0,0.0,False,0,0
2025-10-28,C07,3,523.0,0.0,False,0,0
2025-10-28,C08,0,45.0,0.0,False,0,0
2025-10-29,A01,1,2584.0,0.0,False,0,1
2025-10-29,A02,44,1367.0,4813.0,False,0,0
2025-10-29,A03,46,422.0,813.0,False,0,0
2025-10-29,A04,0,139.0,0.0,False,0,0
2025-10-29,A05,6,938.0,7011.0,False,0,0
2025-10-29,A06,17,9573.0,5931.0,False,0,2
2025-10-29,A07,11,1185.0,0.0,False,0,0
2025-10-29,A08,0,0.0,334.0,False,0,0
2025-10-29,A09,6,707.0,0.0,False,0,0
2025-10-29,A10,35,6793.0,7964.0,False,0,1
2025-10-29,B01,0,180.9,0.0,False,0,0
2025-10-29,B02,5,1953.0,0.0,False,0,0
2025-10-29,B03,0,288.0,746.0,False,0,0
2025-10-29,B04,4,768.0,0.0,False,0,0
2025-10-29,B05,7,187.0,0.0,False,0,0
2025-10-29,B06,31,937.0,0.0,False,0,0
2025-10-29,B07,37,8358.6,0.0,False,0,1
2025-10-29,B08,109,0.0,2016.0,False,109,0
2025-10-29,B09,4,563.0,0.0,False,0,0
2025-10-29,B10,0,150.0,0.0,False,0,0
2025-10-29,B11,5,255.0,949.0,False,0,0
2025-10-29,B12,15,398.0,1064.0,False,0,0
2025-10-29,C01,0,59.0,0.0,False,0,0
2025-10-29,C02,1,515.0,0.0,False,0,0
2025-10-29,C03,0,44.0,0.0,False,0,0
2025-10-29,C04,9,354.0,0.0,False,0,0
2025-10-29,C05,4,344.3,0.0,False,0,0
2025-10-29,C06,1,496.0,0.0,False,0,0
2025-10-29,C07,3,520.0,0.0,False,0,0
2025-10-29,C08,0,45.0,0.0,False,0,0
2025-10-30,A01,2,2463.2,0.0,False,0,1
2025-10-30,A02,9,1218.0,4813.0,False,0,0
2025-10-30,A03,24,398.0,813.0,False,0,0
2025-10-30,A04,5,126.3,0.0,False,0,0
2025-10-30,A05,17,921.0,7011.0,False,0,0
2025-10-30,A06,483,9088.0,5931.0,False,0,2
2025-10-30,A07,50,1135.0,0.0,False,0,0
2025-10-30,A08,11,0.0,334.0,False,11,0
2025-10-30,A09,1,706.0,0.0,False,0,0
2025-10-30,A10,114,6678.0,7964.0,False,0,1
2025-10-30,B01,1,193.9,0.0,False,0,0
2025-10-30,B02,3,1950.0,0.0,False,0,0
2025-10-30,B03,6,1028.0,0.0,False,0,0
2025-10-30,B04,0,768.0,0.0,False,0,0
2025-10-30,B05,1,186.0,0.0,False,0,0
2025-10-30,B06,25,912.0,0.0,False,0,0
2025-10-30,B07,14,7278.0,0.0,False,0,1
2025-10-30,B08,1,0.0,2016.0,False,1,0
2025-10-30,B09,34,529.0,0.0,False,0,0
2025-10-30,B10,1,149.0,0.0,False,0,0
2025-10-30,B11,17,238.0,949.0,False,0,0
2025-10-30,B12,20,378.0,1064.0,False,0,0
2025-10-30,C01,0,59.0,0.0,False,0,0
2025-10-30,C02,7,562.5,0.0,False,0,0
2025-10-30,C03,1,43.0,0.0,False,0,0
2025-10-30,C04,0,354.0,0.0,False,0,0
2025-10-30,C05,3,383.0,0.0,False,0,0
2025-10-30,C06,4,492.0,0.0,False,0,0
2025-10-30,C07,0,520.0,0.0,False,0,0
2025-10-30,C08,0,45.0,0.0,False,0,0
2025-10-31,A01,71,2509.0,0.0,False,0,1
2025-10-31,A02,73,1145.0,4813.0,False,0,0
2025-10-31,A03,26,372.0,813.0,False,0,0
2025-10-31,A04,1,133.0,0.0,False,0,0
2025-10-31,A05,554,367.0,7011.0,False,0,0
2025-10-31,A06,75,9011.0,5931.0,False,0,2
2025-10-31,A07,2,1133.0,0.0,False,0,0
2025-10-31,A08,0,0.0,334.0,False,0,0
2025-10-31,A09,4,702.0,0.0,False,0,0
2025-10-31,A10,24,6653.0,7964.0,False,0,1
2025-10-31,B01,4,173.0,0.0,False,0,0
2025-10-31,B02,2,1948.0,0.0,False,0,0
2025-10-31,B03,2,1026.0,0.0,False,0,0
2025-10-31,B04,7,761.0,0.0,False,0,0
2025-10-31,B05,1,185.0,0.0,False,0,0
2025-10-31,B06,14,898.0,0.0,False,0,0
2025-10-31,B07,28,7249.0,0.0,False,0,1
2025-10-31,B08,2,0.0,2016.0,False,2,0
2025-10-31,B09,0,529.0,0.0,False,0,0
2025-10-31,B10,5,144.0,0.0,False,0,0
2025-10-31,B11,44,194.0,949.0,False,0,0
2025-10-31,B12,15,363.0,1064.0,False,0,0
2025-10-31,C01,1,58.0,0.0,False,0,0
2025-10-31,C02,0,508.0,0.0,False,0,0
2025-10-31,C03,0,43.0,0.0,False,0,0
2025-10-31,C04,4,350.0,0.0,False,0,0
2025-10-31,C05,0,383.0,0.0,False,0,0
2025-10-31,C06,2,490.0,0.0,False,0,0
2025-10-31,C07,1,519.0,0.0,False,0,0
2025-10-31,C08,0,45.0,0.0,False,0,0
2025-11-01,A01,48,2508.0,0.0,False,0,1
2025-11-01,A02,104,1041.0,4813.0,False,0,0
2025-11-01,A03,18,1167.0,0.0,False,0,0
2025-11-01,A04,0,133.0,0.0,False,0,0
2025-11-01,A05,139,228.0,7011.0,False,0,0
2025-11-01,A06,30,8520.2,5931.0,False,0,2
2025-11-01,A07,11,1122.0,0.0,False,0,0
2025-11-01,A08,0,0.0,334.0,False,0,0
2025-11-01,A09,1,689.8,0.0,False,0,0
2025-11-01,A10,297,6355.0,7964.0,False,0,1
2025-11-01,B01,3,170.0,0.0,False,0,0
2025-11-01,B02,4,1766.3,0.0,False,0,0
2025-11-01,B03,3,1023.0,0.0,False,0,0
2025-11-01,B04,2,759.0,0.0,False,0,0
2025-11-01,B05,0,185.4,0.0,False,0,0
2025-11-01,B06,2,929.1,0.0,False,0,0
2025-11-01,B07,8,7240.0,0.0,False,0,1
2025-11-01,B08,7,0.0,2016.0,False,7,0
2025-11-01,B09,23,506.0,0.0,False,0,0
2025-11-01,B10,2,142.0,0.0,False,0,0
2025-11-01,B11,8,186.0,949.0,False,0,0
2025-11-01,B12,20,343.0,1064.0,False,0,0
2025-11-01,C01,1,57.0,0.0,False,0,0
2025-11-01,C02,2,506.0,0.0,False,0,0
2025-11-01,C03,0,43.0,0.0,False,0,0
2025-11-01,C04,3,347.0,0.0,False,0,0
2025-11-01,C05,4,377.8,0.0,False,0,0
2025-11-01,C06,0,490.0,0.0,False,0,0
2025-11-01,C07,1,518.0,0.0,False,0,0
2025-11-01,C08,1,44.0,0.0,False,0,0
2025-11-02,A01,160,2300.0,0.0,False,0,0
2025-11-02,A02,114,927.0,4813.0,False,0,0
2025-11-02,A03,36,1085.2,0.0,False,0,0
2025-11-02,A04,16,117.0,0.0,False,0,0
2025-11-02,A05,25,203.0,7011.0,False,0,0
2025-11-02,A06,275,9354.3,5931.0,False,0,2
2025-11-02,A07,1,1121.0,0.0,False,0,0
2025-11-02,A08,0,0.0,334.0,False,0,0
2025-11-02,A09,1,777.9,0.0,False,0,0
2025-11-02,A10,35,6319.0,7964.0,False,0,1
2025-11-02,B01,5,165.0,0.0,False,0,0
2025-11-02,B02,2,1942.0,0.0,False,0,0
2025-11-02,B03,0,1023.0,0.0,False,0,0
2025-11-02,B04,0,759.0,0.0,False,0,0
2025-11-02,B05,3,182.0,0.0,False,0,0
2025-11-02,B06,58,838.0,0.0,False,0,0
2025-11-02,B07,24,7215.0,0.0,False,0,1
2025-11-02,B08,7,0.0,2016.0,False,7,0
2025-11-02,B09,1,505.0,0.0,False,0,0
2025-11-02,B10,2,140.0,0.0,False,0,0
2025-11-02,B11,0,186.0,949.0,False,0,0
2025-11-02,B12,105,1302.0,0.0,False,0,0
2025-11-02,C01,0,57.0,0.0,False,0,0
2025-11-02,C02,0,506.0,0.0,False,0,0
2025-11-02,C03,1,42.0,0.0,False,0,0
2025-11-02,C04,1,346.0,0.0,False,0,0
2025-11-02,C05,0,380.9,0.0,False,0,0
2025-11-02,C06,4,486.0,0.0,False,0,0
2025-11-02,C07,10,500.5,0.0,False,0,0
2025-11-02,C08,0,44.0,0.0,False,0,0
2025-11-03,A01,15,2285.0,0.0,False,0,0
2025-11-03,A02,38,889.0,4813.0,False,0,0
2025-11-03,A03,18,1113.0,0.0,False,0,0
2025-11-03,A04,0,117.0,0.0,False,0,0
2025-11-03,A05,163,39.2,7011.0,False,0,0
2025-11-03,A06,23,8677.0,5931.0,False,0,2
2025-11-03,A07,73,1048.0,0.0,False,0,0
2025-11-03,A08,3,0.0,334.0,False,3,0
2025-11-03,A09,0,633.0,0.0,False,0,0
2025-11-03,A10,226,6092.0,7964.0,False,0,1
2025-11-03,B01,2,163.0,0.0,False,0,0
2025-11-03,B02,0,1942.0,0.0,False,0,0
2025-11-03,B03,5,1018.0,0.0,False,0,0
2025-11-03,B04,1,758.0,0.0,False,0,0
2025-11-03,B05,0,182.0,0.0,False,0,0
2025-11-03,B06,10,904.7,0.0,False,0,0
2025-11-03,B07,118,7096.0,0.0,False,0,1
2025-11-03,B08,25,0.0,2016.0,False,25,0
2025-11-03,B09,13,492.0,671.0,True,0,0
2025-11-03,B10,1,139.0,0.0,False,0,0
2025-11-03,B11,18,168.0,949.0,False,0,0
2025-11-03,B12,12,1290.0,0.0,False,0,0
2025-11-03,C01,0,57.0,0.0,False,0,0
2025-11-03,C02,1,567.3,0.0,False,0,0
2025-11-03,C03,0,43.9,0.0,False,0,0
2025-11-03,C04,13,333.0,0.0,False,0,0
2025-11-03,C05,0,379.0,0.0,False,0,0
2025-11-03,C06,11,475.0,0.0,False,0,0
2025-11-03,C07,7,501.0,0.0,False,0,0
2025-11-03,C08,1,43.0,0.0,False,0,0
2025-11-04,A01,4,2281.0,0.0,False,0,0
2025-11-04,A02,228,661.0,4813.0,False,0,0
2025-11-04,A03,4,1109.0,0.0,False,0,0
2025-11-04,A04,0,117.0,0.0,False,0,0
2025-11-04,A05,248,0.0,7011.0,False,208,0
2025-11-04,A06,317,8358.0,5931.0,False,0,2
2025-11-04,A07,7,1041.0,0.0,False,0,0
2025-11-04,A08,32,0.0,334.0,False,32,0
2025-11-04,A09,9,691.0,0.0,False,0,0
2025-11-04,A10,137,6191.7,7964.0,False,0,1
2025-11-04,B01,0,141.1,367.0,True,0,0
2025-11-04,B02,4,1938.0,0.0,False,0,0
2025-11-04,B03,0,1018.0,0.0,False,0,0
2025-11-04,B04,1,757.0,0.0,False,0,0
2025-11-04,B05,0,182.0,0.0,False,0,0
2025-11-04,B06,3,883.4,0.0,False,0,0
2025-11-04,B07,45,7050.0,0.0,False,0,1
2025-11-04,B08,5,0.0,2016.0,False,5,0
2025-11-04,B09,23,469.0,671.0,False,0,0
2025-11-04,B10,6,133.0,0.0,False,0,0
2025-11-04,B11,16,152.0,949.0,False,0,0
2025-11-04,B12,37,1253.0,0.0,False,0,0
2025-11-04,C01,0,57.0,0.0,False,0,0
2025-11-04,C02,25,480.0,0.0,False,0,0
2025-11-04,C03,1,41.0,0.0,False,0,0
2025-11-04,C04,9,308.8,0.0,False,0,0
2025-11-04,C05,0,379.0,0.0,False,0,0
2025-11-04,C06,8,467.0,0.0,False,0,0
2025-11-04,C07,3,498.0,0.0,False,0,0
2025-11-04,C08,0,43.0,0.0,False,0,0
2025-11-05,A01,62,2219.0,0.0,False,0,0
2025-11-05,A02,336,320.5,4813.0,False,0,0
2025-11-05,A03,40,1012.4,0.0,False,0,0
2025-11-05,A04,1,116.0,0.0,False,0,0
2025-11-05,A05,1,0.0,7011.0,False,1,0
2025-11-05,A06,1,8355.0,5931.0,False,0,2
2025-11-05,A07,7,1034.0,0.0,False,0,0
2025-11-05,A08,1,0.0,334.0,False,1,0
2025-11-05,A09,14,677.0,0.0,False,0,0
2025-11-05,A10,489,5464.0,7964.0,False,0,1
2025-11-05,B01,4,159.0,367.0,False,0,0
2025-11-05,B02,38,1900.0,0.0,False,0,0
2025-11-05,B03,4,1014.0,0.0,False,0,0
2025-11-05,B04,4,753.0,0.0,False,0,0
2025-11-05,B05,0,182.0,0.0,False,0,0
2025-11-05,B06,3,822.0,0.0,False,0,0
2025-11-05,B07,70,6979.0,0.0,False,0,1
2025-11-05,B08,5,0.0,2016.0,False,5,0
2025-11-05,B09,5,464.0,671.0,False,0,0
2025-11-05,B10,4,129.0,0.0,False,0,0
2025-11-05,B11,31,121.0,949.0,False,0,0
2025-11-05,B12,5,1248.0,0.0,False,0,0
2025-11-05,C01,0,57.0,0.0,False,0,0
2025-11-05,C02,7,537.7,0.0,False,0,0
2025-11-05,C03,0,37.7,0.0,False,0,0
2025-11-05,C04,4,310.5,0.0,False,0,0
2025-11-05,C05,2,377.0,0.0,False,0,0
2025-11-05,C06,1,466.0,0.0,False,0,0
2025-11-05,C07,0,498.0,0.0,False,0,0
2025-11-05,C08,1,42.0,0.0,False,0,0
2025-11-06,A01,1,2082.4,0.0,False,0,0
2025-11-06,A02,15,310.0,4813.0,False,0,0
2025-11-06,A03,12,1057.0,0.0,False,0,0
2025-11-06,A04,1,115.0,0.0,False,0,0
2025-11-06,A05,12,0.0,7011.0,False,12,0
2025-11-06,A06,11,8342.0,5931.0,False,0,2
2025-11-06,A07,12,1022.0,0.0,False,0,0
2025-11-06,A08,13,0.0,334.0,False,13,0
2025-11-06,A09,0,677.0,0.0,False,0,0
2025-11-06,A10,81,5382.0,7964.0,False,0,1
2025-11-06,B01,0,159.0,367.0,False,0,0
2025-11-06,B02,0,1900.0,0.0,False,0,0
2025-11-06,B03,6,1008.0,0.0,False,0,0
2025-11-06,B04,4,749.0,0.0,False,0,0
2025-11-06,B05,0,175.7,0.0,False,0,0
2025-11-06,B06,44,778.0,0.0,False,0,0
2025-11-06,B07,42,6936.0,0.0,False,0,1
2025-11-06,B08,82,0.0,2016.0,False,82,0
2025-11-06,B09,9,455.0,671.0,False,0,0
2025-11-06,B10,9,120.0,0.0,False,0,0
2025-11-06,B11,4,117.0,949.0,False,0,0
2025-11-06,B12,77,1171.0,0.0,False,0,0
2025-11-06,C01,0,65.5,0.0,False,0,0
2025-11-06,C02,2,424.5,0.0,False,0,0
2025-11-06,C03,0,35.7,0.0,False,0,0
2025-11-06,C04,2,318.0,0.0,False,0,0
2025-11-06,C05,1,417.1,0.0,False,0,0
2025-11-06,C06,3,445.2,0.0,False,0,0
2025-11-06,C07,0,498.0,0.0,False,0,0
2025-11-06,C08,0,42.0,0.0,False,0,0
2025-11-07,A01,8,2210.0,0.0,False,0,0
2025-11-07,A02,111,199.0,4813.0,False,0,0
2025-11-07,A03,17,1040.0,0.0,False,0,0
2025-11-07,A04,1,114.0,0.0,False,0,0
2025-11-07,A05,64,0.0,7011.0,False,64,0
2025-11-07,A06,516,13754.0,0.0,False,0,3
2025-11-07,A07,3,935.5,780.0,True,0,0
2025-11-07,A08,25,0.0,334.0,False,25,0
2025-11-07,A09,6,671.0,0.0,False,0,0
2025-11-07,A10,321,5215.9,7964.0,False,0,1
2025-11-07,B01,1,158.0,367.0,False,0,0
2025-11-07,B02,4,1896.0,0.0,False,0,0
2025-11-07,B03,19,989.0,0.0,False,0,0
2025-11-07,B04,8,741.0,0.0,False,0,0
2025-11-07,B05,0,182.0,0.0,False,0,0
2025-11-07,B06,0,778.0,0.0,False,0,0
2025-11-07,B07,320,6615.0,0.0,False,0,1
2025-11-07,B08,13,0.0,2016.0,False,13,0
2025-11-07,B09,2,453.0,671.0,False,0,0
2025-11-07,B10,0,120.0,0.0,False,0,0
2025-11-07,B11,8,109.0,949.0,False,0,0
2025-11-07,B12,3,1168.0,0.0,False,0,0
2025-11-07,C01,2,55.0,24.0,True,0,0
2025-11-07,C02,5,466.0,0.0,False,0,0
2025-11-07,C03,0,41.0,0.0,False,0,0
2025-11-07,C04,2,316.0,0.0,False,0,0
2025-11-07,C05,0,389.3,0.0,False,0,0
2025-11-07,C06,3,460.0,0.0,False,0,0
2025-11-07,C07,5,493.0,0.0,False,0,0
2025-11-07,C08,5,37.0,0.0,False,0,0
2025-11-08,A01,2,2208.0,0.0,False,0,0
2025-11-08,A02,2,2656.0,2353.0,False,0,1
2025-11-08,A03,22,1018.0,0.0,False,0,0
2025-11-08,A04,0,114.0,0.0,False,0,0
2025-11-08,A05,2,0.0,7011.0,False,2,0
2025-11-08,A06,67,13684.0,0.0,False,0,3
2025-11-08,A07,1,1018.0,780.0,False,0,0
2025-11-08,A08,4,0.0,334.0,False,4,0
2025-11-08,A09,32,639.0,0.0,False,0,0
2025-11-08,A10,55,5004.0,7964.0,False,0,1
2025-11-08,B01,0,158.0,367.0,False,0,0
2025-11-08,B02,4,1892.0,0.0,False,0,0
2025-11-08,B03,0,989.0,0.0,False,0,0
2025-11-08,B04,4,737.0,0.0,False,0,0
2025-11-08,B05,0,182.0,0.0,False,0,0
2025-11-08,B06,24,754.0,0.0,False,0,0
2025-11-08,B07,50,6564.0,0.0,False,0,1
2025-11-08,B08,1,0.0,2016.0,False,1,0
2025-11-08,B09,7,437.7,671.0,False,0,0
2025-11-08,B10,6,114.0,0.0,False,0,0
2025-11-08,B11,0,109.0,949.0,False,0,0
2025-11-08,B12,6,1162.0,0.0,False,0,0
2025-11-08,C01,0,55.0,24.0,False,0,0
2025-11-08,C02,3,463.0,0.0,False,0,0
2025-11-08,C03,0,41.1,0.0,False,0,0
2025-11-08,C04,0,332.1,0.0,False,0,0
2025-11-08,C05,1,375.0,0.0,False,0,0
2025-11-08,C06,0,460.0,0.0,False,0,0
2025-11-08,C07,0,493.0,0.0,False,0,0
2025-11-08,C08,0,37.0,0.0,False,0,0
2025-11-09,A01,2,2206.0,0.0,False,0,0
2025-11-09,A02,106,2549.0,2353.0,False,0,1
2025-11-09,A03,47,971.0,0.0,False,0,0
2025-11-09,A04,0,114.0,0.0,False,0,0
2025-11-09,A05,37,0.0,7011.0,False,37,0
2025-11-09,A06,209,13472.0,0.0,False,0,3
2025-11-09,A07,2,965.9,780.0,False,0,0
2025-11-09,A08,10,324.0,0.0,False,0,0
2025-11-09,A09,4,635.0,0.0,False,0,0
2025-11-09,A10,59,12906.0,0.0,False,0,3
2025-11-09,B01,0,158.0,367.0,False,0,0
2025-11-09,B02,14,1878.0,0.0,False,0,0
2025-11-09,B03,0,989.0,0.0,False,0,0
2025-11-09,B04,3,801.4,0.0,False,0,0
2025-11-09,B05,0,207.5,0.0,False,0,0
2025-11-09,B06,0,754.0,0.0,False,0,0
2025-11-09,B07,9,6554.0,0.0,False,0,1
2025-11-09,B08,35,0.0,2016.0,False,35,0
2025-11-09,B09,3,443.0,671.0,False,0,0
2025-11-09,B10,0,114.0,0.0,False,0,0
2025-11-09,B11,4,105.0,949.0,False,0,0
2025-11-09,B12,2,1160.0,0.0,False,0,0
2025-11-09,C01,0,55.0,24.0,False,0,0
2025-11-09,C02,1,462.0,0.0,False,0,0
2025-11-09,C03,0,41.0,0.0,False,0,0
2025-11-09,C04,1,315.0,0.0,False,0,0
2025-11-09,C05,1,374.0,0.0,False,0,0
2025-11-09,C06,0,460.0,0.0,False,0,0
2025-11-09,C07,0,493.0,0.0,False,0,0
2025-11-09,C08,0,37.0,0.0,False,0,0
2025-11-10,A01,31,2175.0,0.0,False,0,0
2025-11-10,A02,28,2520.0,2353.0,False,0,1
2025-11-10,A03,4,967.0,0.0,False,0,0
2025-11-10,A04,2,112.0,537.0,True,0,0
2025-11-10,A05,42,0.0,7011.0,False,42,0
2025-11-10,A06,165,13304.0,0.0,False,0,3
2025-11-10,A07,2,1014.0,780.0,False,0,0
2025-11-10,A08,23,345.6,0.0,False,0,0
2025-11-10,A09,5,630.0,0.0,False,0,0
2025-11-10,A10,579,12324.0,0.0,False,0,3
2025-11-10,B01,1,157.0,367.0,False,0,0
2025-11-10,B02,27,1851.0,0.0,False,0,0
2025-11-10,B03,16,973.0,0.0,False,0,0
2025-11-10,B04,4,730.0,0.0,False,0,0
2025-11-10,B05,0,182.0,0.0,False,0,0
2025-11-10,B06,25,729.0,0.0,False,0,0
2025-11-10,B07,65,6488.0,0.0,False,0,1
2025-11-10,B08,36,0.0,2016.0,False,36,0
2025-11-10,B09,15,391.4,671.0,False,0,0
2025-11-10,B10,7,107.0,0.0,False,0,0
2025-11-10,B11,9,96.0,949.0,False,0,0
2025-11-10,B12,44,1116.0,0.0,False,0,0
2025-11-10,C01,0,55.9,24.0,False,0,0
2025-11-10,C02,1,461.0,0.0,False,0,0
2025-11-10,C03,0,41.0,0.0,False,0,0
2025-11-10,C04,8,307.0,0.0,False,0,0
2025-11-10,C05,0,374.0,0.0,False,0,0
2025-11-10,C06,0,460.0,0.0,False,0,0
2025-11-10,C07,0,493.0,0.0,False,0,0
2025-11-10,C08,1,36.0,0.0,False,0,0
2025-11-11,A01,190,1985.0,0.0,False,0,0
2025-11-11,A02,20,2499.0,2353.0,False,0,1
2025-11-11,A03,1,966.0,0.0,False,0,0
2025-11-11,A04,2,110.0,537.0,False,0,0
2025-11-11,A05,66,0.0,7011.0,False,66,0
2025-11-11,A06,20,13281.0,0.0,False,0,3
2025-11-11,A07,1,1013.0,780.0,False,0,0
2025-11-11,A08,14,287.0,0.0,False,0,0
2025-11-11,A09,7,623.0,0.0,False,0,0
2025-11-11,A10,2,12319.0,0.0,False,0,3
2025-11-11,B01,2,155.0,367.0,False,0,0
2025-11-11,B02,19,1832.0,0.0,False,0,0
2025-11-11,B03,29,944.0,0.0,False,0,0
2025-11-11,B04,4,726.0,0.0,False,0,0
2025-11-11,B05,2,180.0,0.0,False,0,0
2025-11-11,B06,1,728.0,0.0,False,0,0
2025-11-11,B07,37,6450.0,0.0,False,0,1
2025-11-11,B08,0,0.0,2016.0,False,0,0
2025-11-11,B09,1,427.0,671.0,False,0,0
2025-11-11,B10,2,105.0,0.0,False,0,0
2025-11-11,B11,1,81.1,949.0,False,0,0
2025-11-11,B12,0,1116.0,0.0,False,0,0
2025-11-11,C01,1,54.0,24.0,False,0,0
2025-11-11,C02,6,455.0,0.0,False,0,0
2025-11-11,C03,0,41.0,0.0,False,0,0
2025-11-11,C04,0,307.0,0.0,False,0,0
2025-11-11,C05,3,371.0,0.0,False,0,0
2025-11-11,C06,1,491.3,0.0,False,0,0
2025-11-11,C07,0,493.0,0.0,False,0,0
2025-11-11,C08,1,35.0,0.0,False,0,0
2025-11-12,A01,190,1795.0,1208.0,True,0,0
2025-11-12,A02,51,2447.0,2353.0,False,0,1
2025-11-12,A03,0,966.0,0.0,False,0,0
2025-11-12,A04,0,110.0,537.0,False,0,0
2025-11-12,A05,3,0.0,7011.0,False,3,0
2025-11-12,A06,75,13203.0,0.0,False,0,3
2025-11-12,A07,4,1009.0,780.0,False,0,0
2025-11-12,A08,18,269.0,0.0,False,0,0
2025-11-12,A09,5,618.0,0.0,False,0,0
2025-11-12,A10,27,12289.0,0.0,False,0,3
2025-11-12,B01,3,159.5,367.0,False,0,0
2025-11-12,B02,6,1826.0,0.0,False,0,0
2025-11-12,B03,1,943.0,0.0,False,0,0
2025-11-12,B04,0,726.0,0.0,False,0,0
2025-11-12,B05,5,175.0,0.0,False,0,0
2025-11-12,B06,3,725.0,0.0,False,0,0
2025-11-12,B07,67,6382.0,0.0,False,0,1
2025-11-12,B08,20,0.0,2016.0,False,20,0
2025-11-12,B09,16,411.0,671.0,False,0,0
2025-11-12,B10,5,85.3,0.0,False,0,0
2025-11-12,B11,6,89.0,949.0,False,0,0
2025-11-12,B12,4,1112.0,0.0,False,0,0
2025-11-12,C01,0,54.0,24.0,False,0,0
2025-11-12,C02,5,450.0,0.0,False,0,0
2025-11-12,C03,0,41.0,0.0,False,0,0
2025-11-12,C04,10,297.0,0.0,False,0,0
2025-11-12,C05,0,368.0,0.0,False,0,0
2025-11-12,C06,0,459.0,0.0,False,0,0
2025-11-12,C07,2,554.6,0.0,False,0,0
2025-11-12,C08,0,35.0,0.0,False,0,0
2025-11-13,A01,30,1765.0,1208.0,False,0,0
2025-11-13,A02,71,2376.0,2353.0,False,0,0
2025-11-13,A03,23,943.0,0.0,False,0,0
2025-11-13,A04,0,103.5,537.0,False,0,0
2025-11-13,A05,54,0.0,7011.0,False,54,0
2025-11-13,A06,61,13139.0,0.0,False,0,3
2025-11-13,A07,4,1005.0,780.0,False,0,0
2025-11-13,A08,0,269.0,0.0,False,0,0
2025-11-13,A09,3,615.0,0.0,False,0,0
2025-11-13,A10,34,12252.0,0.0,False,0,3
2025-11-13,B01,1,166.3,367.0,False,0,0
2025-11-13,B02,3,1823.0,0.0,False,0,0
2025-11-13,B03,1,942.0,0.0,False,0,0
2025-11-13,B04,11,617.3,0.0,False,0,0
2025-11-13,B05,0,158.1,0.0,False,0,0
2025-11-13,B06,24,701.0,0.0,False,0,0
2025-11-13,B07,27,6354.0,0.0,False,0,1
2025-11-13,B08,2,0.0,2016.0,False,2,0
2025-11-13,B09,10,360.6,671.0,False,0,0
2025-11-13,B10,2,108.0,0.0,False,0,0
2025-11-13,B11,5,84.0,949.0,False,0,0
2025-11-13,B12,34,1078.0,0.0,False,0,0
2025-11-13,C01,1,53.0,24.0,False,0,0
2025-11-13,C02,2,448.0,0.0,False,0,0
2025-11-13,C03,1,40.0,0.0,False,0,0
2025-11-13,C04,4,293.0,0.0,False,0,0
2025-11-13,C05,7,364.0,0.0,False,0,0
2025-11-13,C06,0,459.0,0.0,False,0,0
2025-11-13,C07,1,490.0,0.0,False,0,0
2025-11-13,C08,0,35.0,0.0,False,0,0
2025-11-14,A01,14,1751.0,1208.0,False,0,0
2025-11-14,A02,6,2370.0,2353.0,False,0,0
2025-11-14,A03,31,912.0,0.0,False,0,0
2025-11-14,A04,2,108.0,537.0,False,0,0
2025-11-14,A05,15,0.0,7011.0,False,15,0
2025-11-14,A06,130,13006.0,0.0,False,0,3
2025-11-14,A07,4,1038.2,780.0,False,0,0
2025-11-14,A08,5,264.0,0.0,False,0,0
2025-11-14,A09,3,612.0,0.0,False,0,0
2025-11-14,A10,24,12225.0,0.0,False,0,3
2025-11-14,B01,19,132.0,367.0,False,0,0
2025-11-14,B02,1,1906.4,0.0,False,0,0
2025-11-14,B03,3,939.0,0.0,False,0,0
2025-11-14,B04,0,715.0,0.0,False,0,0
2025-11-14,B05,1,174.0,0.0,False,0,0
2025-11-14,B06,18,683.0,0.0,False,0,0
2025-11-14,B07,37,6316.0,0.0,False,0,1
2025-11-14,B08,28,0.0,2016.0,False,28,0
2025-11-14,B09,0,401.0,671.0,False,0,0
2025-11-14,B10,6,92.0,0.0,False,0,0
2025-11-14,B11,8,76.0,949.0,False,0,0
2025-11-14,B12,38,1040.0,0.0,False,0,0
2025-11-14,C01,0,52.4,24.0,False,0,0
2025-11-14,C02,1,447.0,0.0,False,0,0
2025-11-14,C03,0,40.0,0.0,False,0,0
2025-11-14,C04,1,292.0,0.0,False,0,0
2025-11-14,C05,0,364.0,0.0,False,0,0
2025-11-14,C06,3,465.0,0.0,False,0,0
2025-11-14,C07,1,489.0,0.0,False,0,0
2025-11-14,C08,0,35.0,0.0,False,0,0
2025-11-15,A01,12,1739.0,1208.0,False,0,0
2025-11-15,A02,33,2337.0,2353.0,False,0,0
2025-11-15,A03,0,912.0,0.0,False,0,0
2025-11-15,A04,0,108.0,537.0,False,0,0
2025-11-15,A05,31,0.0,7011.0,False,31,0
2025-11-15,A06,213,12790.0,0.0,False,0,3
2025-11-15,A07,21,980.0,780.0,False,0,0
2025-11-15,A08,11,253.0,0.0,False,0,0
2025-11-15,A09,5,607.0,0.0,False,0,0
2025-11-15,A10,76,12147.0,0.0,False,0,2
2025-11-15,B01,12,120.0,367.0,False,0,0
2025-11-15,B02,18,1597.3,0.0,False,0,0
2025-11-15,B03,0,939.0,0.0,False,0,0
2025-11-15,B04,11,704.0,0.0,False,0,0
2025-11-15,B05,2,172.0,0.0,False,0,0
2025-11-15,B06,55,628.0,0.0,False,0,0
2025-11-15,B07,124,6191.0,0.0,False,0,1
2025-11-15,B08,8,0.0,2016.0,False,8,0
2025-11-15,B09,16,385.0,671.0,False,0,0
2025-11-15,B10,0,91.3,0.0,False,0,0
2025-11-15,B11,3,66.2,949.0,False,0,0
2025-11-15,B12,2,903.8,1171.0,True,0,0
2025-11-15,C01,0,53.0,24.0,False,0,0
2025-11-15,C02,6,441.0,0.0,False,0,0
2025-11-15,C03,2,38.0,0.0,False,0,0
2025-11-15,C04,4,245.1,0.0,False,0,0
2025-11-15,C05,2,362.0,0.0,False,0,0
2025-11-15,C06,1,455.0,0.0,False,0,0
2025-11-15,C07,1,488.0,0.0,False,0,0
2025-11-15,C08,0,35.0,0.0,False,0,0
2025-11-16,A01,55,1684.0,1208.0,False,0,0
2025-11-16,A02,237,2100.0,2353.0,False,0,0
2025-11-16,A03,0,912.0,0.0,False,0,0
2025-11-16,A04,7,101.0,537.0,False,0,0
2025-11-16,A05,42,0.0,7011.0,False,42,0
2025-11-16,A06,223,12564.0,0.0,False,0,3
2025-11-16,A07,0,980.0,780.0,False,0,0
2025-11-16,A08,22,231.0,0.0,False,0,0
2025-11-16,A09,1,606.0,0.0,False,0,0
2025-11-16,A10,72,12073.0,0.0,False,0,2
2025-11-16,B01,4,116.0,367.0,False,0,0
2025-11-16,B02,0,1804.0,0.0,False,0,0
2025-11-16,B03,3,936.0,0.0,False,0,0
2025-11-16,B04,9,695.0,0.0,False,0,0
2025-11-16,B05,1,171.0,0.0,False,0,0
2025-11-16,B06,31,597.0,0.0,False,0,0
2025-11-16,B07,75,5516.9,0.0,False,0,1
2025-11-16,B08,18,0.0,2016.0,False,18,0
2025-11-16,B09,1,384.0,671.0,False,0,0
2025-11-16,B10,8,84.0,0.0,False,0,0
2025-11-16,B11,0,73.0,949.0,False,0,0
2025-11-16,B12,27,1011.0,1171.0,False,0,0
2025-11-16,C01,1,52.0,24.0,False,0,0
2025-11-16,C02,10,431.0,0.0,False,0,0
2025-11-16,C03,1,41.4,0.0,False,0,0
2025-11-16,C04,4,284.0,0.0,False,0,0
2025-11-16,C05,0,362.0,0.0,False,0,0
2025-11-16,C06,2,453.0,0.0,False,0,0
2025-11-16,C07,0,488.0,0.0,False,0,0
2025-11-16,C08,0,35.0,0.0,False,0,0
2025-11-17,A01,95,1589.0,1208.0,False,0,0
2025-11-17,A02,39,2061.0,2353.0,False,0,0
2025-11-17,A03,13,842.5,0.0,False,0,0
2025-11-17,A04,3,90.4,537.0,False,0,0
2025-11-17,A05,77,0.0,7011.0,False,77,0
2025-11-17,A06,6,12555.0,0.0,False,0,3
2025-11-17,A07,68,912.0,780.0,False,0,0
2025-11-17,A08,7,224.0,0.0,False,0,0
2025-11-17,A09,13,593.0,0.0,False,0,0
2025-11-17,A10,7,12064.0,0.0,False,0,2
2025-11-17,B01,7,109.0,367.0,False,0,0
2025-11-17,B02,15,1789.0,0.0,False,0,0
2025-11-17,B03,63,873.0,0.0,False,0,0
2025-11-17,B04,2,693.0,0.0,False,0,0
2025-11-17,B05,0,171.0,0.0,False,0,0
2025-11-17,B06,57,540.0,0.0,False,0,0
2025-11-17,B07,51,6063.0,0.0,False,0,1
2025-11-17,B08,0,0.0,2016.0,False,0,0
2025-11-17,B09,0,384.0,671.0,False,0,0
2025-11-17,B10,0,84.0,0.0,False,0,0
2025-11-17,B11,22,51.0,949.0,False,0,0
2025-11-17,B12,8,1003.0,1171.0,False,0,0
2025-11-17,C01,0,52.0,24.0,False,0,0
2025-11-17,C02,8,461.2,0.0,False,0,0
2025-11-17,C03,0,37.0,0.0,False,0,0
2025-11-17,C04,1,283.0,0.0,False,0,0
2025-11-17,C05,1,349.4,0.0,False,0,0
2025-11-17,C06,0,453.0,0.0,False,0,0
2025-11-17,C07,8,480.0,0.0,False,0,0
2025-11-17,C08,0,35.0,0.0,False,0,0
2025-11-18,A01,27,1562.0,1208.0,False,0,0
2025-11-18,A02,14,2047.0,2353.0,False,0,0
2025-11-18,A03,3,762.4,0.0,False,0,0
2025-11-18,A04,2,96.0,537.0,False,0,0
2025-11-18,A05,25,0.0,7011.0,False,25,0
2025-11-18,A06,102,12450.0,0.0,False,0,3
2025-11-18,A07,17,869.4,780.0,False,0,0
2025-11-18,A08,3,221.0,0.0,False,0,0
2025-11-18,A09,1,592.0,0.0,False,0,0
2025-11-18,A10,17,11966.0,0.0,False,0,2
2025-11-18,B01,0,109.0,367.0,False,0,0
2025-11-18,B02,0,1789.0,0.0,False,0,0
2025-11-18,B03,0,873.0,0.0,False,0,0
2025-11-18,B04,1,692.0,0.0,False,0,0
2025-11-18,B05,1,170.0,0.0,False,0,0
2025-11-18,B06,0,540.0,0.0,False,0,0
2025-11-18,B07,102,5960.0,0.0,False,0,1
2025-11-18,B08,28,0.0,2016.0,False,28,0
2025-11-18,B09,1,383.0,671.0,False,0,0
2025-11-18,B10,0,84.0,0.0,False,0,0
2025-11-18,B11,21,30.0,949.0,False,0,0
2025-11-18,B12,22,981.0,1171.0,False,0,0
2025-11-18,C01,0,52.0,24.0,False,0,0
2025-11-18,C02,10,413.0,0.0,False,0,0
2025-11-18,C03,0,37.0,0.0,False,0,0
2025-11-18,C04,7,276.0,0.0,False,0,0
2025-11-18,C05,0,361.0,0.0,False,0,0
2025-11-18,C06,13,440.0,0.0,False,0,0
2025-11-18,C07,7,473.0,0.0,False,0,0
2025-11-18,C08,0,35.0,0.0,False,0,0
2025-11-19,A01,35,1527.0,1208.0,False,0,0
2025-11-19,A02,81,1966.0,2353.0,False,0,0
2025-11-19,A03,39,857.0,0.0,False,0,0
2025-11-19,A04,0,96.0,537.0,False,0,0
2025-11-19,A05,40,0.0,7011.0,False,40,0
2025-11-19,A06,28,12419.0,0.0,False,0,3
2025-11-19,A07,2,893.0,780.0,False,0,0
2025-11-19,A08,5,216.0,0.0,False,0,0
2025-11-19,A09,4,588.0,0.0,False,0,0
2025-11-19,A10,0,12043.0,0.0,False,0,2
2025-11-19,B01,2,107.0,367.0,False,0,0
2025-11-19,B02,25,1764.0,0.0,False,0,0
2025-11-19,B03,0,873.0,0.0,False,0,0
2025-11-19,B04,7,685.0,0.0,False,0,0
2025-11-19,B05,3,167.0,0.0,False,0,0
2025-11-19,B06,8,532.0,0.0,False,0,0
2025-11-19,B07,8,5951.0,0.0,False,0,1
2025-11-19,B08,5,0.0,2016.0,False,5,0
2025-11-19,B09,1,382.0,671.0,False,0,0
2025-11-19,B10,1,83.0,0.0,False,0,0
2025-11-19,B11,0,30.0,949.0,False,0,0
2025-11-19,B12,8,973.0,1171.0,False,0,0
2025-11-19,C01,1,51.0,24.0,False,0,0
2025-11-19,C02,4,409.0,0.0,False,0,0
2025-11-19,C03,0,37.0,0.0,False,0,0
2025-11-19,C04,5,271.0,0.0,False,0,0
2025-11-19,C05,1,360.0,0.0,False,0,0
2025-11-19,C06,1,439.0,0.0,False,0,0
2025-11-19,C07,1,472.0,0.0,False,0,0
2025-11-19,C08,2,33.0,0.0,False,0,0
2025-11-20,A01,0,1527.0,1208.0,False,0,0
2025-11-20,A02,36,1930.0,4718.0,True,0,0
2025-11-20,A03,14,843.0,0.0,False,0,0
2025-11-20,A04,1,95.0,537.0,False,0,0
2025-11-20,A05,128,0.0,7011.0,False,128,0
2025-11-20,A06,74,12342.0,0.0,False,0,3
2025-11-20,A07,5,1668.0,0.0,False,0,0
2025-11-20,A08,3,213.0,0.0,False,0,0
2025-11-20,A09,23,606.3,0.0,False,0,0
2025-11-20,A10,20,12021.0,0.0,False,0,2
2025-11-20,B01,4,103.0,367.0,False,0,0
2025-11-20,B02,9,1755.0,0.0,False,0,0
2025-11-20,B03,0,873.0,0.0,False,0,0
2025-11-20,B04,8,677.0,0.0,False,0,0
2025-11-20,B05,0,167.0,0.0,False,0,0
2025-11-20,B06,18,514.0,0.0,False,0,0
2025-11-20,B07,38,5912.0,0.0,False,0,1
2025-11-20,B08,35,0.0,2016.0,False,35,0
2025-11-20,B09,5,407.5,671.0,False,0,0
2025-11-20,B10,0,83.0,0.0,False,0,0
2025-11-20,B11,1,29.0,949.0,False,0,0
2025-11-20,B12,104,869.0,1171.0,False,0,0
2025-11-20,C01,1,50.0,24.0,False,0,0
2025-11-20,C02,13,408.8,0.0,False,0,0
2025-11-20,C03,0,35.2,0.0,False,0,0
2025-11-20,C04,1,270.0,0.0,False,0,0
2025-11-20,C05,1,359.0,0.0,False,0,0
2025-11-20,C06,0,439.0,0.0,False,0,0
2025-11-20,C07,2,470.0,0.0,False,0,0
2025-11-20,C08,0,33.0,0.0,False,0,0
2025-11-21,A01,2,1525.0,1208.0,False,0,0
2025-11-21,A02,200,1847.1,4718.0,False,0,0
2025-11-21,A03,46,773.0,0.0,False,0,0
2025-11-21,A04,5,97.4,537.0,False,0,0
2025-11-21,A05,3,0.0,7011.0,False,3,0
2025-11-21,A06,202,12138.0,0.0,False,0,2
2025-11-21,A07,1,1667.0,0.0,False,0,0
2025-11-21,A08,0,213.0,0.0,False,0,0
2025-11-21,A09,3,562.0,0.0,False,0,0
2025-11-21,A10,40,11979.0,0.0,False,0,2
2025-11-21,B01,2,101.0,367.0,False,0,0
2025-11-21,B02,3,1752.0,0.0,False,0,0
2025-11-21,B03,9,864.0,0.0,False,0,0
2025-11-21,B04,4,673.0,0.0,False,0,0
2025-11-21,B05,1,180.8,0.0,False,0,0
2025-11-21,B06,3,511.0,0.0,False,0,0
2025-11-21,B07,35,5876.0,0.0,False,0,1
2025-11-21,B08,6,0.0,2016.0,False,6,0
2025-11-21,B09,8,364.6,671.0,False,0,0
2025-11-21,B10,3,79.1,0.0,False,0,0
2025-11-21,B11,10,19.0,949.0,False,0,0
2025-11-21,B12,0,942.6,1171.0,False,0,0
2025-11-21,C01,0,74.0,0.0,False,0,0
2025-11-21,C02,1,395.0,0.0,False,0,0
2025-11-21,C03,0,37.7,0.0,False,0,0
2025-11-21,C04,4,266.0,0.0,False,0,0
2025-11-21,C05,0,359.0,0.0,False,0,0
2025-11-21,C06,1,433.4,0.0,False,0,0
2025-11-21,C07,1,493.0,0.0,False,0,0
2025-11-21,C08,2,31.0,0.0,False,0,0
2025-11-22,A01,21,1504.0,1208.0,False,0,0
2025-11-22,A02,21,1464.8,4718.0,False,0,0
2025-11-22,A03,2,795.0,0.0,False,0,0
2025-11-22,A04,5,85.0,537.0,False,0,0
2025-11-22,A05,65,0.0,7011.0,False,65,0
2025-11-22,A06,3,12133.0,0.0,False,0,2
2025-11-22,A07,61,1458.7,0.0,False,0,0
2025-11-22,A08,1,212.0,0.0,False,0,0
2025-11-22,A09,3,559.0,0.0,False,0,0
2025-11-22,A10,392,11585.0,0.0,False,0,2
2025-11-22,B01,1,100.0,367.0,False,0,0
2025-11-22,B02,34,1718.0,0.0,False,0,0
2025-11-22,B03,0,864.0,0.0,False,0,0
2025-11-22,B04,17,731.9,0.0,False,0,0
2025-11-22,B05,0,166.0,0.0,False,0,0
2025-11-22,B06,0,511.0,0.0,False,0,0
2025-11-22,B07,41,5834.0,0.0,False,0,1
2025-11-22,B08,24,0.0,2016.0,False,24,0
2025-11-22,B09,0,369.0,671.0,False,0,0
2025-11-22,B10,0,80.0,0.0,False,0,0
2025-11-22,B11,1,18.0,949.0,False,0,0
2025-11-22,B12,3,866.0,1171.0,False,0,0
2025-11-22,C01,0,74.0,0.0,False,0,0
2025-11-22,C02,0,395.0,0.0,False,0,0
2025-11-22,C03,0,37.0,0.0,False,0,0
2025-11-22,C04,0,266.0,0.0,False,0,0
2025-11-22,C05,0,359.0,0.0,False,0,0
2025-11-22,C06,0,438.0,0.0,False,0,0
2025-11-22,C07,4,461.0,0.0,False,0,0
2025-11-22,C08,0,31.0,0.0,False,0,0
2025-11-23,A01,10,1332.0,1208.0,False,0,0
2025-11-23,A02,0,4061.0,2365.0,False,0,1
2025-11-23,A03,6,789.0,0.0,False,0,0
2025-11-23,A04,1,84.0,537.0,False,0,0
2025-11-23,A05,52,0.0,7011.0,False,52,0
2025-11-23,A06,182,11949.0,0.0,False,0,2
2025-11-23,A07,8,1407.6,0.0,False,0,0
2025-11-23,A08,3,209.0,0.0,False,0,0
2025-11-23,A09,0,559.0,0.0,False,0,0
2025-11-23,A10,228,11355.0,0.0,False,0,2
2025-11-23,B01,3,97.0,367.0,False,0,0
2025-11-23,B02,3,1715.0,0.0,False,0,0
2025-11-23,B03,1,863.0,0.0,False,0,0
2025-11-23,B04,4,652.0,0.0,False,0,0
2025-11-23,B05,1,165.0,0.0,False,0,0
2025-11-23,B06,11,500.0,0.0,False,0,0
2025-11-23,B07,4,5829.0,0.0,False,0,1
2025-11-23,B08,5,0.0,2016.0,False,5,0
2025-11-23,B09,0,369.0,671.0,False,0,0
2025-11-23,B10,1,75.2,0.0,False,0,0
2025-11-23,B11,0,18.0,949.0,False,0,0
2025-11-23,B12,43,823.0,1171.0,False,0,0
2025-11-23,C01,1,73.0,0.0,False,0,0
2025-11-23,C02,2,372.3,0.0,False,0,0
2025-11-23,C03,0,37.0,0.0,False,0,0
2025-11-23,C04,0,266.0,0.0,False,0,0
2025-11-23,C05,0,359.0,0.0,False,0,0
2025-11-23,C06,0,438.0,0.0,False,0,0
2025-11-23,C07,0,465.0,0.0,False,0,0
2025-11-23,C08,0,28.5,0.0,False,0,0
2025-11-24,A01,45,1449.0,1208.0,False,0,0
2025-11-24,A02,90,3970.0,2365.0,False,0,1
2025-11-24,A03,4,785.0,0.0,False,0,0
2025-11-24,A04,0,84.0,537.0,False,0,0
2025-11-24,A05,224,0.0,7011.0,False,224,0
2025-11-24,A06,703,11244.0,0.0,False,0,2
2025-11-24,A07,3,1595.0,0.0,False,0,0
2025-11-24,A08,4,211.7,0.0,False,0,0
2025-11-24,A09,0,559.0,0.0,False,0,0
2025-11-24,A10,238,11115.0,0.0,False,0,2
2025-11-24,B01,3,92.2,367.0,False,0,0
2025-11-24,B02,12,1676.1,0.0,False,0,0
2025-11-24,B03,3,860.0,0.0,False,0,0
2025-11-24,B04,4,648.0,0.0,False,0,0
2025-11-24,B05,1,184.0,0.0,False,0,0
2025-11-24,B06,16,484.0,0.0,False,0,0
2025-11-24,B07,167,5661.0,0.0,False,0,1
2025-11-24,B08,28,0.0,2016.0,False,28,0
2025-11-24,B09,1,413.4,671.0,False,0,0
2025-11-24,B10,1,78.0,0.0,False,0,0
2025-11-24,B11,2,16.0,949.0,False,0,0
2025-11-24,B12,27,796.0,1171.0,False,0,0
2025-11-24,C01,5,68.0,0.0,False,0,0
2025-11-24,C02,6,441.5,0.0,False,0,0
2025-11-24,C03,0,37.0,0.0,False,0,0
2025-11-24,C04,2,264.0,0.0,False,0,0
2025-11-24,C05,0,359.0,0.0,False,0,0
2025-11-24,C06,0,438.0,0.0,False,0,0
2025-11-24,C07,7,420.6,0.0,False,0,0
2025-11-24,C08,0,31.0,0.0,False,0,0
2025-11-25,A01,3,1446.0,1208.0,False,0,0
2025-11-25,A02,84,3885.0,2365.0,False,0,1
2025-11-25,A03,30,755.3,0.0,False,0,0
2025-11-25,A04,0,93.9,537.0,False,0,0
2025-11-25,A05,0,0.0,7011.0,False,0,0
2025-11-25,A06,135,11107.0,0.0,False,0,2
2025-11-25,A07,11,1584.0,0.0,False,0,0
2025-11-25,A08,4,201.0,0.0,False,0,0
2025-11-25,A09,2,557.0,0.0,False,0,0
2025-11-25,A10,105,11008.0,0.0,False,0,2
2025-11-25,B01,5,89.0,367.0,False,0,0
2025-11-25,B02,3,1700.0,0.0,False,0,0
2025-11-25,B03,1,859.0,0.0,False,0,0
2025-11-25,B04,0,648.0,0.0,False,0,0
2025-11-25,B05,0,164.0,0.0,False,0,0
2025-11-25,B06,8,476.0,0.0,False,0,0
2025-11-25,B07,61,5599.0,0.0,False,0,1
2025-11-25,B08,22,0.0,2016.0,False,22,0
2025-11-25,B09,2,366.0,671.0,False,0,0
2025-11-25,B10,6,72.0,0.0,False,0,0
2025-11-25,B11,11,5.0,949.0,False,0,0
2025-11-25,B12,10,786.0,1171.0,False,0,0
2025-11-25,C01,1,67.0,0.0,False,0,0
2025-11-25,C02,0,387.0,0.0,False,0,0
2025-11-25,C03,0,37.0,0.0,False,0,0
2025-11-25,C04,0,264.0,0.0,False,0,0
2025-11-25,C05,0,359.0,0.0,False,0,0
2025-11-25,C06,4,434.0,0.0,False,0,0
2025-11-25,C07,6,452.0,0.0,False,0,0
2025-11-25,C08,0,27.6,0.0,False,0,0
2025-11-26,A01,31,1415.0,1208.0,False,0,0
2025-11-26,A02,103,3781.0,2365.0,False,0,1
2025-11-26,A03,1,754.0,0.0,False,0,0
2025-11-26,A04,0,84.0,537.0,False,0,0
2025-11-26,A05,40,0.0,7011.0,False,40,0
2025-11-26,A06,489,10616.0,6116.0,True,0,2
2025-11-26,A07,28,1556.0,0.0,False,0,0
2025-11-26,A08,26,175.0,0.0,False,0,0
2025-11-26,A09,0,557.0,0.0,False,0,0
2025-11-26,A10,38,10968.0,0.0,False,0,2
2025-11-26,B01,0,89.0,367.0,False,0,0
2025-11-26,B02,11,1689.0,0.0,False,0,0
2025-11-26,B03,25,834.0,0.0,False,0,0
2025-11-26,B04,3,645.0,0.0,False,0,0
2025-11-26,B05,1,163.0,0.0,False,0,0
2025-11-26,B06,17,459.0,0.0,False,0,0
2025-11-26,B07,17,5581.0,0.0,False,0,1
2025-11-26,B08,26,0.0,2016.0,False,26,0
2025-11-26,B09,2,1035.0,0.0,False,0,0
2025-11-26,B10,0,72.0,0.0,False,0,0
2025-11-26,B11,1,4.0,949.0,False,0,0
2025-11-26,B12,25,761.0,1171.0,False,0,0
2025-11-26,C01,0,67.0,0.0,False,0,0
2025-11-26,C02,10,377.0,0.0,False,0,0
2025-11-26,C03,0,37.0,0.0,False,0,0
2025-11-26,C04,3,261.0,0.0,False,0,0
2025-11-26,C05,1,358.0,0.0,False,0,0
2025-11-26,C06,1,433.0,0.0,False,0,0
2025-11-26,C07,0,452.0,0.0,False,0,0
2025-11-26,C08,1,30.0,0.0,False,0,0
2025-11-27,A01,3,1412.0,1208.0,False,0,0
2025-11-27,A02,77,3703.0,2365.0,False,0,1
2025-11-27,A03,12,742.0,0.0,False,0,0
2025-11-27,A04,6,78.0,537.0,False,0,0
2025-11-27,A05,93,0.0,7011.0,False,93,0
2025-11-27,A06,335,10279.0,6116.0,False,0,2
2025-11-27,A07,25,1531.0,0.0,False,0,0
2025-11-27,A08,0,175.0,0.0,False,0,0
2025-11-27,A09,7,550.0,0.0,False,0,0
2025-11-27,A10,145,10821.0,0.0,False,0,2
2025-11-27,B01,3,86.0,367.0,False,0,0
2025-11-27,B02,19,1670.0,0.0,False,0,0
2025-11-27,B03,17,817.0,0.0,False,0,0
2025-11-27,B04,9,636.0,0.0,False,0,0
2025-11-27,B05,4,159.0,0.0,False,0,0
2025-11-27,B06,6,453.0,0.0,False,0,0
2025-11-27,B07,225,5355.0,5012.0,True,0,1
2025-11-27,B08,34,0.0,2016.0,False,34,0
2025-11-27,B09,0,1035.0,0.0,False,0,0
2025-11-27,B10,0,69.4,0.0,False,0,0
2025-11-27,B11,27,0.0,949.0,False,23,0
2025-11-27,B12,0,761.0,1171.0,False,0,0
2025-11-27,C01,0,67.0,0.0,False,0,0
2025-11-27,C02,4,373.0,0.0,False,0,0
2025-11-27,C03,0,37.0,0.0,False,0,0
2025-11-27,C04,6,255.0,0.0,False,0,0
2025-11-27,C05,3,355.0,0.0,False,0,0
2025-11-27,C06,0,455.8,0.0,False,0,0
2025-11-27,C07,8,444.0,0.0,False,0,0
2025-11-27,C08,0,30.0,0.0,False,0,0
2025-11-28,A01,101,1289.6,1208.0,False,0,0
2025-11-28,A02,9,3693.0,2365.0,False,0,1
2025-11-28,A03,0,742.0,0.0,False,0,0
2025-11-28,A04,0,78.0,537.0,False,0,0
2025-11-28,A05,31,0.0,7011.0,False,31,0
2025-11-28,A06,277,10000.0,6116.0,False,0,2
2025-11-28,A07,2,1529.0,0.0,False,0,0
2025-11-28,A08,0,175.0,0.0,False,0,0
2025-11-28,A09,4,546.0,0.0,False,0,0
2025-11-28,A10,145,10674.0,0.0,False,0,2
2025-11-28,B01,0,84.2,367.0,False,0,0
2025-11-28,B02,3,1667.0,0.0,False,0,0
2025-11-28,B03,4,813.0,0.0,False,0,0
2025-11-28,B04,15,580.5,0.0,False,0,0
2025-11-28,B05,2,157.0,0.0,False,0,0
2025-11-28,B06,5,448.0,0.0,False,0,0
2025-11-28,B07,66,5288.0,5012.0,False,0,1
2025-11-28,B08,39,0.0,2016.0,False,39,0
2025-11-28,B09,3,1032.0,0.0,False,0,0
2025-11-28,B10,0,72.0,0.0,False,0,0
2025-11-28,B11,31,0.0,949.0,False,31,0
2025-11-28,B12,0,761.0,1171.0,False,0,0
2025-11-28,C01,0,67.0,0.0,False,0,0
2025-11-28,C02,1,372.0,0.0,False,0,0
2025-11-28,C03,1,36.0,0.0,False,0,0
2025-11-28,C04,2,253.0,0.0,False,0,0
2025-11-28,C05,2,353.0,0.0,False,0,0
2025-11-28,C06,0,433.0,0.0,False,0,0
2025-11-28,C07,1,443.0,0.0,False,0,0
2025-11-28,C08,1,29.0,0.0,False,0,0
2025-11-29,A01,81,2080.9,0.0,False,0,1
2025-11-29,A02,4,3688.0,2365.0,False,0,1
2025-11-29,A03,1,741.0,0.0,False,0,0
2025-11-29,A04,3,75.0,537.0,False,0,0
2025-11-29,A05,65,0.0,7011.0,False,65,0
2025-11-29,A06,10,9988.0,6116.0,False,0,2
2025-11-29,A07,10,1519.0,0.0,False,0,0
2025-11-29,A08,0,175.0,0.0,False,0,0
2025-11-29,A09,0,546.0,0.0,False,0,0
2025-11-29,A10,347,10325.0,0.0,False,0,2
2025-11-29,B01,1,85.0,367.0,False,0,0
2025-11-29,B02,4,1663.0,0.0,False,0,0
2025-11-29,B03,1,812.0,0.0,False,0,0
2025-11-29,B04,1,620.0,0.0,False,0,0
2025-11-29,B05,0,150.0,0.0,False,0,0
2025-11-29,B06,8,440.0,0.0,False,0,0
2025-11-29,B07,48,5239.0,5012.0,False,0,1
2025-11-29,B08,10,0.0,2016.0,False,10,0
2025-11-29,B09,9,1023.0,0.0,False,0,0
2025-11-29,B10,1,71.0,0.0,False,0,0
2025-11-29,B11,10,848.2,0.0,False,0,0
2025-11-29,B12,15,746.0,1171.0,False,0,0
2025-11-29,C01,0,67.0,0.0,False,0,0
2025-11-29,C02,2,370.0,0.0,False,0,0
2025-11-29,C03,0,36.0,0.0,False,0,0
2025-11-29,C04,4,249.2,0.0,False,0,0
2025-11-29,C05,0,350.9,0.0,False,0,0
2025-11-29,C06,1,432.0,0.0,False,0,0
2025-11-29,C07,10,433.0,0.0,False,0,0
2025-11-29,C08,0,29.0,0.0,False,0,0
2025-11-30,A01,66,2371.0,0.0,False,0,0
2025-11-30,A02,21,3646.0,2365.0,False,0,1
2025-11-30,A03,35,680.4,0.0,False,0,0
2025-11-30,A04,2,73.0,537.0,False,0,0
2025-11-30,A05,49,0.0,7011.0,False,49,0
2025-11-30,A06,404,9582.0,6116.0,False,0,2
2025-11-30,A07,17,1352.5,0.0,False,0,0
2025-11-30,A08,0,160.4,0.0,False,0,0
2025-11-30,A09,9,537.0,0.0,False,0,0
2025-11-30,A10,769,9554.0,0.0,False,0,2
2025-11-30,B01,0,85.0,367.0,False,0,0
2025-11-30,B02,9,1654.0,0.0,False,0,0
2025-11-30,B03,0,812.0,0.0,False,0,0
2025-11-30,B04,7,613.0,0.0,False,0,0
2025-11-30,B05,0,157.0,0.0,False,0,0
2025-11-30,B06,17,423.0,0.0,False,0,0
2025-11-30,B07,141,5097.0,5012.0,False,0,1
2025-11-30,B08,64,0.0,2016.0,False,64,0
2025-11-30,B09,27,996.0,0.0,False,0,0
2025-11-30,B10,1,70.0,0.0,False,0,0
2025-11-30,B11,2,937.0,0.0,False,0,0
2025-11-30,B12,7,739.0,1171.0,False,0,0
2025-11-30,C01,2,65.0,0.0,False,0,0
2025-11-30,C02,2,368.0,0.0,False,0,0
2025-11-30,C03,0,36.0,0.0,False,0,0
2025-11-30,C04,7,242.0,0.0,False,0,0
2025-11-30,C05,8,345.0,0.0,False,0,0
2025-11-30,C06,9,423.0,0.0,False,0,0
2025-11-30,C07,11,422.0,0.0,False,0,0
2025-11-30,C08,3,26.0,0.0,False,0,0
2025-12-01,A01,8,2363.0,0.0,False,0,0
2025-12-01,A02,18,3517.5,2365.0,False,0,1
2025-12-01,A03,0,706.0,0.0,False,0,0
2025-12-01,A04,3,72.1,537.0,False,0,0
2025-12-01,A05,14,0.0,7011.0,False,14,0
2025-12-01,A06,122,9458.0,6116.0,False,0,2
2025-12-01,A07,5,1497.0,0.0,False,0,0
2025-12-01,A08,24,151.0,0.0,False,0,0
2025-12-01,A09,3,534.0,0.0,False,0,0
2025-12-01,A10,917,8635.0,0.0,False,0,2
2025-12-01,B01,0,92.1,367.0,False,0,0
2025-12-01,B02,23,1631.0,0.0,False,0,0
2025-12-01,B03,11,801.0,0.0,False,0,0
2025-12-01,B04,2,611.0,0.0,False,0,0
2025-12-01,B05,2,155.0,0.0,False,0,0
2025-12-01,B06,28,395.0,0.0,False,0,0
2025-12-01,B07,254,4842.0,5012.0,False,0,1
2025-12-01,B08,15,0.0,2016.0,False,15,0
2025-12-01,B09,8,988.0,0.0,False,0,0
2025-12-01,B10,0,70.0,0.0,False,0,0
2025-12-01,B11,27,910.0,0.0,False,0,0
2025-12-01,B12,3,736.0,1171.0,False,0,0
2025-12-01,C01,3,62.0,0.0,False,0,0
2025-12-01,C02,7,361.0,0.0,False,0,0
2025-12-01,C03,0,36.0,0.0,False,0,0
2025-12-01,C04,15,227.0,0.0,False,0,0
2025-12-01,C05,5,340.0,0.0,False,0,0
2025-12-01,C06,0,423.0,0.0,False,0,0
2025-12-01,C07,4,418.0,0.0,False,0,0
2025-12-01,C08,0,26.0,0.0,False,0,0
2025-12-02,A01,3,2360.0,0.0,False,0,0
2025-12-02,A02,5,3641.0,2365.0,False,0,1
2025-12-02,A03,8,698.0,0.0,False,0,0
2025-12-02,A04,0,70.0,537.0,False,0,0
2025-12-02,A05,165,0.0,7011.0,False,165,0
2025-12-02,A06,121,9335.0,6116.0,False,0,2
2025-12-02,A07,28,1469.0,0.0,False,0,0
2025-12-02,A08,3,165.0,0.0,False,0,0
2025-12-02,A09,3,531.0,0.0,False,0,0
2025-12-02,A10,17,8616.0,0.0,False,0,2
2025-12-02,B01,1,84.0,367.0,False,0,0
2025-12-02,B02,4,1710.2,0.0,False,0,0
2025-12-02,B03,17,784.0,0.0,False,0,0
2025-12-02,B04,18,593.0,0.0,False,0,0
2025-12-02,B05,2,153.0,0.0,False,0,0
2025-12-02,B06,24,371.0,0.0,False,0,0
2025-12-02,B07,22,4819.0,5012.0,False,0,1
2025-12-02,B08,45,0.0,2016.0,False,45,0
2025-12-02,B09,9,979.0,0.0,False,0,0
2025-12-02,B10,0,70.0,0.0,False,0,0
2025-12-02,B11,1,909.0,0.0,False,0,0
2025-12-02,B12,2,734.0,1171.0,False,0,0
2025-12-02,C01,1,61.0,0.0,False,0,0
2025-12-02,C02,2,359.0,0.0,False,0,0
2025-12-02,C03,1,35.0,0.0,False,0,0
2025-12-02,C04,9,218.0,0.0,False,0,0
2025-12-02,C05,5,335.0,0.0,False,0,0
2025-12-02,C06,0,423.0,0.0,False,0,0
2025-12-02,C07,1,417.0,0.0,False,0,0
2025-12-02,C08,0,26.0,0.0,False,0,0
2025-12-03,A01,5,2355.0,0.0,False,0,0
2025-12-03,A02,64,5941.0,0.0,False,0,1
2025-12-03,A03,0,698.0,0.0,False,0,0
2025-12-03,A04,1,69.0,537.0,False,0,0
2025-12-03,A05,100,0.0,7011.0,False,100,0
2025-12-03,A06,79,9254.0,6116.0,False,0,2
2025-12-03,A07,24,1445.0,0.0,False,0,0
2025-12-03,A08,0,148.0,0.0,False,0,0
2025-12-03,A09,0,531.0,0.0,False,0,0
2025-12-03,A10,176,8438.0,0.0,False,0,2
2025-12-03,B01,2,82.0,367.0,False,0,0
2025-12-03,B02,6,1621.0,0.0,False,0,0
2025-12-03,B03,11,773.0,0.0,False,0,0
2025-12-03,B04,0,592.8,0.0,False,0,0
2025-12-03,B05,2,151.0,0.0,False,0,0
2025-12-03,B06,4,367.0,0.0,False,0,0
2025-12-03,B07,19,4799.0,5012.0,False,0,1
2025-12-03,B08,11,0.0,2016.0,False,11,0
2025-12-03,B09,3,976.0,0.0,False,0,0
2025-12-03,B10,5,65.0,221.0,True,0,0
2025-12-03,B11,13,896.0,0.0,False,0,0
2025-12-03,B12,1,733.0,1171.0,False,0,0
2025-12-03,C01,2,59.0,0.0,False,0,0
2025-12-03,C02,4,355.0,0.0,False,0,0
2025-12-03,C03,0,35.0,0.0,False,0,0
2025-12-03,C04,6,212.0,0.0,False,0,0
2025-12-03,C05,1,334.0,0.0,False,0,0
2025-12-03,C06,5,418.0,0.0,False,0,0
2025-12-03,C07,12,405.0,0.0,False,0,0
2025-12-03,C08,1,25.0,0.0,False,0,0
2025-12-04,A01,3,2352.0,0.0,False,0,0
2025-12-04,A02,136,5449.6,0.0,False,0,1
2025-12-04,A03,4,694.0,0.0,False,0,0
2025-12-04,A04,0,69.0,537.0,False,0,0
2025-12-04,A05,10,0.0,7011.0,False,10,0
2025-12-04,A06,0,9252.0,6116.0,False,0,2
2025-12-04,A07,54,1391.0,0.0,False,0,0
2025-12-04,A08,11,137.0,0.0,False,0,0
2025-12-04,A09,46,485.0,0.0,False,0,0
2025-12-04,A10,112,8324.0,0.0,False,0,2
2025-12-04,B01,1,81.0,367.0,False,0,0
2025-12-04,B02,0,1621.0,0.0,False,0,0
2025-12-04,B03,4,769.0,0.0,False,0,0
2025-12-04,B04,7,586.0,0.0,False,0,0
2025-12-04,B05,0,151.0,0.0,False,0,0
2025-12-04,B06,34,333.0,0.0,False,0,0
2025-12-04,B07,24,4774.0,5012.0,False,0,1
2025-12-04,B08,4,0.0,2016.0,False,4,0
2025-12-04,B09,0,976.0,0.0,False,0,0
2025-12-04,B10,8,57.0,221.0,False,0,0
2025-12-04,B11,59,837.0,0.0,False,0,0
2025-12-04,B12,18,715.0,1171.0,False,0,0
2025-12-04,C01,0,59.0,0.0,False,0,0
2025-12-04,C02,6,349.0,0.0,False,0,0
2025-12-04,C03,0,35.0,0.0,False,0,0
2025-12-04,C04,2,205.7,0.0,False,0,0
2025-12-04,C05,0,316.9,0.0,False,0,0
2025-12-04,C06,0,418.0,0.0,False,0,0
2025-12-04,C07,4,401.0,0.0,False,0,0
2025-12-04,C08,0,25.0,0.0,False,0,0
2025-12-05,A01,2,2350.0,0.0,False,0,0
2025-12-05,A02,127,5676.0,0.0,False,0,1
2025-12-05,A03,2,692.0,0.0,False,0,0
2025-12-05,A04,0,69.0,537.0,False,0,0
2025-12-05,A05,7,0.0,7011.0,False,7,0
2025-12-05,A06,14,9236.0,6116.0,False,0,2
2025-12-05,A07,10,1381.0,0.0,False,0,0
2025-12-05,A08,47,90.0,337.0,True,0,0
2025-12-05,A09,8,477.0,0.0,False,0,0
2025-12-05,A10,97,8225.0,0.0,False,0,2
2025-12-05,B01,7,74.0,367.0,False,0,0
2025-12-05,B02,0,1813.9,0.0,False,0,0
2025-12-05,B03,18,668.4,0.0,False,0,0
2025-12-05,B04,2,540.5,0.0,False,0,0
2025-12-05,B05,0,151.0,0.0,False,0,0
2025-12-05,B06,0,333.0,0.0,False,0,0
2025-12-05,B07,122,4651.0,5012.0,False,0,1
2025-12-05,B08,31,0.0,2016.0,False,31,0
2025-12-05,B09,2,974.0,0.0,False,0,0
2025-12-05,B10,4,53.0,221.0,False,0,0
2025-12-05,B11,35,802.0,0.0,False,0,0
2025-12-05,B12,1,714.0,1171.0,False,0,0
2025-12-05,C01,1,58.0,0.0,False,0,0
2025-12-05,C02,5,344.0,0.0,False,0,0
2025-12-05,C03,0,35.0,0.0,False,0,0
2025-12-05,C04,0,210.0,0.0,False,0,0
2025-12-05,C05,0,334.0,0.0,False,0,0
2025-12-05,C06,0,382.9,0.0,False,0,0
2025-12-05,C07,3,398.0,0.0,False,0,0
2025-12-05,C08,0,23.8,0.0,False,0,0
2025-12-06,A01,0,2350.0,0.0,False,0,0
2025-12-06,A02,259,5416.0,0.0,False,0,1
2025-12-06,A03,3,689.0,0.0,False,0,0
2025-12-06,A04,9,60.0,537.0,False,0,0
2025-12-06,A05,118,0.0,7011.0,False,118,0
2025-12-06,A06,316,8918.0,6116.0,False,0,2
2025-12-06,A07,2,1379.0,0.0,False,0,0
2025-12-06,A08,6,84.0,337.0,False,0,0
2025-12-06,A09,0,439.3,0.0,False,0,0
2025-12-06,A10,166,8057.0,7892.0,True,0,2
2025-12-06,B01,0,74.0,367.0,False,0,0
2025-12-06,B02,2,1619.0,0.0,False,0,0
2025-12-06,B03,1,750.0,0.0,False,0,0
2025-12-06,B04,15,569.0,0.0,False,0,0
2025-12-06,B05,4,130.0,0.0,False,0,0
2025-12-06,B06,13,320.0,0.0,False,0,0
2025-12-06,B07,1,4649.0,5012.0,False,0,1
2025-12-06,B08,21,0.0,2016.0,False,21,0
2025-12-06,B09,4,970.0,0.0,False,0,0
2025-12-06,B10,6,47.0,221.0,False,0,0
2025-12-06,B11,0,802.0,0.0,False,0,0
2025-12-06,B12,9,705.0,1171.0,False,0,0
2025-12-06,C01,1,57.0,0.0,False,0,0
2025-12-06,C02,18,326.0,0.0,False,0,0
2025-12-06,C03,0,35.0,0.0,False,0,0
2025-12-06,C04,1,209.0,0.0,False,0,0
2025-12-06,C05,2,332.0,0.0,False,0,0
2025-12-06,C06,5,421.8,0.0,False,0,0
2025-12-06,C07,0,398.0,0.0,False,0,0
2025-12-06,C08,0,25.0,0.0,False,0,0
2025-12-07,A01,46,2304.0,0.0,False,0,0
2025-12-07,A02,10,5405.0,0.0,False,0,1
2025-12-07,A03,6,683.0,0.0,False,0,0
2025-12-07,A04,0,597.0,0.0,False,0,0
2025-12-07,A05,174,0.0,7011.0,False,174,0
2025-12-07,A06,2,8914.0,6116.0,False,0,2
2025-12-07,A07,2,1399.5,0.0,False,0,0
2025-12-07,A08,4,80.0,337.0,False,0,0
2025-12-07,A09,7,470.0,0.0,False,0,0
2025-12-07,A10,203,7852.0,7892.0,False,0,2
2025-12-07,B01,0,74.0,367.0,False,0,0
2025-12-07,B02,16,1603.0,0.0,False,0,0
2025-12-07,B03,4,746.0,0.0,False,0,0
2025-12-07,B04,11,558.0,0.0,False,0,0
2025-12-07,B05,2,145.0,0.0,False,0,0
2025-12-07,B06,7,313.0,0.0,False,0,0
2025-12-07,B07,82,4566.0,5012.0,False,0,1
2025-12-07,B08,44,0.0,2016.0,False,44,0
2025-12-07,B09,16,954.0,0.0,False,0,0
2025-12-07,B10,0,51.2,221.0,False,0,0
2025-12-07,B11,4,798.0,0.0,False,0,0
2025-12-07,B12,47,658.0,1171.0,False,0,0
2025-12-07,C01,0,57.0,0.0,False,0,0
2025-12-07,C02,0,326.0,0.0,False,0,0
2025-12-07,C03,0,35.0,0.0,False,0,0
2025-12-07,C04,3,185.7,0.0,False,0,0
2025-12-07,C05,6,326.0,0.0,False,0,0
2025-12-07,C06,0,413.0,0.0,False,0,0
2025-12-07,C07,1,397.0,0.0,False,0,0
2025-12-07,C08,3,22.0,0.0,False,0,0
2025-12-08,A01,173,2131.0,0.0,False,0,0
2025-12-08,A02,9,5395.0,0.0,False,0,1
2025-12-08,A03,0,683.0,0.0,False,0,0
2025-12-08,A04,1,596.0,0.0,False,0,0
2025-12-08,A05,59,0.0,7011.0,False,59,0
2025-12-08,A06,259,8653.0,6116.0,False,0,2
2025-12-08,A07,1,1376.0,0.0,False,0,0
2025-12-08,A08,0,80.0,337.0,False,0,0
2025-12-08,A09,12,458.0,0.0,False,0,0
2025-12-08,A10,47,8164.3,7892.0,False,0,2
2025-12-08,B01,1,73.0,367.0,False,0,0
2025-12-08,B02,20,1583.0,0.0,False,0,0
2025-12-08,B03,1,745.0,0.0,False,0,0
2025-12-08,B04,2,556.0,0.0,False,0,0
2025-12-08,B05,4,141.0,0.0,False,0,0
2025-12-08,B06,6,302.0,1158.0,True,0,0
2025-12-08,B07,0,4565.0,5012.0,False,0,1
2025-12-08,B08,13,0.0,2016.0,False,13,0
2025-12-08,B09,5,949.0,0.0,False,0,0
2025-12-08,B10,3,44.0,221.0,False,0,0
2025-12-08,B11,4,679.2,0.0,False,0,0
2025-12-08,B12,21,637.0,1171.0,False,0,0
2025-12-08,C01,6,51.0,28.0,True,0,0
2025-12-08,C02,6,320.0,0.0,False,0,0
2025-12-08,C03,0,38.8,0.0,False,0,0
2025-12-08,C04,1,205.0,0.0,False,0,0
2025-12-08,C05,0,326.0,0.0,False,0,0
2025-12-08,C06,3,410.0,0.0,False,0,0
2025-12-08,C07,0,397.0,0.0,False,0,0
2025-12-08,C08,0,22.0,0.0,False,0,0
2025-12-09,A01,23,2108.0,0.0,False,0,0
2025-12-09,A02,104,5290.0,0.0,False,0,1
2025-12-09,A03,4,679.0,0.0,False,0,0
2025-12-09,A04,9,587.0,0.0,False,0,0
2025-12-09,A05,8,0.0,7011.0,False,8,0
2025-12-09,A06,484,8167.0,6116.0,False,0,2
2025-12-09,A07,2,1374.0,0.0,False,0,0
2025-12-09,A08,9,75.4,337.0,False,0,0
2025-12-09,A09,0,392.5,702.0,True,0,0
2025-12-09,A10,678,7124.0,7892.0,False,0,1
2025-12-09,B01,0,73.0,367.0,False,0,0
2025-12-09,B02,45,1538.0,0.0,False,0,0
2025-12-09,B03,0,745.0,0.0,False,0,0
2025-12-09,B04,0,556.0,0.0,False,0,0
2025-12-09,B05,0,141.0,0.0,False,0,0
2025-12-09,B06,12,295.0,1158.0,False,0,0
2025-12-09,B07,151,4413.0,5012.0,False,0,1
2025-12-09,B08,49,0.0,2016.0,False,49,0
2025-12-09,B09,3,946.0,0.0,False,0,0
2025-12-09,B10,0,44.0,221.0,False,0,0
2025-12-09,B11,2,792.0,0.0,False,0,0
2025-12-09,B12,19,618.0,1171.0,False,0,0
2025-12-09,C01,0,51.0,28.0,False,0,0
2025-12-09,C02,14,306.0,0.0,False,0,0
2025-12-09,C03,0,35.0,0.0,False,0,0
2025-12-09,C04,0,205.0,0.0,False,0,0
2025-12-09,C05,0,326.0,0.0,False,0,0
2025-12-09,C06,1,409.0,0.0,False,0,0
2025-12-09,C07,2,395.0,0.0,False,0,0
2025-12-09,C08,0,22.0,0.0,False,0,0
2025-12-10,A01,6,2102.0,0.0,False,0,0
2025-12-10,A02,80,5209.0,0.0,False,0,1
2025-12-10,A03,6,673.0,0.0,False,0,0
2025-12-10,A04,0,587.0,0.0,False,0,0
2025-12-10,A05,0,0.0,7011.0,False,0,0
2025-12-10,A06,74,8091.0,6116.0,False,0,2
2025-12-10,A07,5,1369.0,0.0,False,0,0
2025-12-10,A08,6,65.0,337.0,False,0,0
2025-12-10,A09,1,457.0,702.0,False,0,0
2025-12-10,A10,865,6258.0,7892.0,False,0,1
2025-12-10,B01,2,71.0,367.0,False,0,0
2025-12-10,B02,1,1537.0,0.0,False,0,0
2025-12-10,B03,1,744.0,0.0,False,0,0
2025-12-10,B04,0,556.0,0.0,False,0,0
2025-12-10,B05,3,138.0,0.0,False,0,0
2025-12-10,B06,43,252.0,1158.0,False,0,0
2025-12-10,B07,22,4875.3,5012.0,False,0,1
2025-12-10,B08,56,0.0,2016.0,False,56,0
2025-12-10,B09,44,902.0,0.0,False,0,0
2025-12-10,B10,0,44.0,221.0,False,0,0
2025-12-10,B11,18,774.0,0.0,False,0,0
2025-12-10,B12,1,617.0,1171.0,False,0,0
2025-12-10,C01,0,51.0,28.0,False,0,0
2025-12-10,C02,0,306.0,0.0,False,0,0
2025-12-10,C03,0,35.0,0.0,False,0,0
2025-12-10,C04,2,203.0,0.0,False,0,0
2025-12-10,C05,5,321.0,0.0,False,0,0
2025-12-10,C06,8,401.0,0.0,False,0,0
2025-12-10,C07,4,391.0,0.0,False,0,0
2025-12-10,C08,0,22.0,0.0,False,0,0
2025-12-11,A01,1,2101.0,0.0,False,0,0
2025-12-11,A02,39,5169.0,0.0,False,0,1
2025-12-11,A03,48,625.0,0.0,False,0,0
2025-12-11,A04,2,512.2,0.0,False,0,0
2025-12-11,A05,221,0.0,7011.0,False,221,0
2025-12-11,A06,52,8037.0,6116.0,False,0,2
2025-12-11,A07,9,1270.4,0.0,False,0,0
2025-12-11,A08,2,63.0,337.0,False,0,0
2025-12-11,A09,5,452.0,702.0,False,0,0
2025-12-11,A10,65,6192.0,7892.0,False,0,1
2025-12-11,B01,0,71.0,367.0,False,0,0
2025-12-11,B02,14,1523.0,0.0,False,0,0
2025-12-11,B03,1,743.0,0.0,False,0,0
2025-12-11,B04,0,556.0,0.0,False,0,0
2025-12-11,B05,1,137.0,0.0,False,0,0
2025-12-11,B06,3,249.0,1158.0,False,0,0
2025-12-11,B07,130,4259.0,5012.0,False,0,1
2025-12-11,B08,14,0.0,2016.0,False,14,0
2025-12-11,B09,8,894.0,0.0,False,0,0
2025-12-11,B10,5,39.0,221.0,False,0,0
2025-12-11,B11,10,764.0,0.0,False,0,0
2025-12-11,B12,13,604.0,1171.0,False,0,0
2025-12-11,C01,1,50.0,28.0,False,0,0
2025-12-11,C02,7,293.2,0.0,False,0,0
2025-12-11,C03,4,31.0,0.0,False,0,0
2025-12-11,C04,3,200.0,0.0,False,0,0
2025-12-11,C05,4,317.0,0.0,False,0,0
2025-12-11,C06,2,399.0,0.0,False,0,0
2025-12-11,C07,0,391.0,0.0,False,0,0
2025-12-11,C08,0,22.0,0.0,False,0,0
2025-12-12,A01,1,2100.0,0.0,False,0,0
2025-12-12,A02,300,4707.9,0.0,False,0,1
2025-12-12,A03,2,623.0,0.0,False,0,0
2025-12-12,A04,2,534.0,0.0,False,0,0
2025-12-12,A05,38,0.0,7011.0,False,38,0
2025-12-12,A06,298,7737.0,6116.0,False,0,2
2025-12-12,A07,16,1344.0,0.0,False,0,0
2025-12-12,A08,0,63.0,337.0,False,0,0
2025-12-12,A09,9,443.0,702.0,False,0,0
2025-12-12,A10,61,6130.0,7892.0,False,0,1
2025-12-12,B01,9,62.0,367.0,False,0,0
2025-12-12,B02,24,1499.0,0.0,False,0,0
2025-12-12,B03,47,696.0,0.0,False,0,0
2025-12-12,B04,1,555.0,0.0,False,0,0
2025-12-12,B05,2,135.0,0.0,False,0,0
2025-12-12,B06,0,249.0,1158.0,False,0,0
2025-12-12,B07,33,4225.0,5012.0,False,0,1
2025-12-12,B08,7,0.0,2016.0,False,7,0
2025-12-12,B09,10,781.4,0.0,False,0,0
2025-12-12,B10,1,39.4,221.0,False,0,0
2025-12-12,B11,6,758.0,0.0,False,0,0
2025-12-12,B12,44,560.0,1171.0,False,0,0
2025-12-12,C01,0,50.0,28.0,False,0,0
2025-12-12,C02,20,279.0,0.0,False,0,0
2025-12-12,C03,0,31.0,0.0,False,0,0
2025-12-12,C04,5,195.0,0.0,False,0,0
2025-12-12,C05,2,318.7,0.0,False,0,0
2025-12-12,C06,6,393.0,0.0,False,0,0
2025-12-12,C07,0,391.0,0.0,False,0,0
2025-12-12,C08,0,22.0,0.0,False,0,0
2025-12-13,A01,14,2086.0,0.0,False,0,0
2025-12-13,A02,59,4808.0,0.0,False,0,1
2025-12-13,A03,0,623.0,0.0,False,0,0
2025-12-13,A04,0,670.4,0.0,False,0,0
2025-12-13,A05,95,0.0,7011.0,False,95,0
2025-12-13,A06,45,7690.0,6116.0,False,0,2
2025-12-13,A07,1,1343.0,0.0,False,0,0
2025-12-13,A08,0,63.0,337.0,False,0,0
2025-12-13,A09,0,443.0,702.0,False,0,0
2025-12-13,A10,5,6124.0,7892.0,False,0,1
2025-12-13,B01,5,57.0,367.0,False,0,0
2025-12-13,B02,22,1477.0,0.0,False,0,0
2025-12-13,B03,19,677.0,0.0,False,0,0
2025-12-13,B04,2,553.0,0.0,False,0,0
2025-12-13,B05,3,132.8,0.0,False,0,0
2025-12-13,B06,0,249.0,1158.0,False,0,0
2025-12-13,B07,43,4181.0,5012.0,False,0,1
2025-12-13,B08,11,0.0,2016.0,False,11,0
2025-12-13,B09,2,882.0,0.0,False,0,0
2025-12-13,B10,1,37.5,221.0,False,0,0
2025-12-13,B11,0,758.0,0.0,False,0,0
2025-12-13,B12,3,557.0,1171.0,False,0,0
2025-12-13,C01,0,50.0,28.0,False,0,0
2025-12-13,C02,6,273.0,0.0,False,0,0
2025-12-13,C03,0,31.0,0.0,False,0,0
2025-12-13,C04,2,193.0,0.0,False,0,0
2025-12-13,C05,0,315.0,0.0,False,0,0
2025-12-13,C06,0,393.0,0.0,False,0,0
2025-12-13,C07,0,391.0,0.0,False,0,0
2025-12-13,C08,1,21.0,0.0,False,0,0
2025-12-14,A01,28,2058.0,0.0,False,0,0
2025-12-14,A02,25,4782.0,0.0,False,0,1
2025-12-14,A03,11,612.0,0.0,False,0,0
2025-12-14,A04,1,582.0,0.0,False,0,0
2025-12-14,A05,7,0.0,7011.0,False,7,0
2025-12-14,A06,124,8655.9,6116.0,False,0,2
2025-12-14,A07,10,1333.0,0.0,False,0,0
2025-12-14,A08,0,55.4,337.0,False,0,0
2025-12-14,A09,0,443.0,702.0,False,0,0
2025-12-14,A10,64,6059.0,7892.0,False,0,1
2025-12-14,B01,0,57.0,367.0,False,0,0
2025-12-14,B02,2,1475.0,0.0,False,0,0
2025-12-14,B03,0,677.0,0.0,False,0,0
2025-12-14,B04,0,553.0,0.0,False,0,0
2025-12-14,B05,0,118.3,0.0,False,0,0
2025-12-14,B06,18,231.0,1158.0,False,0,0
2025-12-14,B07,0,4180.0,5012.0,False,0,1
2025-12-14,B08,1,0.0,2016.0,False,1,0
2025-12-14,B09,1,881.0,0.0,False,0,0
2025-12-14,B10,4,33.0,221.0,False,0,0
2025-12-14,B11,8,720.9,0.0,False,0,0
2025-12-14,B12,1,630.4,1171.0,False,0,0
2025-12-14,C01,0,50.0,28.0,False,0,0
2025-12-14,C02,2,271.0,0.0,False,0,0
2025-12-14,C03,0,26.6,0.0,False,0,0
2025-12-14,C04,0,193.0,0.0,False,0,0
2025-12-14,C05,0,287.2,0.0,False,0,0
2025-12-14,C06,0,393.0,0.0,False,0,0
2025-12-14,C07,0,391.0,0.0,False,0,0
2025-12-14,C08,0,21.0,0.0,False,0,0
2025-12-15,A01,146,1883.4,1120.0,True,0,0
2025-12-15,A02,152,3955.3,2692.0,True,0,1
2025-12-15,A03,6,606.0,0.0,False,0,0
2025-12-15,A04,0,582.0,0.0,False,0,0
2025-12-15,A05,90,0.0,7011.0,False,90,0
2025-12-15,A06,0,7562.0,6116.0,False,0,2
2025-12-15,A07,5,1328.0,0.0,False,0,0
2025-12-15,A08,0,63.0,337.0,False,0,0
2025-12-15,A09,2,441.0,702.0,False,0,0
2025-12-15,A10,376,5682.0,7892.0,False,0,1
2025-12-15,B01,1,60.2,367.0,False,0,0
2025-12-15,B02,12,1463.0,0.0,False,0,0
2025-12-15,B03,0,677.0,0.0,False,0,0
2025-12-15,B04,3,550.0,0.0,False,0,0
2025-12-15,B05,1,144.6,0.0,False,0,0
2025-12-15,B06,1,243.3,1158.0,False,0,0
2025-12-15,B07,1,4178.0,5012.0,False,0,1
2025-12-15,B08,144,1872.0,0.0,False,0,0
2025-12-15,B09,2,879.0,0.0,False,0,0
2025-12-15,B10,0,33.0,221.0,False,0,0
2025-12-15,B11,10,740.0,0.0,False,0,0
2025-12-15,B12,49,507.0,1171.0,False,0,0
2025-12-15,C01,1,49.0,28.0,False,0,0
2025-12-15,C02,11,260.0,0.0,False,0,0
2025-12-15,C03,4,27.0,0.0,False,0,0
2025-12-15,C04,4,189.0,0.0,False,0,0
2025-12-15,C05,8,269.3,0.0,False,0,0
2025-12-15,C06,2,391.0,0.0,False,0,0
2025-12-15,C07,2,389.0,0.0,False,0,0
2025-12-15,C08,1,20.0,0.0,False,0,0
2025-12-16,A01,30,1882.0,1120.0,False,0,0
2025-12-16,A02,11,4617.0,2692.0,False,0,1
2025-12-16,A03,0,604.1,0.0,False,0,0
2025-12-16,A04,3,579.0,0.0,False,0,0
2025-12-16,A05,4,0.0,7011.0,False,4,0
2025-12-16,A06,154,7534.4,6116.0,False,0,2
2025-12-16,A07,28,1300.0,0.0,False,0,0
2025-12-16,A08,3,60.0,337.0,False,0,0
2025-12-16,A09,11,430.0,702.0,False,0,0
2025-12-16,A10,252,5429.0,7892.0,False,0,1
2025-12-16,B01,3,53.0,367.0,False,0,0
2025-12-16,B02,8,1522.8,0.0,False,0,0
2025-12-16,B03,11,666.0,0.0,False,0,0
2025-12-16,B04,0,550.0,0.0,False,0,0
2025-12-16,B05,2,127.8,0.0,False,0,0
2025-12-16,B06,0,230.0,1158.0,False,0,0
2025-12-16,B07,14,4163.0,5012.0,False,0,1
2025-12-16,B08,1,1871.0,0.0,False,0,0
2025-12-16,B09,7,872.0,0.0,False,0,0
2025-12-16,B10,0,31.8,221.0,False,0,0
2025-12-16,B11,3,801.0,0.0,False,0,0
2025-12-16,B12,5,502.0,1171.0,False,0,0
2025-12-16,C01,3,46.0,28.0,False,0,0
2025-12-16,C02,0,260.0,0.0,False,0,0
2025-12-16,C03,0,27.0,0.0,False,0,0
2025-12-16,C04,5,174.2,473.0,True,0,0
2025-12-16,C05,1,306.0,0.0,False,0,0
2025-12-16,C06,9,382.0,0.0,False,0,0
2025-12-16,C07,1,388.0,0.0,False,0,0
2025-12-16,C08,1,19.0,102.0,True,0,0
2025-12-17,A01,3,1879.0,1120.0,False,0,0
2025-12-17,A02,58,4558.0,2692.0,False,0,1
2025-12-17,A03,10,596.0,0.0,False,0,0
2025-12-17,A04,1,626.7,0.0,False,0,0
2025-12-17,A05,175,0.0,7011.0,False,175,0
2025-12-17,A06,543,6862.0,6116.0,False,0,1
2025-12-17,A07,2,1298.0,0.0,False,0,0
2025-12-17,A08,15,45.0,337.0,False,0,0
2025-12-17,A09,9,421.0,702.0,False,0,0
2025-12-17,A10,522,4906.0,7892.0,False,0,1
2025-12-17,B01,0,53.0,367.0,False,0,0
2025-12-17,B02,1,1454.0,0.0,False,0,0
2025-12-17,B03,22,671.9,0.0,False,0,0
2025-12-17,B04,0,561.1,0.0,False,0,0
2025-12-17,B05,8,121.0,0.0,False,0,0
2025-12-17,B06,19,211.0,1158.0,False,0,0
2025-12-17,B07,87,4075.0,5012.0,False,0,1
2025-12-17,B08,0,1871.0,0.0,False,0,0
2025-12-17,B09,13,807.2,0.0,False,0,0
2025-12-17,B10,4,29.0,221.0,False,0,0
2025-12-17,B11,4,733.0,0.0,False,0,0
2025-12-17,B12,56,446.0,1171.0,False,0,0
2025-12-17,C01,0,44.5,28.0,False,0,0
2025-12-17,C02,0,260.0,0.0,False,0,0
2025-12-17,C03,0,27.0,0.0,False,0,0
2025-12-17,C04,1,183.0,473.0,False,0,0
2025-12-17,C05,1,305.0,0.0,False,0,0
2025-12-17,C06,0,341.4,0.0,False,0,0
2025-12-17,C07,0,388.0,0.0,False,0,0
2025-12-17,C08,0,19.0,102.0,False,0,0
2025-12-18,A01,11,1868.0,1120.0,False,0,0
2025-12-18,A02,16,4541.0,2692.0,False,0,1
2025-12-18,A03,5,571.7,0.0,False,0,0
2025-12-18,A04,0,578.0,0.0,False,0,0
2025-12-18,A05,99,0.0,7011.0,False,99,0
2025-12-18,A06,70,6791.0,6116.0,False,0,1
2025-12-18,A07,15,1283.0,0.0,False,0,0
2025-12-18,A08,1,44.0,337.0,False,0,0
2025-12-18,A09,0,421.0,702.0,False,0,0
2025-12-18,A10,116,4789.0,7892.0,False,0,1
2025-12-18,B01,2,50.2,367.0,False,0,0
2025-12-18,B02,2,1452.0,0.0,False,0,0
2025-12-18,B03,4,640.0,0.0,False,0,0
2025-12-18,B04,3,547.0,0.0,False,0,0
2025-12-18,B05,0,121.0,0.0,False,0,0
2025-12-18,B06,40,171.0,1158.0,False,0,0
2025-12-18,B07,83,3991.0,5012.0,False,0,1
2025-12-18,B08,0,1871.0,0.0,False,0,0
2025-12-18,B09,0,859.0,0.0,False,0,0
2025-12-18,B10,5,24.0,221.0,False,0,0
2025-12-18,B11,1,732.0,0.0,False,0,0
2025-12-18,B12,78,368.0,1171.0,False,0,0
2025-12-18,C01,0,46.0,28.0,False,0,0
2025-12-18,C02,6,254.0,0.0,False,0,0
2025-12-18,C03,0,27.0,0.0,False,0,0
2025-12-18,C04,0,183.0,473.0,False,0,0
2025-12-18,C05,0,305.0,0.0,False,0,0
2025-12-18,C06,1,381.0,0.0,False,0,0
2025-12-18,C07,0,388.0,0.0,False,0,0
2025-12-18,C08,0,19.0,102.0,False,0,0
2025-12-19,A01,36,1744.7,1120.0,False,0,0
2025-12-19,A02,70,4470.0,2692.0,False,0,1
2025-12-19,A03,14,577.0,0.0,False,0,0
2025-12-19,A04,1,577.0,0.0,False,0,0
2025-12-19,A05,55,0.0,7011.0,False,55,0
2025-12-19,A06,31,7521.6,6116.0,False,0,1
2025-12-19,A07,40,1243.0,0.0,False,0,0
2025-12-19,A08,21,23.0,337.0,False,0,0
2025-12-19,A09,0,421.0,702.0,False,0,0
2025-12-19,A10,65,4723.0,7892.0,False,0,1
2025-12-19,B01,4,47.0,367.0,False,0,0
2025-12-19,B02,27,1425.0,0.0,False,0,0
2025-12-19,B03,8,632.0,0.0,False,0,0
2025-12-19,B04,2,545.0,0.0,False,0,0
2025-12-19,B05,0,121.0,0.0,False,0,0
2025-12-19,B06,9,163.1,1158.0,False,0,0
2025-12-19,B07,10,3980.0,5012.0,False,0,1
2025-12-19,B08,7,1912.1,0.0,False,0,0
2025-12-19,B09,3,856.0,0.0,False,0,0
2025-12-19,B10,2,22.0,221.0,False,0,0
2025-12-19,B11,2,730.0,0.0,False,0,0
2025-12-19,B12,19,355.2,1171.0,False,0,0
2025-12-19,C01,0,46.0,28.0,False,0,0
2025-12-19,C02,5,249.0,0.0,False,0,0
2025-12-19,C03,0,27.0,0.0,False,0,0
2025-12-19,C04,4,179.0,473.0,False,0,0
2025-12-19,C05,0,305.0,0.0,False,0,0
2025-12-19,C06,1,380.0,0.0,False,0,0
2025-12-19,C07,1,387.0,0.0,False,0,0
2025-12-19,C08,0,19.0,102.0,False,0,0
2025-12-20,A01,13,1819.0,1120.0,False,0,0
2025-12-20,A02,4,4465.0,2692.0,False,0,1
2025-12-20,A03,5,572.0,0.0,False,0,0
2025-12-20,A04,0,577.0,0.0,False,0,0
2025-12-20,A05,12,0.0,7011.0,False,12,0
2025-12-20,A06,3,6755.0,6116.0,False,0,1
2025-12-20,A07,3,1240.0,0.0,False,0,0
2025-12-20,A08,0,23.0,337.0,False,0,0
2025-12-20,A09,5,377.3,702.0,False,0,0
2025-12-20,A10,1,4721.0,7892.0,False,0,1
2025-12-20,B01,1,46.0,367.0,False,0,0
2025-12-20,B02,31,1394.0,0.0,False,0,0
2025-12-20,B03,5,627.0,0.0,False,0,0
2025-12-20,B04,9,536.0,0.0,False,0,0
2025-12-20,B05,3,118.0,0.0,False,0,0
2025-12-20,B06,8,154.0,1158.0,False,0,0
2025-12-20,B07,71,3908.0,5012.0,False,0,1
2025-12-20,B08,10,1854.0,0.0,False,0,0
2025-12-20,B09,0,856.0,0.0,False,0,0
2025-12-20,B10,3,19.0,221.0,False,0,0
2025-12-20,B11,9,721.0,0.0,False,0,0
2025-12-20,B12,3,346.0,1171.0,False,0,0
2025-12-20,C01,1,45.0,28.0,False,0,0
2025-12-20,C02,3,246.0,0.0,False,0,0
2025-12-20,C03,1,26.0,0.0,False,0,0
2025-12-20,C04,1,178.0,473.0,False,0,0
2025-12-20,C05,0,305.0,0.0,False,0,0
2025-12-20,C06,0,380.0,0.0,False,0,0
2025-12-20,C07,4,383.0,0.0,False,0,0
2025-12-20,C08,0,19.0,102.0,False,0,0
2025-12-21,A01,85,1734.0,1120.0,False,0,0
2025-12-21,A02,68,4396.0,2692.0,False,0,1
2025-12-21,A03,1,571.0,0.0,False,0,0
2025-12-21,A04,1,576.0,0.0,False,0,0
2025-12-21,A05,15,0.0,7011.0,False,15,0
2025-12-21,A06,62,6692.0,6116.0,False,0,1
2025-12-21,A07,15,1225.0,0.0,False,0,0
2025-12-21,A08,3,20.0,337.0,False,0,0
2025-12-21,A09,0,416.0,702.0,False,0,0
2025-12-21,A10,68,4652.0,7892.0,False,0,1
2025-12-21,B01,2,44.0,367.0,False,0,0
2025-12-21,B02,7,1387.0,0.0,False,0,0
2025-12-21,B03,11,649.9,0.0,False,0,0
2025-12-21,B04,0,536.0,0.0,False,0,0
2025-12-21,B05,0,114.6,0.0,False,0,0
2025-12-21,B06,4,150.0,1158.0,False,0,0
2025-12-21,B07,150,3757.0,5012.0,False,0,1
2025-12-21,B08,11,1843.0,0.0,False,0,0
2025-12-21,B09,2,854.0,0.0,False,0,0
2025-12-21,B10,1,16.4,221.0,False,0,0
2025-12-21,B11,21,700.0,0.0,False,0,0
2025-12-21,B12,0,346.0,1171.0,False,0,0
2025-12-21,C01,0,45.0,28.0,False,0,0
2025-12-21,C02,6,240.0,0.0,False,0,0
2025-12-21,C03,0,26.0,0.0,False,0,0
2025-12-21,C04,0,178.0,473.0,False,0,0
2025-12-21,C05,7,298.0,0.0,False,0,0
2025-12-21,C06,0,380.0,0.0,False,0,0
2025-12-21,C07,3,380.0,0.0,False,0,0
2025-12-21,C08,1,18.0,102.0,False,0,0
2025-12-22,A01,12,1722.0,1120.0,False,0,0
2025-12-22,A02,35,4360.0,2692.0,False,0,1
2025-12-22,A03,7,602.2,0.0,False,0,0
2025-12-22,A04,3,573.0,0.0,False,0,0
2025-12-22,A05,5,0.0,7011.0,False,5,0
2025-12-22,A06,128,6563.0,6116.0,False,0,1
2025-12-22,A07,5,1220.0,0.0,False,0,0
2025-12-22,A08,10,10.0,337.0,False,0,0
2025-12-22,A09,2,414.0,702.0,False,0,0
2025-12-22,A10,225,4426.0,7892.0,False,0,1
2025-12-22,B01,5,39.0,367.0,False,0,0
2025-12-22,B02,7,1467.7,0.0,False,0,0
2025-12-22,B03,0,616.0,0.0,False,0,0
2025-12-22,B04,9,527.0,0.0,False,0,0
2025-12-22,B05,6,112.0,0.0,False,0,0
2025-12-22,B06,7,143.0,1158.0,False,0,0
2025-12-22,B07,55,3526.4,5012.0,False,0,1
2025-12-22,B08,29,1814.0,0.0,False,0,0
2025-12-22,B09,10,844.0,0.0,False,0,0
2025-12-22,B10,0,18.0,221.0,False,0,0
2025-12-22,B11,8,692.0,0.0,False,0,0
2025-12-22,B12,51,295.0,1171.0,False,0,0
2025-12-22,C01,0,45.0,28.0,False,0,0
2025-12-22,C02,0,240.0,0.0,False,0,0
2025-12-22,C03,0,26.0,0.0,False,0,0
2025-12-22,C04,4,174.0,473.0,False,0,0
2025-12-22,C05,2,296.0,0.0,False,0,0
2025-12-22,C06,0,380.0,0.0,False,0,0
2025-12-22,C07,8,372.0,0.0,False,0,0
2025-12-22,C08,2,16.0,102.0,False,0,0
2025-12-23,A01,27,1695.0,1120.0,False,0,0
2025-12-23,A02,13,4346.0,2692.0,False,0,1
2025-12-23,A03,0,564.0,0.0,False,0,0
2025-12-23,A04,0,573.0,0.0,False,0,0
2025-12-23,A05,76,0.0,7011.0,False,76,0
2025-12-23,A06,100,6462.0,6116.0,False,0,1
2025-12-23,A07,1,1219.0,0.0,False,0,0
2025-12-23,A08,4,6.0,337.0,False,0,0
2025-12-23,A09,2,398.9,702.0,False,0,0
2025-12-23,A10,96,4329.0,7892.0,False,0,1
2025-12-23,B01,1,38.0,367.0,False,0,0
2025-12-23,B02,2,1378.0,0.0,False,0,0
2025-12-23,B03,0,616.0,0.0,False,0,0
2025-12-23,B04,0,527.0,0.0,False,0,0
2025-12-23,B05,0,112.0,0.0,False,0,0
2025-12-23,B06,4,139.0,1158.0,False,0,0
2025-12-23,B07,259,3441.0,5012.0,False,0,1
2025-12-23,B08,30,1784.0,0.0,False,0,0
2025-12-23,B09,0,844.0,0.0,False,0,0
2025-12-23,B10,0,18.0,221.0,False,0,0
2025-12-23,B11,25,667.0,0.0,False,0,0
2025-12-23,B12,3,292.0,1171.0,False,0,0
2025-12-23,C01,0,45.0,28.0,False,0,0
2025-12-23,C02,1,239.0,0.0,False,0,0
2025-12-23,C03,0,26.0,0.0,False,0,0
2025-12-23,C04,3,171.0,473.0,False,0,0
2025-12-23,C05,1,307.5,0.0,False,0,0
2025-12-23,C06,3,377.0,0.0,False,0,0
2025-12-23,C07,1,371.0,0.0,False,0,0
2025-12-23,C08,0,16.0,102.0,False,0,0
2025-12-24,A01,8,1687.0,1120.0,False,0,0
2025-12-24,A02,26,4319.0,2692.0,False,0,1
2025-12-24,A03,9,555.0,771.0,True,0,0
2025-12-24,A04,3,570.0,0.0,False,0,0
2025-12-24,A05,60,0.0,7011.0,False,60,0
2025-12-24,A06,95,6366.0,6116.0,False,0,1
2025-12-24,A07,0,1219.0,0.0,False,0,0
2025-12-24,A08,3,3.0,337.0,False,0,0
2025-12-24,A09,3,347.9,702.0,False,0,0
2025-12-24,A10,0,4328.0,7892.0,False,0,1
2025-12-24,B01,2,36.0,367.0,False,0,0
2025-12-24,B02,1,1377.0,0.0,False,0,0
2025-12-24,B03,1,615.0,0.0,False,0,0
2025-12-24,B04,0,506.5,0.0,False,0,0
2025-12-24,B05,0,112.0,0.0,False,0,0
2025-12-24,B06,0,139.0,1158.0,False,0,0
2025-12-24,B07,55,3385.0,5012.0,False,0,1
2025-12-24,B08,18,1766.0,0.0,False,0,0
2025-12-24,B09,8,836.0,0.0,False,0,0
2025-12-24,B10,1,17.0,221.0,False,0,0
2025-12-24,B11,6,661.0,0.0,False,0,0
2025-12-24,B12,0,292.0,1171.0,False,0,0
2025-12-24,C01,3,42.0,28.0,False,0,0
2025-12-24,C02,1,238.0,0.0,False,0,0
2025-12-24,C03,3,24.5,124.0,True,0,0
2025-12-24,C04,6,165.0,473.0,False,0,0
2025-12-24,C05,1,294.0,0.0,False,0,0
2025-12-24,C06,3,374.0,0.0,False,0,0
2025-12-24,C07,5,366.0,0.0,False,0,0
2025-12-24,C08,0,16.0,102.0,False,0,0
2025-12-25,A01,5,1682.0,1120.0,False,0,0
2025-12-25,A02,36,4282.0,2692.0,False,0,1
2025-12-25,A03,1,554.0,771.0,False,0,0
2025-12-25,A04,2,568.0,0.0,False,0,0
2025-12-25,A05,63,0.0,7011.0,False,63,0
2025-12-25,A06,30,6335.0,6116.0,False,0,1
2025-12-25,A07,8,1211.0,0.0,False,0,0
2025-12-25,A08,0,3.0,337.0,False,0,0
2025-12-25,A09,5,404.0,702.0,False,0,0
2025-12-25,A10,58,4269.0,7892.0,False,0,1
2025-12-25,B01,0,36.0,367.0,False,0,0
2025-12-25,B02,1,1376.0,0.0,False,0,0
2025-12-25,B03,6,609.0,0.0,False,0,0
2025-12-25,B04,6,521.0,0.0,False,0,0
2025-12-25,B05,2,109.0,0.0,False,0,0
2025-12-25,B06,1,138.0,1158.0,False,0,0
2025-12-25,B07,16,3368.0,5012.0,False,0,1
2025-12-25,B08,1,1765.0,0.0,False,0,0
2025-12-25,B09,2,834.0,0.0,False,0,0
2025-12-25,B10,1,16.0,221.0,False,0,0
2025-12-25,B11,4,730.1,0.0,False,0,0
2025-12-25,B12,3,289.0,1171.0,False,0,0
2025-12-25,C01,0,41.3,28.0,False,0,0
2025-12-25,C02,0,238.0,0.0,False,0,0
2025-12-25,C03,0,23.0,124.0,False,0,0
2025-12-25,C04,1,164.0,473.0,False,0,0
2025-12-25,C05,0,294.0,0.0,False,0,0
2025-12-25,C06,1,373.0,0.0,False,0,0
2025-12-25,C07,3,363.0,0.0,False,0,0
2025-12-25,C08,1,15.0,102.0,False,0,0
2025-12-26,A01,25,1657.0,1120.0,False,0,0
2025-12-26,A02,1,4280.0,2692.0,False,0,1
2025-12-26,A03,8,546.0,771.0,False,0,0
2025-12-26,A04,0,568.0,0.0,False,0,0
2025-12-26,A05,75,0.0,7011.0,False,75,0
2025-12-26,A06,190,6144.0,6116.0,False,0,1
2025-12-26,A07,5,1206.0,0.0,False,0,0
2025-12-26,A08,1,2.0,337.0,False,0,0
2025-12-26,A09,1,403.0,702.0,False,0,0
2025-12-26,A10,300,3968.0,7892.0,False,0,1
2025-12-26,B01,4,32.0,367.0,False,0,0
2025-12-26,B02,0,1376.0,0.0,False,0,0
2025-12-26,B03,12,597.0,0.0,False,0,0
2025-12-26,B04,0,521.0,0.0,False,0,0
2025-12-26,B05,0,116.9,0.0,False,0,0
2025-12-26,B06,31,107.0,1158.0,False,0,0
2025-12-26,B07,45,3322.0,5012.0,False,0,1
2025-12-26,B08,2,1888.8,0.0,False,0,0
2025-12-26,B09,0,834.0,0.0,False,0,0
2025-12-26,B10,0,16.0,221.0,False,0,0
2025-12-26,B11,15,642.0,0.0,False,0,0
2025-12-26,B12,32,250.6,1171.0,False,0,0
2025-12-26,C01,4,38.0,28.0,False,0,0
2025-12-26,C02,7,231.0,0.0,False,0,0
2025-12-26,C03,2,21.0,124.0,False,0,0
2025-12-26,C04,1,163.0,473.0,False,0,0
2025-12-26,C05,0,294.0,0.0,False,0,0
2025-12-26,C06,8,365.0,0.0,False,0,0
2025-12-26,C07,5,358.0,0.0,False,0,0
2025-12-26,C08,0,15.0,102.0,False,0,0
2025-12-27,A01,4,1653.0,1120.0,False,0,0
2025-12-27,A02,34,4245.0,2692.0,False,0,1
2025-12-27,A03,5,541.0,771.0,False,0,0
2025-12-27,A04,0,568.0,0.0,False,0,0
2025-12-27,A05,72,0.0,7011.0,False,72,0
2025-12-27,A06,56,6087.0,6116.0,False,0,1
2025-12-27,A07,0,1206.0,0.0,False,0,0
2025-12-27,A08,1,0.9,337.0,False,0,0
2025-12-27,A09,3,400.0,702.0,False,0,0
2025-12-27,A10,110,3857.0,7892.0,False,0,1
2025-12-27,B01,0,32.0,367.0,False,0,0
2025-12-27,B02,0,1376.0,0.0,False,0,0
2025-12-27,B03,9,588.0,0.0,False,0,0
2025-12-27,B04,9,442.5,0.0,False,0,0
2025-12-27,B05,0,112.7,0.0,False,0,0
2025-12-27,B06,3,104.0,1158.0,False,0,0
2025-12-27,B07,38,3283.0,5012.0,False,0,1
2025-12-27,B08,7,1756.0,0.0,False,0,0
2025-12-27,B09,0,834.0,0.0,False,0,0
2025-12-27,B10,0,16.0,221.0,False,0,0
2025-12-27,B11,1,594.0,0.0,False,0,0
2025-12-27,B12,2,255.0,1171.0,False,0,0
2025-12-27,C01,0,38.5,28.0,False,0,0
2025-12-27,C02,0,231.0,0.0,False,0,0
2025-12-27,C03,0,21.0,124.0,False,0,0
2025-12-27,C04,1,159.0,473.0,False,0,0
2025-12-27,C05,5,289.0,0.0,False,0,0
2025-12-27,C06,0,365.0,0.0,False,0,0
2025-12-27,C07,1,357.0,0.0,False,0,0
2025-12-27,C08,3,12.0,102.0,False,0,0
2025-12-28,A01,42,1611.0,1120.0,False,0,0
2025-12-28,A02,3,4241.0,2692.0,False,0,1
2025-12-28,A03,5,536.0,771.0,False,0,0
2025-12-28,A04,1,567.0,0.0,False,0,0
2025-12-28,A05,60,0.0,7011.0,False,60,0
2025-12-28,A06,3,6083.0,6116.0,False,0,1
2025-12-28,A07,3,1203.0,0.0,False,0,0
2025-12-28,A08,6,0.0,337.0,False,5,0
2025-12-28,A09,2,398.0,702.0,False,0,0
2025-12-28,A10,166,3690.0,7892.0,False,0,1
2025-12-28,B01,1,31.0,367.0,False,0,0
2025-12-28,B02,3,1373.0,0.0,False,0,0
2025-12-28,B03,0,588.0,0.0,False,0,0
2025-12-28,B04,6,506.0,0.0,False,0,0
2025-12-28,B05,3,107.0,0.0,False,0,0
2025-12-28,B06,31,73.0,1158.0,False,0,0
2025-12-28,B07,429,2606.3,5012.0,False,0,1
2025-12-28,B08,32,1724.0,0.0,False,0,0
2025-12-28,B09,0,876.7,0.0,False,0,0
2025-12-28,B10,0,16.0,221.0,False,0,0
2025-12-28,B11,0,641.0,0.0,False,0,0
2025-12-28,B12,2,253.0,1171.0,False,0,0
2025-12-28,C01,0,33.2,28.0,False,0,0
2025-12-28,C02,6,225.0,0.0,False,0,0
2025-12-28,C03,1,19.7,124.0,False,0,0
2025-12-28,C04,0,162.0,473.0,False,0,0
2025-12-28,C05,0,289.0,0.0,False,0,0
2025-12-28,C06,0,364.7,0.0,False,0,0
2025-12-28,C07,7,350.0,0.0,False,0,0
2025-12-28,C08,1,11.0,102.0,False,0,0
2025-12-29,A01,5,1606.0,1120.0,False,0,0
2025-12-29,A02,34,4206.0,2692.0,False,0,1
2025-12-29,A03,1,535.0,771.0,False,0,0
2025-12-29,A04,0,567.0,0.0,False,0,0
2025-12-29,A05,104,0.0,7011.0,False,104,0
2025-12-29,A06,105,5977.0,6116.0,False,0,1
2025-12-29,A07,3,1200.0,0.0,False,0,0
2025-12-29,A08,0,0.0,337.0,False,0,0
2025-12-29,A09,11,387.0,702.0,False,0,0
2025-12-29,A10,129,3560.0,7892.0,False,0,1
2025-12-29,B01,5,26.0,367.0,False,0,0
2025-12-29,B02,2,1371.0,0.0,False,0,0
2025-12-29,B03,12,576.0,0.0,False,0,0
2025-12-29,B04,12,494.0,0.0,False,0,0
2025-12-29,B05,1,106.0,0.0,False,0,0
2025-12-29,B06,15,58.0,1158.0,False,0,0
2025-12-29,B07,58,2794.0,5012.0,False,0,1
2025-12-29,B08,15,1709.0,0.0,False,0,0
2025-12-29,B09,3,831.0,0.0,False,0,0
2025-12-29,B10,2,14.0,221.0,False,0,0
2025-12-29,B11,33,608.0,0.0,False,0,0
2025-12-29,B12,17,214.9,1171.0,False,0,0
2025-12-29,C01,0,37.6,28.0,False,0,0
2025-12-29,C02,1,224.0,0.0,False,0,0
2025-12-29,C03,0,20.0,124.0,False,0,0
2025-12-29,C04,3,159.0,473.0,False,0,0
2025-12-29,C05,0,289.0,0.0,False,0,0
2025-12-29,C06,0,365.0,0.0,False,0,0
2025-12-29,C07,2,348.0,0.0,False,0,0
2025-12-29,C08,5,6.0,102.0,False,0,0
2025-12-30,A01,5,1666.3,1120.0,False,0,0
2025-12-30,A02,27,4178.0,2692.0,False,0,1
2025-12-30,A03,15,520.0,771.0,False,0,0
2025-12-30,A04,0,509.5,0.0,False,0,0
2025-12-30,A05,247,0.0,7011.0,False,247,0
2025-12-30,A06,625,5351.0,6116.0,False,0,1
2025-12-30,A07,1,1199.0,0.0,False,0,0
2025-12-30,A08,2,0.0,337.0,False,2,0
2025-12-30,A09,4,334.3,702.0,False,0,0
2025-12-30,A10,113,3446.0,7892.0,False,0,1
2025-12-30,B01,0,26.6,367.0,False,0,0
2025-12-30,B02,7,1364.0,0.0,False,0,0
2025-12-30,B03,10,566.0,0.0,False,0,0
2025-12-30,B04,3,491.0,0.0,False,0,0
2025-12-30,B05,0,106.0,0.0,False,0,0
2025-12-30,B06,23,35.0,1158.0,False,0,0
2025-12-30,B07,82,2711.0,5012.0,False,0,1
2025-12-30,B08,33,1676.0,0.0,False,0,0
2025-12-30,B09,5,826.0,0.0,False,0,0
2025-12-30,B10,0,14.0,221.0,False,0,0
2025-12-30,B11,0,608.0,0.0,False,0,0
2025-12-30,B12,29,207.0,1171.0,False,0,0
2025-12-30,C01,0,38.0,28.0,False,0,0
2025-12-30,C02,4,220.0,0.0,False,0,0
2025-12-30,C03,0,20.0,124.0,False,0,0
2025-12-30,C04,0,159.0,473.0,False,0,0
2025-12-30,C05,3,286.0,0.0,False,0,0
2025-12-30,C06,14,351.0,0.0,False,0,0
2025-12-30,C07,2,346.0,0.0,False,0,0
2025-12-30,C08,0,6.0,102.0,False,0,0
2025-12-31,A01,1,1600.0,1120.0,False,0,0
2025-12-31,A02,28,4149.0,2692.0,False,0,1
2025-12-31,A03,2,518.0,771.0,False,0,0
2025-12-31,A04,0,567.0,0.0,False,0,0
2025-12-31,A05,25,0.0,7011.0,False,25,0
2025-12-31,A06,78,5272.0,6116.0,False,0,1
2025-12-31,A07,3,1196.0,0.0,False,0,0
2025-12-31,A08,2,0.0,337.0,False,2,0
2025-12-31,A09,5,933.7,0.0,False,0,0
2025-12-31,A10,100,3345.0,7892.0,False,0,1
2025-12-31,B01,0,26.0,367.0,False,0,0
2025-12-31,B02,5,1359.0,0.0,False,0,0
2025-12-31,B03,6,560.0,0.0,False,0,0
2025-12-31,B04,9,482.0,0.0,False,0,0
2025-12-31,B05,4,102.0,0.0,False,0,0
2025-12-31,B06,8,27.0,1158.0,False,0,0
2025-12-31,B07,204,2506.0,5012.0,False,0,1
2025-12-31,B08,3,1673.0,0.0,False,0,0
2025-12-31,B09,7,819.0,0.0,False,0,0
2025-12-31,B10,0,14.0,221.0,False,0,0
2025-12-31,B11,4,604.0,0.0,False,0,0
2025-12-31,B12,12,195.0,1171.0,False,0,0
2025-12-31,C01,0,38.0,28.0,False,0,0
2025-12-31,C02,0,239.0,0.0,False,0,0
2025-12-31,C03,0,20.0,124.0,False,0,0
2025-12-31,C04,0,159.0,473.0,False,0,0
2025-12-31,C05,0,286.0,0.0,False,0,0
2025-12-31,C06,2,349.0,0.0,False,0,0
2025-12-31,C07,2,344.0,0.0,False,0,0
2025-12-31,C08,2,4.0,102.0,False,0,0
2026-01-01,A01,16,1584.0,1120.0,False,0,0
2026-01-01,A02,11,4137.0,2692.0,False,0,1
2026-01-01,A03,0,542.4,771.0,False,0,0
2026-01-01,A04,0,567.0,0.0,False,0,0
2026-01-01,A05,53,0.0,7011.0,False,53,0
2026-01-01,A06,323,4948.0,6116.0,False,0,1
2026-01-01,A07,3,1193.0,0.0,False,0,0
2026-01-01,A08,7,0.0,337.0,False,7,0
2026-01-01,A09,0,1080.0,0.0,False,0,0
2026-01-01,A10,34,3310.0,7892.0,False,0,1
2026-01-01,B01,3,23.0,367.0,False,0,0
2026-01-01,B02,24,1335.0,0.0,False,0,0
2026-01-01,B03,14,546.0,0.0,False,0,0
2026-01-01,B04,6,476.0,0.0,False,0,0
2026-01-01,B05,0,104.8,0.0,False,0,0
2026-01-01,B06,7,20.0,1158.0,False,0,0
2026-01-01,B07,13,2492.0,5012.0,False,0,1
2026-01-01,B08,23,1650.0,0.0,False,0,0
2026-01-01,B09,12,807.0,0.0,False,0,0
2026-01-01,B10,1,13.0,221.0,False,0,0
2026-01-01,B11,2,602.0,0.0,False,0,0
2026-01-01,B12,2,193.0,1171.0,False,0,0
2026-01-01,C01,2,36.0,28.0,False,0,0
2026-01-01,C02,2,218.0,0.0,False,0,0
2026-01-01,C03,0,20.0,124.0,False,0,0
2026-01-01,C04,0,159.0,473.0,False,0,0
2026-01-01,C05,0,271.6,0.0,False,0,0
2026-01-01,C06,0,349.0,0.0,False,0,0
2026-01-01,C07,1,343.0,0.0,False,0,0
2026-01-01,C08,1,3.0,102.0,False,0,0
2026-01-02,A01,64,1432.1,1120.0,False,0,0
2026-01-02,A02,62,4074.0,2692.0,False,0,1
2026-01-02,A03,0,565.8,771.0,False,0,0
2026-01-02,A04,1,566.0,0.0,False,0,0
2026-01-02,A05,84,0.0,7011.0,False,84,0
2026-01-02,A06,124,4823.0,6116.0,False,0,1
2026-01-02,A07,2,1191.0,0.0,False,0,0
2026-01-02,A08,4,0.0,337.0,False,4,0
2026-01-02,A09,12,1068.0,0.0,False,0,0
2026-01-02,A10,67,3537.3,7892.0,False,0,1
2026-01-02,B01,4,19.0,367.0,False,0,0
2026-01-02,B02,75,1260.0,0.0,False,0,0
2026-01-02,B03,1,545.0,0.0,False,0,0
2026-01-02,B04,6,470.0,0.0,False,0,0
2026-01-02,B05,7,96.1,0.0,False,0,0
2026-01-02,B06,19,1.0,1158.0,False,0,0
2026-01-02,B07,53,7449.0,0.0,False,0,2
2026-01-02,B08,68,1582.0,0.0,False,0,0
2026-01-02,B09,12,795.0,0.0,False,0,0
2026-01-02,B10,0,13.0,221.0,False,0,0
2026-01-02,B11,24,578.0,0.0,False,0,0
2026-01-02,B12,4,189.0,1171.0,False,0,0
2026-01-02,C01,2,34.0,28.0,False,0,0
2026-01-02,C02,7,211.0,0.0,False,0,0
2026-01-02,C03,0,19.4,124.0,False,0,0
2026-01-02,C04,0,159.0,473.0,False,0,0
2026-01-02,C05,0,286.0,0.0,False,0,0
2026-01-02,C06,1,348.0,0.0,False,0,0
2026-01-02,C07,5,338.0,0.0,False,0,0
2026-01-02,C08,0,3.0,102.0,False,0,0
2026-01-03,A01,37,1483.0,1120.0,False,0,0
2026-01-03,A02,199,3874.0,2692.0,False,0,1
2026-01-03,A03,6,512.0,771.0,False,0,0
2026-01-03,A04,0,566.0,0.0,False,0,0
2026-01-03,A05,58,0.0,7011.0,False,58,0
2026-01-03,A06,23,10914.0,0.0,False,0,2
2026-01-03,A07,0,1191.0,0.0,False,0,0
2026-01-03,A08,5,0.0,337.0,False,5,0
2026-01-03,A09,0,1068.0,0.0,False,0,0
2026-01-03,A10,29,3212.0,7892.0,False,0,1
2026-01-03,B01,0,19.0,367.0,False,0,0
2026-01-03,B02,19,1241.0,0.0,False,0,0
2026-01-03,B03,0,463.3,0.0,False,0,0
2026-01-03,B04,12,458.0,0.0,False,0,0
2026-01-03,B05,0,95.0,0.0,False,0,0
2026-01-03,B06,7,0.0,1158.0,False,6,0
2026-01-03,B07,19,7428.0,0.0,False,0,2
2026-01-03,B08,13,1569.0,0.0,False,0,0
2026-01-03,B09,1,794.0,0.0,False,0,0
2026-01-03,B10,1,12.0,221.0,False,0,0
2026-01-03,B11,2,576.0,0.0,False,0,0
2026-01-03,B12,17,172.0,1171.0,False,0,0
2026-01-03,C01,0,34.0,28.0,False,0,0
2026-01-03,C02,0,211.0,0.0,False,0,0
2026-01-03,C03,0,20.0,124.0,False,0,0
2026-01-03,C04,0,159.0,473.0,False,0,0
2026-01-03,C05,1,285.0,0.0,False,0,0
2026-01-03,C06,0,348.0,0.0,False,0,0
2026-01-03,C07,2,336.0,0.0,False,0,0
2026-01-03,C08,0,3.0,102.0,False,0,0
2026-01-04,A01,5,1478.0,1120.0,False,0,0
2026-01-04,A02,0,3873.0,2692.0,False,0,1
2026-01-04,A03,9,503.0,771.0,False,0,0
2026-01-04,A04,3,526.0,0.0,False,0,0
2026-01-04,A05,22,0.0,7011.0,False,22,0
2026-01-04,A06,13,10899.0,0.0,False,0,2
2026-01-04,A07,0,1191.0,0.0,False,0,0
2026-01-04,A08,1,336.0,0.0,False,0,0
2026-01-04,A09,0,1068.0,0.0,False,0,0
2026-01-04,A10,158,3053.0,7892.0,False,0,1
2026-01-04,B01,1,18.0,367.0,False,0,0
2026-01-04,B02,8,1233.0,0.0,False,0,0
2026-01-04,B03,1,544.0,0.0,False,0,0
2026-01-04,B04,4,454.0,0.0,False,0,0
2026-01-04,B05,0,95.0,0.0,False,0,0
2026-01-04,B06,0,0.0,1158.0,False,0,0
2026-01-04,B07,18,7408.0,0.0,False,0,2
2026-01-04,B08,4,1565.0,0.0,False,0,0
2026-01-04,B09,5,789.0,0.0,False,0,0
2026-01-04,B10,0,12.0,221.0,False,0,0
2026-01-04,B11,15,561.0,0.0,False,0,0
2026-01-04,B12,37,135.0,1171.0,False,0,0
2026-01-04,C01,0,34.0,28.0,False,0,0
2026-01-04,C02,0,211.0,0.0,False,0,0
2026-01-04,C03,1,19.0,124.0,False,0,0
2026-01-04,C04,1,158.0,473.0,False,0,0
2026-01-04,C05,2,283.0,0.0,False,0,0
2026-01-04,C06,4,344.0,0.0,False,0,0
2026-01-04,C07,4,332.0,0.0,False,0,0
2026-01-04,C08,0,3.0,102.0,False,0,0
2026-01-05,A01,29,1449.0,1120.0,False,0,0
2026-01-05,A02,3,3869.0,2692.0,False,0,1
2026-01-05,A03,1,502.0,771.0,False,0,0
2026-01-05,A04,2,561.0,0.0,False,0,0
2026-01-05,A05,17,0.0,7011.0,False,17,0
2026-01-05,A06,4,10893.0,0.0,False,0,2
2026-01-05,A07,4,1187.0,0.0,False,0,0
2026-01-05,A08,10,326.0,0.0,False,0,0
2026-01-05,A09,3,1065.0,0.0,False,0,0
2026-01-05,A10,39,3013.0,7892.0,False,0,1
2026-01-05,B01,2,16.0,367.0,False,0,0
2026-01-05,B02,10,1223.0,0.0,False,0,0
2026-01-05,B03,1,543.0,0.0,False,0,0
2026-01-05,B04,2,452.0,0.0,False,0,0
2026-01-05,B05,2,93.0,0.0,False,0,0
2026-01-05,B06,1,0.0,1158.0,False,1,0
2026-01-05,B07,47,7359.0,0.0,False,0,2
2026-01-05,B08,15,1550.0,0.0,False,0,0
2026-01-05,B09,8,781.0,0.0,False,0,0
2026-01-05,B10,0,12.0,221.0,False,0,0
2026-01-05,B11,1,560.0,0.0,False,0,0
2026-01-05,B12,2,133.0,1171.0,False,0,0
2026-01-05,C01,0,34.0,28.0,False,0,0
2026-01-05,C02,3,208.0,0.0,False,0,0
2026-01-05,C03,0,19.0,124.0,False,0,0
2026-01-05,C04,17,141.0,473.0,False,0,0
2026-01-05,C05,10,310.3,0.0,False,0,0
2026-01-05,C06,1,343.0,0.0,False,0,0
2026-01-05,C07,1,331.0,0.0,False,0,0
2026-01-05,C08,0,3.0,102.0,False,0,0
2026-01-06,A01,22,1427.0,1120.0,False,0,0
2026-01-06,A02,83,3785.0,2692.0,False,0,1
2026-01-06,A03,17,485.0,771.0,False,0,0
2026-01-06,A04,4,557.0,0.0,False,0,0
2026-01-06,A05,18,0.0,7011.0,False,18,0
2026-01-06,A06,663,10228.0,6504.0,True,0,2
2026-01-06,A07,3,1184.0,0.0,False,0,0
2026-01-06,A08,8,318.0,0.0,False,0,0
2026-01-06,A09,0,1065.0,0.0,False,0,0
2026-01-06,A10,42,2970.0,7892.0,False,0,1
2026-01-06,B01,0,16.0,367.0,False,0,0
2026-01-06,B02,16,1207.0,0.0,False,0,0
2026-01-06,B03,1,542.0,0.0,False,0,0
2026-01-06,B04,1,451.0,0.0,False,0,0
2026-01-06,B05,0,93.0,0.0,False,0,0
2026-01-06,B06,9,0.0,1158.0,False,9,0
2026-01-06,B07,26,7331.0,0.0,False,0,2
2026-01-06,B08,54,1496.0,1920.0,True,0,0
2026-01-06,B09,1,780.0,0.0,False,0,0
2026-01-06,B10,1,11.0,221.0,False,0,0
2026-01-06,B11,0,516.8,0.0,False,0,0
2026-01-06,B12,8,125.0,1171.0,False,0,0
2026-01-06,C01,0,34.0,28.0,False,0,0
2026-01-06,C02,0,208.0,0.0,False,0,0
2026-01-06,C03,0,19.0,124.0,False,0,0
2026-01-06,C04,8,133.0,473.0,False,0,0
2026-01-06,C05,5,268.0,0.0,False,0,0
2026-01-06,C06,0,343.0,0.0,False,0,0
2026-01-06,C07,0,331.0,0.0,False,0,0
2026-01-06,C08,4,0.0,102.0,False,1,0
2026-01-07,A01,1,1426.0,1120.0,False,0,0
2026-01-07,A02,25,3759.0,2692.0,False,0,1
2026-01-07,A03,0,485.0,771.0,False,0,0
2026-01-07,A04,0,557.0,0.0,False,0,0
2026-01-07,A05,1,0.0,7011.0,False,1,0
2026-01-07,A06,0,9281.1,6504.0,False,0,2
2026-01-07,A07,10,1174.0,0.0,False,0,0
2026-01-07,A08,9,309.0,0.0,False,0,0
2026-01-07,A09,9,1056.0,0.0,False,0,0
2026-01-07,A10,135,2834.0,7892.0,False,0,1
2026-01-07,B01,1,15.0,367.0,False,0,0
2026-01-07,B02,2,1205.0,0.0,False,0,0
2026-01-07,B03,0,542.0,0.0,False,0,0
2026-01-07,B04,6,445.0,0.0,False,0,0
2026-01-07,B05,0,82.5,0.0,False,0,0
2026-01-07,B06,1,0.0,1158.0,False,1,0
2026-01-07,B07,251,7079.0,0.0,False,0,1
2026-01-07,B08,1,1495.0,1920.0,False,0,0
2026-01-07,B09,3,777.0,0.0,False,0,0
2026-01-07,B10,2,230.0,0.0,False,0,0
2026-01-07,B11,12,548.0,0.0,False,0,0
2026-01-07,B12,30,92.5,1171.0,False,0,0
2026-01-07,C01,0,62.0,0.0,False,0,0
2026-01-07,C02,9,199.0,0.0,False,0,0
2026-01-07,C03,0,19.0,124.0,False,0,0
2026-01-07,C04,1,132.0,473.0,False,0,0
2026-01-07,C05,0,268.0,0.0,False,0,0
2026-01-07,C06,0,343.0,0.0,False,0,0
2026-01-07,C07,1,330.0,0.0,False,0,0
2026-01-07,C08,0,0.0,102.0,False,0,0
2026-01-08,A01,33,1393.0,1120.0,False,0,0
2026-01-08,A02,53,3705.0,2692.0,False,0,1
2026-01-08,A03,26,459.0,771.0,False,0,0
2026-01-08,A04,1,556.0,0.0,False,0,0
2026-01-08,A05,3,0.0,7011.0,False,3,0
2026-01-08,A06,51,10173.0,6504.0,False,0,2
2026-01-08,A07,35,1139.0,0.0,False,0,0
2026-01-08,A08,0,309.0,0.0,False,0,0
2026-01-08,A09,2,1054.0,0.0,False,0,0
2026-01-08,A10,119,2714.0,7892.0,False,0,1
2026-01-08,B01,3,12.0,367.0,False,0,0
2026-01-08,B02,2,1203.0,0.0,False,0,0
2026-01-08,B03,3,539.0,0.0,False,0,0
2026-01-08,B04,5,440.0,0.0,False,0,0
2026-01-08,B05,0,94.7,0.0,False,0,0
2026-01-08,B06,15,0.0,1158.0,False,15,0
2026-01-08,B07,6,6313.9,0.0,False,0,1
2026-01-08,B08,20,1475.0,1920.0,False,0,0
2026-01-08,B09,5,772.0,0.0,False,0,0
2026-01-08,B10,2,228.0,0.0,False,0,0
2026-01-08,B11,15,493.9,0.0,False,0,0
2026-01-08,B12,18,83.7,1171.0,False,0,0
2026-01-08,C01,0,62.0,0.0,False,0,0
2026-01-08,C02,6,193.0,0.0,False,0,0
2026-01-08,C03,0,19.0,124.0,False,0,0
2026-01-08,C04,0,120.6,473.0,False,0,0
2026-01-08,C05,3,265.0,0.0,False,0,0
2026-01-08,C06,4,298.6,0.0,False,0,0
2026-01-08,C07,1,329.0,0.0,False,0,0
2026-01-08,C08,0,0.0,102.0,False,0,0
2026-01-09,A01,44,1235.3,1120.0,False,0,0
2026-01-09,A02,195,3509.0,2692.0,False,0,1
2026-01-09,A03,0,459.0,771.0,False,0,0
2026-01-09,A04,0,556.0,0.0,False,0,0
2026-01-09,A05,12,0.0,7011.0,False,12,0
2026-01-09,A06,239,9932.0,6504.0,False,0,2
2026-01-09,A07,3,1136.0,0.0,False,0,0
2026-01-09,A08,1,308.0,0.0,False,0,0
2026-01-09,A09,0,1054.0,0.0,False,0,0
2026-01-09,A10,189,2524.0,7892.0,False,0,1
2026-01-09,B01,2,10.0,367.0,False,0,0
2026-01-09,B02,4,1199.0,0.0,False,0,0
2026-01-09,B03,14,525.0,0.0,False,0,0
2026-01-09,B04,0,440.0,0.0,False,0,0
2026-01-09,B05,0,93.0,0.0,False,0,0
2026-01-09,B06,0,0.0,1158.0,False,0,0
2026-01-09,B07,33,7038.0,0.0,False,0,1
2026-01-09,B08,2,1510.7,1920.0,False,0,0
2026-01-09,B09,5,767.0,0.0,False,0,0
2026-01-09,B10,0,228.0,0.0,False,0,0
2026-01-09,B11,20,513.0,0.0,False,0,0
2026-01-09,B12,1,76.0,1171.0,False,0,0
2026-01-09,C01,0,62.0,0.0,False,0,0
2026-01-09,C02,5,188.0,0.0,False,0,0
2026-01-09,C03,1,142.0,0.0,False,0,0
2026-01-09,C04,0,132.0,473.0,False,0,0
2026-01-09,C05,2,263.0,0.0,False,0,0
2026-01-09,C06,0,339.0,0.0,False,0,0
2026-01-09,C07,3,326.0,0.0,False,0,0
2026-01-09,C08,0,0.0,102.0,False,0,0
2026-01-10,A01,17,1332.0,1120.0,False,0,0
2026-01-10,A02,13,3868.3,2692.0,False,0,1
2026-01-10,A03,5,454.0,771.0,False,0,0
2026-01-10,A04,2,554.0,0.0,False,0,0
2026-01-10,A05,77,0.0,7011.0,False,77,0
2026-01-10,A06,492,9438.0,6504.0,False,0,2
2026-01-10,A07,17,1119.0,0.0,False,0,0
2026-01-10,A08,22,244.6,0.0,False,0,0
2026-01-10,A09,2,1052.0,0.0,False,0,0
2026-01-10,A10,18,2505.0,7892.0,False,0,1
2026-01-10,B01,0,10.0,367.0,False,0,0
2026-01-10,B02,1,1198.0,0.0,False,0,0
2026-01-10,B03,5,520.0,0.0,False,0,0
2026-01-10,B04,3,437.0,0.0,False,0,0
2026-01-10,B05,0,93.0,0.0,False,0,0
2026-01-10,B06,4,0.0,1158.0,False,4,0
2026-01-10,B07,32,7005.0,0.0,False,0,1
2026-01-10,B08,2,1471.0,1920.0,False,0,0
2026-01-10,B09,0,767.0,0.0,False,0,0
2026-01-10,B10,0,228.0,0.0,False,0,0
2026-01-10,B11,17,496.0,0.0,False,0,0
2026-01-10,B12,6,70.0,1171.0,False,0,0
2026-01-10,C01,0,62.0,0.0,False,0,0
2026-01-10,C02,19,169.0,0.0,False,0,0
2026-01-10,C03,1,141.0,0.0,False,0,0
2026-01-10,C04,3,129.0,473.0,False,0,0
2026-01-10,C05,0,263.0,0.0,False,0,0
2026-01-10,C06,0,339.0,0.0,False,0,0
2026-01-10,C07,3,323.0,0.0,False,0,0
2026-01-10,C08,0,0.0,102.0,False,0,0
2026-01-11,A01,8,1324.0,1120.0,False,0,0
2026-01-11,A02,38,3456.0,2692.0,False,0,1
2026-01-11,A03,17,437.0,771.0,False,0,0
2026-01-11,A04,0,554.0,0.0,False,0,0
2026-01-11,A05,328,0.0,7011.0,False,328,0
2026-01-11,A06,898,8538.0,6504.0,False,0,2
2026-01-11,A07,24,1095.0,0.0,False,0,0
2026-01-11,A08,16,270.0,0.0,False,0,0
2026-01-11,A09,2,1050.0,0.0,False,0,0
2026-01-11,A10,105,2400.0,7892.0,False,0,0
2026-01-11,B01,0,10.0,367.0,False,0,0
2026-01-11,B02,35,1163.0,0.0,False,0,0
2026-01-11,B03,3,517.0,0.0,False,0,0
2026-01-11,B04,10,427.0,0.0,False,0,0
2026-01-11,B05,0,93.0,0.0,False,0,0
2026-01-11,B06,1,1157.0,0.0,False,0,0
2026-01-11,B07,128,6876.0,0.0,False,0,1
2026-01-11,B08,11,1460.0,1920.0,False,0,0
2026-01-11,B09,5,762.0,0.0,False,0,0
2026-01-11,B10,6,222.0,0.0,False,0,0
2026-01-11,B11,3,493.0,0.0,False,0,0
2026-01-11,B12,4,66.0,1171.0,False,0,0
2026-01-11,C01,0,59.2,0.0,False,0,0
2026-01-11,C02,1,182.2,0.0,False,0,0
2026-01-11,C03,0,141.0,0.0,False,0,0
2026-01-11,C04,4,125.0,473.0,False,0,0
2026-01-11,C05,0,263.0,0.0,False,0,0
2026-01-11,C06,0,339.0,0.0,False,0,0
2026-01-11,C07,3,320.0,0.0,False,0,0
2026-01-11,C08,0,0.0,102.0,False,0,0
2026-01-12,A01,14,1310.0,1120.0,False,0,0
2026-01-12,A02,38,3417.0,2692.0,False,0,1
2026-01-12,A03,8,429.0,771.0,False,0,0
2026-01-12,A04,0,554.0,0.0,False,0,0
2026-01-12,A05,182,0.0,7011.0,False,182,0
2026-01-12,A06,118,8418.0,6504.0,False,0,2
2026-01-12,A07,17,1078.0,0.0,False,0,0
2026-01-12,A08,14,256.0,0.0,False,0,0
2026-01-12,A09,0,1050.0,0.0,False,0,0
2026-01-12,A10,81,2319.0,7892.0,False,0,0
2026-01-12,B01,6,4.1,367.0,False,0,0
2026-01-12,B02,1,1162.0,0.0,False,0,0
2026-01-12,B03,14,503.0,0.0,False,0,0
2026-01-12,B04,2,425.0,0.0,False,0,0
2026-01-12,B05,0,93.0,0.0,False,0,0
2026-01-12,B06,1,1156.0,0.0,False,0,0
2026-01-12,B07,99,6776.0,0.0,False,0,1
2026-01-12,B08,7,1453.0,1920.0,False,0,0
2026-01-12,B09,18,744.0,0.0,False,0,0
2026-01-12,B10,0,222.0,0.0,False,0,0
2026-01-12,B11,0,493.0,0.0,False,0,0
2026-01-12,B12,0,66.0,1171.0,False,0,0
2026-01-12,C01,1,61.0,0.0,False,0,0
2026-01-12,C02,1,167.0,0.0,False,0,0
2026-01-12,C03,0,141.0,0.0,False,0,0
2026-01-12,C04,14,111.0,473.0,False,0,0
2026-01-12,C05,2,261.0,0.0,False,0,0
2026-01-12,C06,0,339.0,0.0,False,0,0
2026-01-12,C07,0,320.0,0.0,False,0,0
2026-01-12,C08,0,0.0,102.0,False,0,0
2026-01-13,A01,23,1287.0,1120.0,False,0,0
2026-01-13,A02,54,3362.0,2692.0,False,0,1
2026-01-13,A03,0,429.0,771.0,False,0,0
2026-01-13,A04,1,553.0,0.0,False,0,0
2026-01-13,A05,138,0.0,7011.0,False,138,0
2026-01-13,A06,151,8265.0,6504.0,False,0,2
2026-01-13,A07,22,1056.0,0.0,False,0,0
2026-01-13,A08,7,249.0,0.0,False,0,0
2026-01-13,A09,1,1049.0,0.0,False,0,0
2026-01-13,A10,78,2241.0,7892.0,False,0,0
2026-01-13,B01,0,4.0,367.0,False,0,0
2026-01-13,B02,7,1155.0,0.0,False,0,0
2026-01-13,B03,0,503.0,0.0,False,0,0
2026-01-13,B04,2,423.0,0.0,False,0,0
2026-01-13,B05,1,92.0,0.0,False,0,0
2026-01-13,B06,1,1155.0,0.0,False,0,0
2026-01-13,B07,148,6627.0,0.0,False,0,1
2026-01-13,B08,129,1324.0,1920.0,False,0,0
2026-01-13,B09,3,741.0,0.0,False,0,0
2026-01-13,B10,2,220.0,0.0,False,0,0
2026-01-13,B11,5,488.0,0.0,False,0,0
2026-01-13,B12,12,54.0,1171.0,False,0,0
2026-01-13,C01,0,61.0,0.0,False,0,0
2026-01-13,C02,2,165.0,0.0,False,0,0
2026-01-13,C03,0,141.0,0.0,False,0,0
2026-01-13,C04,1,583.0,0.0,False,0,0
2026-01-13,C05,1,260.0,0.0,False,0,0
2026-01-13,C06,1,338.0,0.0,False,0,0
2026-01-13,C07,1,319.0,0.0,False,0,0
2026-01-13,C08,0,0.0,102.0,False,0,0
2026-01-14,A01,92,1195.0,1120.0,False,0,0
2026-01-14,A02,44,3317.0,2692.0,False,0,1
2026-01-14,A03,12,417.0,771.0,False,0,0
2026-01-14,A04,0,553.0,0.0,False,0,0
2026-01-14,A05,117,0.0,7011.0,False,117,0
2026-01-14,A06,9,8254.0,6504.0,False,0,2
2026-01-14,A07,2,1054.0,0.0,False,0,0
2026-01-14,A08,2,247.0,0.0,False,0,0
2026-01-14,A09,14,1035.0,0.0,False,0,0
2026-01-14,A10,338,1903.0,7892.0,False,0,0
2026-01-14,B01,0,4.0,367.0,False,0,0
2026-01-14,B02,23,1175.1,0.0,False,0,0
2026-01-14,B03,0,503.0,0.0,False,0,0
2026-01-14,B04,0,423.0,0.0,False,0,0
2026-01-14,B05,3,89.0,0.0,False,0,0
2026-01-14,B06,8,1147.0,0.0,False,0,0
2026-01-14,B07,22,6449.3,0.0,False,0,1
2026-01-14,B08,8,1316.0,1920.0,False,0,0
2026-01-14,B09,26,715.0,0.0,False,0,0
2026-01-14,B10,1,219.0,0.0,False,0,0
2026-01-14,B11,15,473.0,0.0,False,0,0
2026-01-14,B12,34,20.0,1171.0,False,0,0
2026-01-14,C01,1,60.0,0.0,False,0,0
2026-01-14,C02,9,160.9,0.0,False,0,0
2026-01-14,C03,0,141.0,0.0,False,0,0
2026-01-14,C04,3,580.0,0.0,False,0,0
2026-01-14,C05,3,236.0,0.0,False,0,0
2026-01-14,C06,0,338.0,0.0,False,0,0
2026-01-14,C07,3,316.0,0.0,False,0,0
2026-01-14,C08,0,0.0,102.0,False,0,0
2026-01-15,A01,35,1160.0,1120.0,False,0,0
2026-01-15,A02,32,3284.0,2692.0,False,0,1
2026-01-15,A03,29,388.0,771.0,False,0,0
2026-01-15,A04,0,553.0,0.0,False,0,0
2026-01-15,A05,11,0.0,7011.0,False,11,0
2026-01-15,A06,0,8252.0,6504.0,False,0,2
2026-01-15,A07,46,1137.3,0.0,False,0,0
2026-01-15,A08,4,226.7,0.0,False,0,0
2026-01-15,A09,0,1035.0,0.0,False,0,0
2026-01-15,A10,51,2012.5,7892.0,False,0,0
2026-01-15,B01,0,4.0,367.0,False,0,0
2026-01-15,B02,0,1132.0,0.0,False,0,0
2026-01-15,B03,0,503.0,0.0,False,0,0
2026-01-15,B04,3,420.0,0.0,False,0,0
2026-01-15,B05,1,88.0,0.0,False,0,0
2026-01-15,B06,20,1127.0,0.0,False,0,0
2026-01-15,B07,19,6584.0,0.0,False,0,1
2026-01-15,B08,9,1307.0,1920.0,False,0,0
2026-01-15,B09,18,697.0,0.0,False,0,0
2026-01-15,B10,5,214.0,0.0,False,0,0
2026-01-15,B11,4,512.9,0.0,False,0,0
2026-01-15,B12,70,0.0,1171.0,False,50,0
2026-01-15,C01,0,60.0,0.0,False,0,0
2026-01-15,C02,7,149.0,0.0,False,0,0
2026-01-15,C03,0,120.0,0.0,False,0,0
2026-01-15,C04,5,575.0,0.0,False,0,0
2026-01-15,C05,2,255.0,0.0,False,0,0
2026-01-15,C06,1,337.0,0.0,False,0,0
2026-01-15,C07,6,310.0,0.0,False,0,0
2026-01-15,C08,0,0.0,102.0,False,0,0
2026-01-16,A01,57,1103.0,1120.0,False,0,0
2026-01-16,A02,174,3109.0,2692.0,False,0,1
2026-01-16,A03,5,383.0,771.0,False,0,0
2026-01-16,A04,0,553.0,0.0,False,0,0
2026-01-16,A05,26,0.0,7011.0,False,26,0
2026-01-16,A06,46,8204.0,6504.0,False,0,2
2026-01-16,A07,7,1001.0,715.0,True,0,0
2026-01-16,A08,20,223.0,0.0,False,0,0
2026-01-16,A09,18,869.3,0.0,False,0,0
2026-01-16,A10,18,1834.0,7892.0,False,0,0
2026-01-16,B01,13,0.0,367.0,False,9,0
2026-01-16,B02,4,1128.0,0.0,False,0,0
2026-01-16,B03,1,502.0,0.0,False,0,0
2026-01-16,B04,0,420.0,0.0,False,0,0
2026-01-16,B05,4,84.0,0.0,False,0,0
2026-01-16,B06,16,1219.1,0.0,False,0,0
2026-01-16,B07,304,6279.0,0.0,False,0,1
2026-01-16,B08,3,1304.0,1920.0,False,0,0
2026-01-16,B09,9,694.9,0.0,False,0,0
2026-01-16,B10,5,209.0,0.0,False,0,0
2026-01-16,B11,3,466.0,0.0,False,0,0
2026-01-16,B12,37,0.0,1171.0,False,37,0
2026-01-16,C01,0,60.0,0.0,False,0,0
2026-01-16,C02,6,143.0,0.0,False,0,0
2026-01-16,C03,0,141.0,0.0,False,0,0
2026-01-16,C04,9,566.0,0.0,False,0,0
2026-01-16,C05,0,255.0,0.0,False,0,0
2026-01-16,C06,0,337.0,0.0,False,0,0
2026-01-16,C07,3,307.0,0.0,False,0,0
2026-01-16,C08,1,0.0,102.0,False,1,0
2026-01-17,A01,6,974.0,1120.0,False,0,0
2026-01-17,A02,224,2775.4,2692.0,False,0,1
2026-01-17,A03,0,383.0,771.0,False,0,0
2026-01-17,A04,4,549.0,0.0,False,0,0
2026-01-17,A05,17,3484.0,3509.0,False,0,1
2026-01-17,A06,0,8202.0,6504.0,False,0,2
2026-01-17,A07,5,996.0,715.0,False,0,0
2026-01-17,A08,1,222.0,0.0,False,0,0
2026-01-17,A09,3,970.4,0.0,False,0,0
2026-01-17,A10,152,1682.0,7892.0,False,0,0
2026-01-17,B01,5,0.0,367.0,False,5,0
2026-01-17,B02,40,960.4,0.0,False,0,0
2026-01-17,B03,23,479.0,0.0,False,0,0
2026-01-17,B04,0,420.0,0.0,False,0,0
2026-01-17,B05,0,84.0,0.0,False,0,0
2026-01-17,B06,0,1111.0,0.0,False,0,0
2026-01-17,B07,34,6244.0,0.0,False,0,1
2026-01-17,B08,71,1233.0,1920.0,False,0,0
2026-01-17,B09,9,679.0,0.0,False,0,0
2026-01-17,B10,0,227.3,0.0,False,0,0
2026-01-17,B11,5,423.1,0.0,False,0,0
2026-01-17,B12,6,1165.0,0.0,False,0,0
2026-01-17,C01,1,59.0,0.0,False,0,0
2026-01-17,C02,1,148.7,0.0,False,0,0
2026-01-17,C03,0,141.0,0.0,False,0,0
2026-01-17,C04,1,565.0,0.0,False,0,0
2026-01-17,C05,2,253.0,0.0,False,0,0
2026-01-17,C06,11,326.0,0.0,False,0,0
2026-01-17,C07,1,306.0,0.0,False,0,0
2026-01-17,C08,0,0.0,102.0,False,0,0
2026-01-18,A01,73,1024.0,1120.0,False,0,0
2026-01-18,A02,53,2830.0,2692.0,False,0,1
2026-01-18,A03,13,370.0,771.0,False,0,0
2026-01-18,A04,2,494.7,0.0,False,0,0
2026-01-18,A05,124,3359.0,3509.0,False,0,1
2026-01-18,A06,121,8079.0,6504.0,False,0,2
2026-01-18,A07,3,993.0,715.0,False,0,0
2026-01-18,A08,2,220.0,0.0,False,0,0
2026-01-18,A09,0,1014.0,0.0,False,0,0
2026-01-18,A10,146,1536.0,7892.0,False,0,0
2026-01-18,B01,0,0.0,367.0,False,0,0
2026-01-18,B02,5,1083.0,0.0,False,0,0
2026-01-18,B03,2,449.5,0.0,False,0,0
2026-01-18,B04,2,379.1,0.0,False,0,0
2026-01-18,B05,0,84.0,0.0,False,0,0
2026-01-18,B06,11,1100.0,0.0,False,0,0
2026-01-18,B07,199,6044.0,0.0,False,0,1
2026-01-18,B08,10,1291.9,1920.0,False,0,0
2026-01-18,B09,4,675.0,0.0,False,0,0
2026-01-18,B10,2,207.0,0.0,False,0,0
2026-01-18,B11,1,460.0,0.0,False,0,0
2026-01-18,B12,0,1165.0,0.0,False,0,0
2026-01-18,C01,0,59.0,0.0,False,0,0
2026-01-18,C02,2,140.0,0.0,False,0,0
2026-01-18,C03,0,146.3,0.0,False,0,0
2026-01-18,C04,1,564.0,0.0,False,0,0
2026-01-18,C05,1,252.0,0.0,False,0,0
2026-01-18,C06,0,326.0,0.0,False,0,0
2026-01-18,C07,0,306.0,0.0,False,0,0
2026-01-18,C08,0,0.0,102.0,False,0,0
2026-01-19,A01,0,1024.0,1120.0,False,0,0
2026-01-19,A02,49,2780.0,2692.0,False,0,1
2026-01-19,A03,15,355.0,771.0,False,0,0
2026-01-19,A04,6,541.0,0.0,False,0,0
2026-01-19,A05,29,3329.0,3509.0,False,0,1
2026-01-19,A06,152,7925.0,6504.0,False,0,2
2026-01-19,A07,1,992.0,715.0,False,0,0
2026-01-19,A08,2,218.0,0.0,False,0,0
2026-01-19,A09,16,998.0,0.0,False,0,0
2026-01-19,A10,223,1313.0,7892.0,False,0,0
2026-01-19,B01,0,0.0,367.0,False,0,0
2026-01-19,B02,7,1076.0,0.0,False,0,0
2026-01-19,B03,1,476.0,0.0,False,0,0
2026-01-19,B04,3,414.1,0.0,False,0,0
2026-01-19,B05,1,83.0,0.0,False,0,0
2026-01-19,B06,56,1044.0,0.0,False,0,0
2026-01-19,B07,102,5941.0,0.0,False,0,1
2026-01-19,B08,20,1203.0,1920.0,False,0,0
2026-01-19,B09,26,649.0,0.0,False,0,0
2026-01-19,B10,5,174.3,0.0,False,0,0
2026-01-19,B11,0,460.0,0.0,False,0,0
2026-01-19,B12,65,1100.0,0.0,False,0,0
2026-01-19,C01,0,59.0,0.0,False,0,0
2026-01-19,C02,2,138.0,0.0,False,0,0
2026-01-19,C03,0,141.0,0.0,False,0,0
2026-01-19,C04,3,561.0,0.0,False,0,0
2026-01-19,C05,1,251.0,0.0,False,0,0
2026-01-19,C06,1,325.0,0.0,False,0,0
2026-01-19,C07,8,298.0,0.0,False,0,0
2026-01-19,C08,1,0.0,102.0,False,1,0
2026-01-20,A01,27,869.0,1120.0,False,0,0
2026-01-20,A02,167,2612.0,2692.0,False,0,1
2026-01-20,A03,4,351.0,771.0,False,0,0
2026-01-20,A04,3,538.0,0.0,False,0,0
2026-01-20,A05,48,3280.0,3509.0,False,0,1
2026-01-20,A06,10,8670.8,6504.0,False,0,2
2026-01-20,A07,2,990.0,715.0,False,0,0
2026-01-20,A08,3,215.0,0.0,False,0,0
2026-01-20,A09,14,984.0,0.0,False,0,0
2026-01-20,A10,8,1305.0,7892.0,False,0,0
2026-01-20,B01,0,0.0,367.0,False,0,0
2026-01-20,B02,21,1055.0,0.0,False,0,0
2026-01-20,B03,4,472.0,0.0,False,0,0
2026-01-20,B04,0,415.0,0.0,False,0,0
2026-01-20,B05,0,83.0,0.0,False,0,0
2026-01-20,B06,26,1155.0,0.0,False,0,0
2026-01-20,B07,24,5916.0,0.0,False,0,1
2026-01-20,B08,54,1149.0,1920.0,False,0,0
2026-01-20,B09,0,649.0,0.0,False,0,0
2026-01-20,B10,0,202.0,0.0,False,0,0
2026-01-20,B11,15,445.0,0.0,False,0,0
2026-01-20,B12,1,1099.0,0.0,False,0,0
2026-01-20,C01,0,60.6,0.0,False,0,0
2026-01-20,C02,2,136.0,0.0,False,0,0
2026-01-20,C03,0,141.0,0.0,False,0,0
2026-01-20,C04,2,559.0,0.0,False,0,0
2026-01-20,C05,2,249.0,0.0,False,0,0
2026-01-20,C06,0,301.5,0.0,False,0,0
2026-01-20,C07,1,297.0,0.0,False,0,0
2026-01-20,C08,0,0.0,102.0,False,0,0
2026-01-21,A01,60,937.0,1120.0,False,0,0
2026-01-21,A02,81,2530.0,2692.0,False,0,1
2026-01-21,A03,0,351.0,771.0,False,0,0
2026-01-21,A04,0,538.0,0.0,False,0,0
2026-01-21,A05,123,3156.0,3509.0,False,0,1
2026-01-21,A06,53,7858.0,6504.0,False,0,2
2026-01-21,A07,2,939.9,715.0,False,0,0
2026-01-21,A08,0,215.0,0.0,False,0,0
2026-01-21,A09,3,981.0,0.0,False,0,0
2026-01-21,A10,99,1206.0,7892.0,False,0,0
2026-01-21,B01,3,0.0,367.0,False,3,0
2026-01-21,B02,22,1033.0,0.0,False,0,0
2026-01-21,B03,0,510.0,0.0,False,0,0
2026-01-21,B04,3,473.8,0.0,False,0,0
2026-01-21,B05,0,83.0,0.0,False,0,0
2026-01-21,B06,4,1014.0,0.0,False,0,0
2026-01-21,B07,160,5755.0,0.0,False,0,1
2026-01-21,B08,7,1142.0,1920.0,False,0,0
2026-01-21,B09,12,637.0,0.0,False,0,0
2026-01-21,B10,1,201.0,0.0,False,0,0
2026-01-21,B11,22,423.0,0.0,False,0,0
2026-01-21,B12,2,1097.0,0.0,False,0,0
2026-01-21,C01,1,58.0,0.0,False,0,0
2026-01-21,C02,9,127.0,0.0,False,0,0
2026-01-21,C03,1,140.0,0.0,False,0,0
2026-01-21,C04,1,558.0,0.0,False,0,0
2026-01-21,C05,0,249.0,0.0,False,0,0
2026-01-21,C06,1,324.0,0.0,False,0,0
2026-01-21,C07,0,300.0,0.0,False,0,0
2026-01-21,C08,5,0.0,102.0,False,5,0
2026-01-22,A01,43,894.0,1120.0,False,0,0
2026-01-22,A02,35,2494.0,2692.0,False,0,1
2026-01-22,A03,1,350.0,771.0,False,0,0
2026-01-22,A04,0,533.4,0.0,False,0,0
2026-01-22,A05,6,3149.0,3509.0,False,0,1
2026-01-22,A06,2,14357.0,0.0,False,0,3
2026-01-22,A07,10,955.3,715.0,False,0,0
2026-01-22,A08,1,214.0,0.0,False,0,0
2026-01-22,A09,2,979.0,0.0,False,0,0
2026-01-22,A10,81,1125.0,7892.0,False,0,0
2026-01-22,B01,2,0.0,367.0,False,2,0
2026-01-22,B02,10,1023.0,0.0,False,0,0
2026-01-22,B03,13,459.0,0.0,False,0,0
2026-01-22,B04,30,382.0,0.0,False,0,0
2026-01-22,B05,2,81.0,0.0,False,0,0
2026-01-22,B06,0,1014.0,0.0,False,0,0
2026-01-22,B07,30,5724.0,0.0,False,0,1
2026-01-22,B08,22,1120.0,1920.0,False,0,0
2026-01-22,B09,0,637.0,0.0,False,0,0
2026-01-22,B10,3,198.0,0.0,False,0,0
2026-01-22,B11,3,420.0,0.0,False,0,0
2026-01-22,B12,3,1094.0,0.0,False,0,0
2026-01-22,C01,8,50.0,29.0,True,0,0
2026-01-22,C02,1,126.0,0.0,False,0,0
2026-01-22,C03,0,140.0,0.0,False,0,0
2026-01-22,C04,0,562.2,0.0,False,0,0
2026-01-22,C05,0,222.6,0.0,False,0,0
2026-01-22,C06,2,322.0,0.0,False,0,0
2026-01-22,C07,2,295.0,0.0,False,0,0
2026-01-22,C08,0,0.0,102.0,False,0,0
2026-01-23,A01,60,834.0,1120.0,False,0,0
2026-01-23,A02,47,2446.0,2692.0,False,0,1
2026-01-23,A03,0,1121.0,0.0,False,0,0
2026-01-23,A04,0,538.0,0.0,False,0,0
2026-01-23,A05,80,3419.6,3509.0,False,0,1
2026-01-23,A06,11,14343.0,0.0,False,0,3
2026-01-23,A07,23,955.0,715.0,False,0,0
2026-01-23,A08,15,199.0,0.0,False,0,0
2026-01-23,A09,2,977.0,0.0,False,0,0
2026-01-23,A10,472,565.4,7892.0,False,0,0
2026-01-23,B01,2,0.0,367.0,False,2,0
2026-01-23,B02,7,1016.0,0.0,False,0,0
2026-01-23,B03,5,454.0,0.0,False,0,0
2026-01-23,B04,12,370.0,0.0,False,0,0
2026-01-23,B05,0,81.0,0.0,False,0,0
2026-01-23,B06,11,1003.0,0.0,False,0,0
2026-01-23,B07,68,5655.0,0.0,False,0,1
2026-01-23,B08,19,1101.0,1920.0,False,0,0
2026-01-23,B09,14,677.8,0.0,False,0,0
2026-01-23,B10,1,197.0,0.0,False,0,0
2026-01-23,B11,0,420.0,0.0,False,0,0
2026-01-23,B12,0,1094.0,0.0,False,0,0
2026-01-23,C01,2,48.0,29.0,False,0,0
2026-01-23,C02,5,121.0,0.0,False,0,0
2026-01-23,C03,0,140.0,0.0,False,0,0
2026-01-23,C04,3,555.0,0.0,False,0,0
2026-01-23,C05,0,249.0,0.0,False,0,0
2026-01-23,C06,0,322.0,0.0,False,0,0
2026-01-23,C07,0,295.0,0.0,False,0,0
2026-01-23,C08,0,0.0,102.0,False,0,0
2026-01-24,A01,14,820.0,1120.0,False,0,0
2026-01-24,A02,16,2430.0,2692.0,False,0,0
2026-01-24,A03,0,1121.0,0.0,False,0,0
2026-01-24,A04,1,537.0,0.0,False,0,0
2026-01-24,A05,21,3046.0,3509.0,False,0,1
2026-01-24,A06,124,14216.0,0.0,False,0,3
2026-01-24,A07,26,929.0,715.0,False,0,0
2026-01-24,A08,1,198.0,0.0,False,0,0
2026-01-24,A09,7,1027.7,0.0,False,0,0
2026-01-24,A10,69,584.0,7892.0,False,0,0
2026-01-24,B01,1,0.0,367.0,False,1,0
2026-01-24,B02,3,1013.0,0.0,False,0,0
2026-01-24,B03,3,451.0,0.0,False,0,0
2026-01-24,B04,0,325.6,0.0,False,0,0
2026-01-24,B05,2,79.0,0.0,False,0,0
2026-01-24,B06,0,1003.0,0.0,False,0,0
2026-01-24,B07,5,5649.0,0.0,False,0,1
2026-01-24,B08,16,1085.0,1920.0,False,0,0
2026-01-24,B09,17,606.0,0.0,False,0,0
2026-01-24,B10,0,197.0,0.0,False,0,0
2026-01-24,B11,14,445.8,0.0,False,0,0
2026-01-24,B12,13,1081.0,0.0,False,0,0
2026-01-24,C01,2,46.0,29.0,False,0,0
2026-01-24,C02,11,110.0,0.0,False,0,0
2026-01-24,C03,3,137.0,0.0,False,0,0
2026-01-24,C04,1,554.0,0.0,False,0,0
2026-01-24,C05,1,283.5,0.0,False,0,0
2026-01-24,C06,0,322.0,0.0,False,0,0
2026-01-24,C07,2,315.3,0.0,False,0,0
2026-01-24,C08,0,0.0,102.0,False,0,0
2026-01-25,A01,1,819.0,1120.0,False,0,0
2026-01-25,A02,42,2388.0,2692.0,False,0,0
2026-01-25,A03,4,1117.0,0.0,False,0,0
2026-01-25,A04,2,535.0,0.0,False,0,0
2026-01-25,A05,0,3087.6,3509.0,False,0,1
2026-01-25,A06,85,14627.7,0.0,False,0,3
2026-01-25,A07,10,919.0,715.0,False,0,0
2026-01-25,A08,14,184.0,0.0,False,0,0
2026-01-25,A09,29,941.0,0.0,False,0,0
2026-01-25,A10,59,525.0,7892.0,False,0,0
2026-01-25,B01,7,0.0,367.0,False,7,0
2026-01-25,B02,19,994.0,0.0,False,0,0
2026-01-25,B03,3,448.0,0.0,False,0,0
2026-01-25,B04,7,363.0,0.0,False,0,0
2026-01-25,B05,2,77.0,0.0,False,0,0
2026-01-25,B06,4,1039.7,0.0,False,0,0
2026-01-25,B07,209,5439.0,4928.0,True,0,1
2026-01-25,B08,2,1083.0,1920.0,False,0,0
2026-01-25,B09,7,599.0,0.0,False,0,0
2026-01-25,B10,2,195.0,0.0,False,0,0
2026-01-25,B11,4,402.0,0.0,False,0,0
2026-01-25,B12,4,1077.0,0.0,False,0,0
2026-01-25,C01,1,45.0,29.0,False,0,0
2026-01-25,C02,2,108.0,0.0,False,0,0
2026-01-25,C03,0,137.0,0.0,False,0,0
2026-01-25,C04,3,551.0,0.0,False,0,0
2026-01-25,C05,2,246.0,0.0,False,0,0
2026-01-25,C06,0,322.0,0.0,False,0,0
2026-01-25,C07,1,292.0,0.0,False,0,0
2026-01-25,C08,0,0.0,102.0,False,0,0
2026-01-26,A01,14,805.0,2198.0,True,0,0
2026-01-26,A02,18,2370.0,2692.0,False,0,0
2026-01-26,A03,7,1110.0,0.0,False,0,0
2026-01-26,A04,2,533.0,0.0,False,0,0
2026-01-26,A05,306,2738.0,3509.0,False,0,1
2026-01-26,A06,19,14106.0,0.0,False,0,3
2026-01-26,A07,30,889.0,715.0,False,0,0
2026-01-26,A08,6,178.0,0.0,False,0,0
2026-01-26,A09,0,941.0,0.0,False,0,0
2026-01-26,A10,217,308.0,7892.0,False,0,0
2026-01-26,B01,2,0.0,367.0,False,2,0
2026-01-26,B02,24,970.0,0.0,False,0,0
2026-01-26,B03,7,441.0,0.0,False,0,0
2026-01-26,B04,2,361.0,0.0,False,0,0
2026-01-26,B05,0,77.0,0.0,False,0,0
2026-01-26,B06,3,848.7,0.0,False,0,0
2026-01-26,B07,249,5189.0,4928.0,False,0,1
2026-01-26,B08,32,2970.0,0.0,False,0,1
2026-01-26,B09,14,663.7,0.0,False,0,0
2026-01-26,B10,2,193.0,0.0,False,0,0
2026-01-26,B11,3,372.2,0.0,False,0,0
2026-01-26,B12,23,1054.0,0.0,False,0,0
2026-01-26,C01,0,45.0,29.0,False,0,0
2026-01-26,C02,12,96.0,917.0,True,0,0
2026-01-26,C03,0,137.0,0.0,False,0,0
2026-01-26,C04,0,551.0,0.0,False,0,0
2026-01-26,C05,0,246.0,0.0,False,0,0
2026-01-26,C06,0,322.0,0.0,False,0,0
2026-01-26,C07,6,286.0,0.0,False,0,0
2026-01-26,C08,0,102.0,0.0,False,0,0
2026-01-27,A01,0,805.0,2198.0,False,0,0
2026-01-27,A02,159,2211.0,2692.0,False,0,0
2026-01-27,A03,0,1110.0,0.0,False,0,0
2026-01-27,A04,4,529.0,0.0,False,0,0
2026-01-27,A05,92,3040.0,3509.0,False,0,1
2026-01-27,A06,252,13851.0,0.0,False,0,3
2026-01-27,A07,14,875.0,715.0,False,0,0
2026-01-27,A08,6,172.0,0.0,False,0,0
2026-01-27,A09,3,938.0,0.0,False,0,0
2026-01-27,A10,113,195.0,15754.0,True,0,0
2026-01-27,B01,0,0.0,367.0,False,0,0
2026-01-27,B02,3,967.0,0.0,False,0,0
2026-01-27,B03,23,477.5,0.0,False,0,0
2026-01-27,B04,6,355.0,0.0,False,0,0
2026-01-27,B05,5,72.0,0.0,False,0,0
2026-01-27,B06,3,993.0,0.0,False,0,0
2026-01-27,B07,20,5168.0,4928.0,False,0,1
2026-01-27,B08,12,2957.0,0.0,False,0,1
2026-01-27,B09,1,584.0,0.0,False,0,0
2026-01-27,B10,8,185.0,0.0,False,0,0
2026-01-27,B11,1,398.0,0.0,False,0,0
2026-01-27,B12,2,1052.0,0.0,False,0,0
2026-01-27,C01,0,45.0,29.0,False,0,0
2026-01-27,C02,2,94.0,917.0,False,0,0
2026-01-27,C03,0,137.0,0.0,False,0,0
2026-01-27,C04,3,580.8,0.0,False,0,0
2026-01-27,C05,2,244.0,0.0,False,0,0
2026-01-27,C06,1,321.0,0.0,False,0,0
2026-01-27,C07,0,286.0,0.0,False,0,0
2026-01-27,C08,2,100.0,0.0,False,0,0
2026-01-28,A01,13,885.5,2198.0,False,0,0
2026-01-28,A02,4,2207.0,2692.0,False,0,0
2026-01-28,A03,46,1064.0,0.0,False,0,0
2026-01-28,A04,1,528.0,0.0,False,0,0
2026-01-28,A05,28,2468.1,3509.0,False,0,1
2026-01-28,A06,22,13826.0,0.0,False,0,3
2026-01-28,A07,21,896.1,715.0,False,0,0
2026-01-28,A08,11,161.0,0.0,False,0,0
2026-01-28,A09,12,926.0,0.0,False,0,0
2026-01-28,A10,102,93.0,15754.0,False,0,0
2026-01-28,B01,7,0.0,367.0,False,7,0
2026-01-28,B02,29,938.0,0.0,False,0,0
2026-01-28,B03,2,416.0,0.0,False,0,0
2026-01-28,B04,0,355.0,0.0,False,0,0
2026-01-28,B05,1,71.0,0.0,False,0,0
2026-01-28,B06,0,993.0,0.0,False,0,0
2026-01-28,B07,4,5258.3,4928.0,False,0,1
2026-01-28,B08,164,2792.0,0.0,False,0,1
2026-01-28,B09,0,584.0,0.0,False,0,0
2026-01-28,B10,0,185.0,0.0,False,0,0
2026-01-28,B11,18,421.1,0.0,False,0,0
2026-01-28,B12,42,1010.0,1065.0,True,0,0
2026-01-28,C01,2,43.0,29.0,False,0,0
2026-01-28,C02,17,77.0,917.0,False,0,0
2026-01-28,C03,0,137.0,0.0,False,0,0
2026-01-28,C04,0,548.0,0.0,False,0,0
2026-01-28,C05,1,243.0,0.0,False,0,0
2026-01-28,C06,1,320.0,0.0,False,0,0
2026-01-28,C07,0,286.0,0.0,False,0,0
2026-01-28,C08,0,100.0,0.0,False,0,0
2026-01-29,A01,2,734.9,2198.0,False,0,0
2026-01-29,A02,174,2033.0,2692.0,False,0,0
2026-01-29,A03,8,1056.0,0.0,False,0,0
2026-01-29,A04,3,525.0,0.0,False,0,0
2026-01-29,A05,13,2602.0,3509.0,False,0,1
2026-01-29,A06,690,13133.0,0.0,False,0,3
2026-01-29,A07,19,835.0,715.0,False,0,0
2026-01-29,A08,1,160.0,0.0,False,0,0
2026-01-29,A09,0,926.0,0.0,False,0,0
2026-01-29,A10,355,0.0,15754.0,False,262,0
2026-01-29,B01,7,0.0,367.0,False,7,0
2026-01-29,B02,14,924.0,0.0,False,0,0
2026-01-29,B03,0,416.0,0.0,False,0,0
2026-01-29,B04,1,354.0,0.0,False,0,0
2026-01-29,B05,0,71.0,0.0,False,0,0
2026-01-29,B06,20,877.3,0.0,False,0,0
2026-01-29,B07,54,5108.0,4928.0,False,0,1
2026-01-29,B08,43,2748.0,0.0,False,0,1
2026-01-29,B09,0,584.0,0.0,False,0,0
2026-01-29,B10,3,182.0,0.0,False,0,0
2026-01-29,B11,2,378.0,0.0,False,0,0
2026-01-29,B12,29,981.0,1065.0,False,0,0
2026-01-29,C01,0,43.0,29.0,False,0,0
2026-01-29,C02,0,77.0,917.0,False,0,0
2026-01-29,C03,0,137.0,0.0,False,0,0
2026-01-29,C04,1,547.0,0.0,False,0,0
2026-01-29,C05,0,243.0,0.0,False,0,0
2026-01-29,C06,1,319.0,0.0,False,0,0
2026-01-29,C07,19,267.0,0.0,False,0,0
2026-01-29,C08,1,99.0,0.0,False,0,0
2026-01-30,A01,60,730.0,2198.0,False,0,0
2026-01-30,A02,20,2013.0,2692.0,False,0,0
2026-01-30,A03,17,1039.0,0.0,False,0,0
2026-01-30,A04,0,525.0,0.0,False,0,0
2026-01-30,A05,376,2226.0,3509.0,False,0,0
2026-01-30,A06,267,12863.0,0.0,False,0,3
2026-01-30,A07,19,816.0,715.0,False,0,0
2026-01-30,A08,0,160.0,0.0,False,0,0
2026-01-30,A09,1,925.0,0.0,False,0,0
2026-01-30,A10,2,0.0,15754.0,False,2,0
2026-01-30,B01,3,0.0,367.0,False,3,0
2026-01-30,B02,1,923.0,0.0,False,0,0
2026-01-30,B03,0,416.0,0.0,False,0,0
2026-01-30,B04,25,329.0,0.0,False,0,0
2026-01-30,B05,1,70.0,0.0,False,0,0
2026-01-30,B06,1,972.0,0.0,False,0,0
2026-01-30,B07,3,5104.0,4928.0,False,0,1
2026-01-30,B08,25,2722.0,0.0,False,0,1
2026-01-30,B09,4,580.0,0.0,False,0,0
2026-01-30,B10,1,181.0,0.0,False,0,0
2026-01-30,B11,14,364.0,0.0,False,0,0
2026-01-30,B12,56,925.0,1065.0,False,0,0
2026-01-30,C01,1,42.0,29.0,False,0,0
2026-01-30,C02,0,77.0,917.0,False,0,0
2026-01-30,C03,0,137.0,0.0,False,0,0
2026-01-30,C04,1,532.9,0.0,False,0,0
2026-01-30,C05,0,243.0,0.0,False,0,0
2026-01-30,C06,0,319.0,0.0,False,0,0
2026-01-30,C07,0,267.0,0.0,False,0,0
2026-01-30,C08,0,99.0,0.0,False,0,0
2026-01-31,A01,20,710.0,2198.0,False,0,0
2026-01-31,A02,29,1984.0,2692.0,False,0,0
2026-01-31,A03,3,1036.0,0.0,False,0,0
2026-01-31,A04,2,523.0,0.0,False,0,0
2026-01-31,A05,66,2012.6,3509.0,False,0,0
2026-01-31,A06,25,12835.0,0.0,False,0,3
2026-01-31,A07,14,802.0,715.0,False,0,0
2026-01-31,A08,7,153.0,0.0,False,0,0
2026-01-31,A09,1,924.0,0.0,False,0,0
2026-01-31,A10,333,0.0,15754.0,False,333,0
2026-01-31,B01,1,0.0,367.0,False,1,0
2026-01-31,B02,14,909.0,0.0,False,0,0
2026-01-31,B03,0,416.0,0.0,False,0,0
2026-01-31,B04,3,326.0,0.0,False,0,0
2026-01-31,B05,0,70.0,0.0,False,0,0
2026-01-31,B06,1,971.0,0.0,False,0,0
2026-01-31,B07,301,4802.0,4928.0,False,0,1
2026-01-31,B08,63,2658.0,0.0,False,0,1
2026-01-31,B09,6,574.0,0.0,False,0,0
2026-01-31,B10,0,181.0,0.0,False,0,0
2026-01-31,B11,12,352.0,0.0,False,0,0
2026-01-31,B12,2,923.0,1065.0,False,0,0
2026-01-31,C01,0,42.0,29.0,False,0,0
2026-01-31,C02,7,70.0,917.0,False,0,0
2026-01-31,C03,1,136.0,0.0,False,0,0
2026-01-31,C04,0,546.0,0.0,False,0,0
2026-01-31,C05,0,243.0,0.0,False,0,0
2026-01-31,C06,2,317.0,0.0,False,0,0
2026-01-31,C07,1,266.0,0.0,False,0,0
2026-01-31,C08,0,99.0,0.0,False,0,0
