date,item_id,daily_consumption_units,recorded_stock_on_hand_units,stock_on_order_units,order_placed_today,stockout_today_units,expiry_today_units
2025-01-01,A01,10,1190.0,1813.0,True,0,0
2025-01-01,A02,0,2395.9,4252.0,True,0,0
2025-01-01,A03,0,320.0,1006.0,True,0,0
2025-01-01,A04,0,104.3,544.0,True,0,0
2025-01-01,A05,111,2140.2,6422.0,True,0,0
2025-01-01,A06,121,5078.0,11654.0,True,0,1
2025-01-01,A07,2,448.0,1268.0,True,0,0
2025-01-01,A08,0,195.1,0.0,False,0,0
2025-01-01,A09,2,198.0,896.0,True,0,0
2025-01-01,A10,1,3998.0,11951.0,True,0,1
2025-01-01,B01,0,80.0,428.0,True,0,0
2025-01-01,B02,1,249.0,2167.0,True,0,0
2025-01-01,B03,3,117.0,992.0,True,0,0
2025-01-01,B04,1,89.0,989.0,True,0,0
2025-01-01,B05,0,40.0,0.0,False,0,0
2025-01-01,B06,14,246.0,1214.0,True,0,0
2025-01-01,B07,65,1435.0,8932.0,True,0,0
2025-01-01,B08,20,465.9,2950.0,True,0,0
2025-01-01,B09,33,107.0,1056.0,True,0,0
2025-01-01,B10,0,60.0,226.0,True,0,0
2025-01-01,B11,13,167.0,1042.0,True,0,0
2025-01-01,B12,3,292.2,1782.0,True,0,0
2025-01-01,C01,0,13.1,66.0,True,0,0
2025-01-01,C02,2,98.0,915.0,True,0,0
2025-01-01,C03,0,18.0,130.0,True,0,0
2025-01-01,C04,1,79.0,568.0,True,0,0
2025-01-01,C05,2,38.0,0.0,False,0,0
2025-01-01,C06,2,58.0,0.0,False,0,0
2025-01-01,C07,0,80.0,0.0,False,0,0
2025-01-01,C08,0,15.0,106.0,True,0,0
2025-01-02,A01,1,1189.0,1813.0,False,0,0
2025-01-02,A02,87,2313.0,4252.0,False,0,0
2025-01-02,A03,14,306.0,1006.0,False,0,0
2025-01-02,A04,1,99.0,544.0,False,0,0
2025-01-02,A05,142,2147.0,6422.0,False,0,0
2025-01-02,A06,8,5069.0,11654.0,False,0,1
2025-01-02,A07,8,440.0,1268.0,False,0,0
2025-01-02,A08,6,194.0,0.0,False,0,0
2025-01-02,A09,0,198.0,896.0,False,0,0
2025-01-02,A10,54,3943.0,11951.0,False,0,1
2025-01-02,B01,7,69.5,428.0,False,0,0
2025-01-02,B02,11,238.0,2167.0,False,0,0
2025-01-02,B03,3,114.0,992.0,False,0,0
2025-01-02,B04,0,90.4,989.0,False,0,0
2025-01-02,B05,2,38.0,0.0,False,0,0
2025-01-02,B06,3,225.3,1214.0,False,0,0
2025-01-02,B07,1,1434.0,8932.0,False,0,0
2025-01-02,B08,11,469.0,2950.0,False,0,0
2025-01-02,B09,20,87.0,1056.0,False,0,0
2025-01-02,B10,5,55.0,226.0,False,0,0
2025-01-02,B11,20,147.0,1042.0,False,0,0
2025-01-02,B12,88,209.0,1782.0,False,0,0
2025-01-02,C01,0,12.0,66.0,False,0,0
2025-01-02,C02,21,77.0,915.0,False,0,0
2025-01-02,C03,0,18.0,130.0,False,0,0
2025-01-02,C04,2,77.0,568.0,False,0,0
2025-01-02,C05,2,36.0,403.0,True,0,0
2025-01-02,C06,1,57.0,0.0,False,0,0
2025-01-02,C07,2,78.0,0.0,False,0,0
2025-01-02,C08,8,7.0,106.0,False,0,0
2025-01-03,A01,1,1188.0,1813.0,False,0,0
2025-01-03,A02,21,2292.0,4252.0,False,0,0
2025-01-03,A03,14,292.0,1006.0,False,0,0
2025-01-03,A04,3,96.0,544.0,False,0,0
2025-01-03,A05,9,2138.0,6422.0,False,0,0
2025-01-03,A06,106,4962.0,11654.0,False,0,1
2025-01-03,A07,2,438.0,1268.0,False,0,0
2025-01-03,A08,3,191.0,0.0,False,0,0
2025-01-03,A09,1,197.0,896.0,False,0,0
2025-01-03,A10,86,3856.0,11951.0,False,0,1
2025-01-03,B01,17,56.0,428.0,False,0,0
2025-01-03,B02,44,194.0,2167.0,False,0,0
2025-01-03,B03,13,86.5,992.0,False,0,0
2025-01-03,B04,3,86.0,989.0,False,0,0
2025-01-03,B05,1,37.0,0.0,False,0,0
2025-01-03,B06,6,237.0,1214.0,False,0,0
2025-01-03,B07,47,1387.0,8932.0,False,0,0
2025-01-03,B08,2,467.0,2950.0,False,0,0
2025-01-03,B09,5,82.0,1056.0,False,0,0
2025-01-03,B10,0,55.0,226.0,False,0,0
2025-01-03,B11,4,143.0,1042.0,False,0,0
2025-01-03,B12,2,207.0,1782.0,False,0,0
2025-01-03,C01,0,12.0,66.0,False,0,0
2025-01-03,C02,5,72.0,915.0,False,0,0
2025-01-03,C03,0,18.0,130.0,False,0,0
2025-01-03,C04,0,77.0,568.0,False,0,0
2025-01-03,C05,0,36.0,403.0,False,0,0
2025-01-03,C06,4,60.3,0.0,False,0,0
2025-01-03,C07,3,77.6,0.0,False,0,0
2025-01-03,C08,0,7.0,106.0,False,0,0
2025-01-04,A01,10,1178.0,1813.0,False,0,0
2025-01-04,A02,0,2292.0,4252.0,False,0,0
2025-01-04,A03,15,277.0,1006.0,False,0,0
2025-01-04,A04,0,96.0,544.0,False,0,0
2025-01-04,A05,65,2073.0,6422.0,False,0,0
2025-01-04,A06,116,4845.0,11654.0,False,0,1
2025-01-04,A07,22,354.9,1268.0,False,0,0
2025-01-04,A08,2,189.0,0.0,False,0,0
2025-01-04,A09,8,189.0,896.0,False,0,0
2025-01-04,A10,113,3742.0,11951.0,False,0,1
2025-01-04,B01,5,51.0,428.0,False,0,0
2025-01-04,B02,20,197.7,2167.0,False,0,0
2025-01-04,B03,15,86.0,992.0,False,0,0
2025-01-04,B04,0,86.0,989.0,False,0,0
2025-01-04,B05,1,36.0,0.0,False,0,0
2025-01-04,B06,0,237.0,1214.0,False,0,0
2025-01-04,B07,19,1368.0,8932.0,False,0,0
2025-01-04,B08,5,465.5,2950.0,False,0,0
2025-01-04,B09,2,80.0,1056.0,False,0,0
2025-01-04,B10,0,55.0,226.0,False,0,0
2025-01-04,B11,2,141.0,1042.0,False,0,0
2025-01-04,B12,0,207.0,1782.0,False,0,0
2025-01-04,C01,1,11.0,66.0,False,0,0
2025-01-04,C02,1,71.0,915.0,False,0,0
2025-01-04,C03,0,18.0,130.0,False,0,0
2025-01-04,C04,1,72.7,568.0,False,0,0
2025-01-04,C05,2,34.0,403.0,False,0,0
2025-01-04,C06,1,52.0,0.0,False,0,0
2025-01-04,C07,13,62.0,0.0,False,0,0
2025-01-04,C08,0,7.9,106.0,False,0,0
2025-01-05,A01,2,1176.0,1813.0,False,0,0
2025-01-05,A02,84,2275.2,4252.0,False,0,0
2025-01-05,A03,12,265.0,1006.0,False,0,0
2025-01-05,A04,0,96.0,544.0,False,0,0
2025-01-05,A05,28,2045.0,6422.0,False,0,0
2025-01-05,A06,15,4829.0,11654.0,False,0,1
2025-01-05,A07,91,325.0,1268.0,False,0,0
2025-01-05,A08,10,179.0,0.0,False,0,0
2025-01-05,A09,8,181.0,896.0,False,0,0
2025-01-05,A10,234,3507.0,11951.0,False,0,1
2025-01-05,B01,3,48.0,428.0,False,0,0
2025-01-05,B02,51,123.0,2167.0,False,0,0
2025-01-05,B03,0,86.0,992.0,False,0,0
2025-01-05,B04,0,86.0,989.0,False,0,0
2025-01-05,B05,0,36.0,0.0,False,0,0
2025-01-05,B06,29,208.0,1214.0,False,0,0
2025-01-05,B07,19,1349.0,8932.0,False,0,0
2025-01-05,B08,0,396.9,2950.0,False,0,0
2025-01-05,B09,4,66.0,1056.0,False,0,0
2025-01-05,B10,3,52.0,226.0,False,0,0
2025-01-05,B11,3,143.2,1042.0,False,0,0
2025-01-05,B12,6,226.0,1782.0,False,0,0
2025-01-05,C01,0,11.0,66.0,False,0,0
2025-01-05,C02,1,70.0,915.0,False,0,0
2025-01-05,C03,0,18.0,130.0,False,0,0
2025-01-05,C04,9,67.0,568.0,False,0,0
2025-01-05,C05,1,33.0,403.0,False,0,0
2025-01-05,C06,1,51.0,0.0,False,0,0
2025-01-05,C07,3,59.0,0.0,False,0,0
2025-01-05,C08,0,7.0,106.0,False,0,0
2025-01-06,A01,72,1104.0,1813.0,False,0,0
2025-01-06,A02,3,2205.0,4252.0,False,0,0
2025-01-06,A03,0,265.0,1006.0,False,0,0
2025-01-06,A04,0,90.9,544.0,False,0,0
2025-01-06,A05,58,1987.0,6422.0,False,0,0
2025-01-06,A06,71,4757.0,11654.0,False,0,1
2025-01-06,A07,9,316.0,1268.0,False,0,0
2025-01-06,A08,1,178.0,0.0,False,0,0
2025-01-06,A09,2,179.0,896.0,False,0,0
2025-01-06,A10,48,3458.0,11951.0,False,0,1
2025-01-06,B01,6,42.0,428.0,False,0,0
2025-01-06,B02,29,94.0,2167.0,False,0,0
2025-01-06,B03,3,83.0,992.0,False,0,0
2025-01-06,B04,6,80.0,989.0,False,0,0
2025-01-06,B05,1,35.0,0.0,False,0,0
2025-01-06,B06,9,199.0,1214.0,False,0,0
2025-01-06,B07,80,1269.0,8932.0,False,0,0
2025-01-06,B08,3,459.0,2950.0,False,0,0
2025-01-06,B09,10,66.0,1056.0,False,0,0
2025-01-06,B10,0,52.0,226.0,False,0,0
2025-01-06,B11,10,128.0,1042.0,False,0,0
2025-01-06,B12,94,107.0,1782.0,False,0,0
2025-01-06,C01,1,10.0,66.0,False,0,0
2025-01-06,C02,3,67.0,915.0,False,0,0
2025-01-06,C03,2,16.0,130.0,False,0,0
2025-01-06,C04,2,65.0,568.0,False,0,0
2025-01-06,C05,5,24.7,403.0,False,0,0
2025-01-06,C06,3,48.0,0.0,False,0,0
2025-01-06,C07,0,59.0,0.0,False,0,0
2025-01-06,C08,0,7.0,106.0,False,0,0
2025-01-07,A01,0,1231.6,1813.0,False,0,0
2025-01-07,A02,15,2322.9,4252.0,False,0,0
2025-01-07,A03,4,261.0,1006.0,False,0,0
2025-01-07,A04,1,95.0,544.0,False,0,0
2025-01-07,A05,42,1945.0,6422.0,False,0,0
2025-01-07,A06,35,4721.0,11654.0,False,0,1
2025-01-07,A07,24,250.9,1268.0,False,0,0
2025-01-07,A08,7,171.0,0.0,False,0,0
2025-01-07,A09,20,159.0,896.0,False,0,0
2025-01-07,A10,6,3451.0,11951.0,False,0,1
2025-01-07,B01,0,42.0,428.0,False,0,0
2025-01-07,B02,16,78.0,2167.0,False,0,0
2025-01-07,B03,1,82.0,992.0,False,0,0
2025-01-07,B04,0,80.0,989.0,False,0,0
2025-01-07,B05,0,38.2,0.0,False,0,0
2025-01-07,B06,2,197.0,1214.0,False,0,0
2025-01-07,B07,169,1100.0,8932.0,False,0,0
2025-01-07,B08,16,443.0,2950.0,False,0,0
2025-01-07,B09,13,53.0,1056.0,False,0,0
2025-01-07,B10,1,51.0,226.0,False,0,0
2025-01-07,B11,2,126.0,1042.0,False,0,0
2025-01-07,B12,22,85.0,1782.0,False,0,0
2025-01-07,C01,0,10.0,66.0,False,0,0
2025-01-07,C02,7,56.2,915.0,False,0,0
2025-01-07,C03,0,16.0,130.0,False,0,0
2025-01-07,C04,0,65.0,568.0,False,0,0
2025-01-07,C05,3,25.0,403.0,False,0,0
2025-01-07,C06,7,41.0,0.0,False,0,0
2025-01-07,C07,1,58.0,0.0,False,0,0
2025-01-07,C08,0,7.0,106.0,False,0,0
2025-01-08,A01,29,1075.0,1813.0,False,0,0
2025-01-08,A02,111,2079.0,4252.0,False,0,0
2025-01-08,A03,4,227.4,1006.0,False,0,0
2025-01-08,A04,0,95.0,544.0,False,0,0
2025-01-08,A05,13,1932.0,6422.0,False,0,0
2025-01-08,A06,2,4718.0,11654.0,False,0,1
2025-01-08,A07,12,280.0,1268.0,False,0,0
2025-01-08,A08,4,169.8,0.0,False,0,0
2025-01-08,A09,5,154.0,896.0,False,0,0
2025-01-08,A10,16,3434.0,11951.0,False,0,1
2025-01-08,B01,2,40.0,428.0,False,0,0
2025-01-08,B02,6,72.0,2167.0,False,0,0
2025-01-08,B03,1,70.5,992.0,False,0,0
2025-01-08,B04,0,80.0,989.0,False,0,0
2025-01-08,B05,1,34.0,0.0,False,0,0
2025-01-08,B06,1,196.0,1214.0,False,0,0
2025-01-08,B07,102,998.0,8932.0,False,0,0
2025-01-08,B08,1,396.1,2950.0,False,0,0
2025-01-08,B09,2,51.0,1056.0,False,0,0
2025-01-08,B10,2,49.0,226.0,False,0,0
2025-01-08,B11,34,92.0,1042.0,False,0,0
2025-01-08,B12,4,81.0,1782.0,False,0,0
2025-01-08,C01,0,10.0,66.0,False,0,0
2025-01-08,C02,1,59.0,915.0,False,0,0
2025-01-08,C03,1,14.6,130.0,False,0,0
2025-01-08,C04,3,62.0,568.0,False,0,0
2025-01-08,C05,4,21.0,403.0,False,0,0
2025-01-08,C06,0,41.0,0.0,False,0,0
2025-01-08,C07,0,58.0,0.0,False,0,0
2025-01-08,C08,0,7.0,106.0,False,0,0
2025-01-09,A01,48,1027.0,1813.0,False,0,0
2025-01-09,A02,193,1721.4,4252.0,False,0,0
2025-01-09,A03,4,253.0,1006.0,False,0,0
2025-01-09,A04,4,77.9,544.0,False,0,0
2025-01-09,A05,3,1929.0,6422.0,False,0,0
2025-01-09,A06,106,4611.0,11654.0,False,0,1
2025-01-09,A07,4,276.0,1268.0,False,0,0
2025-01-09,A08,1,166.0,0.0,False,0,0
2025-01-09,A09,3,151.0,896.0,False,0,0
2025-01-09,A10,208,3173.9,11951.0,False,0,1
2025-01-09,B01,0,40.0,428.0,False,0,0
2025-01-09,B02,40,32.0,2167.0,False,0,0
2025-01-09,B03,0,81.0,992.0,False,0,0
2025-01-09,B04,0,80.0,989.0,False,0,0
2025-01-09,B05,1,33.0,0.0,False,0,0
2025-01-09,B06,7,172.8,1214.0,False,0,0
2025-01-09,B07,41,868.5,8932.0,False,0,0
2025-01-09,B08,0,442.0,2950.0,False,0,0
2025-01-09,B09,5,46.0,1056.0,False,0,0
2025-01-09,B10,0,49.0,226.0,False,0,0
2025-01-09,B11,13,79.0,1042.0,False,0,0
2025-01-09,B12,53,28.0,1782.0,False,0,0
2025-01-09,C01,0,10.0,66.0,False,0,0
2025-01-09,C02,12,47.0,915.0,False,0,0
2025-01-09,C03,0,15.0,130.0,False,0,0
2025-01-09,C04,2,60.0,568.0,False,0,0
2025-01-09,C05,0,21.0,403.0,False,0,0
2025-01-09,C06,0,41.0,0.0,False,0,0
2025-01-09,C07,8,50.0,644.0,True,0,0
2025-01-09,C08,1,6.0,106.0,False,0,0
2025-01-10,A01,44,983.0,1813.0,False,0,0
2025-01-10,A02,51,1654.2,4252.0,False,0,0
2025-01-10,A03,7,246.0,1006.0,False,0,0
2025-01-10,A04,2,89.0,544.0,False,0,0
2025-01-10,A05,1,1928.0,6422.0,False,0,0
2025-01-10,A06,169,4441.0,11654.0,False,0,1
2025-01-10,A07,5,271.0,1268.0,False,0,0
2025-01-10,A08,1,165.0,0.0,False,0,0
2025-01-10,A09,2,149.0,896.0,False,0,0
2025-01-10,A10,134,3090.0,11951.0,False,0,1
2025-01-10,B01,3,37.0,428.0,False,0,0
2025-01-10,B02,15,17.0,2167.0,False,0,0
2025-01-10,B03,0,81.0,992.0,False,0,0
2025-01-10,B04,5,75.0,989.0,False,0,0
2025-01-10,B05,0,33.0,0.0,False,0,0
2025-01-10,B06,33,156.0,1214.0,False,0,0
2025-01-10,B07,45,912.0,8932.0,False,0,0
2025-01-10,B08,5,437.0,2950.0,False,0,0
2025-01-10,B09,13,33.0,1056.0,False,0,0
2025-01-10,B10,5,44.0,226.0,False,0,0
2025-01-10,B11,10,69.0,1042.0,False,0,0
2025-01-10,B12,0,28.0,1782.0,False,0,0
2025-01-10,C01,1,9.0,66.0,False,0,0
2025-01-10,C02,16,31.0,915.0,False,0,0
2025-01-10,C03,0,15.0,130.0,False,0,0
2025-01-10,C04,1,56.5,568.0,False,0,0
2025-01-10,C05,0,21.0,403.0,False,0,0
2025-01-10,C06,1,40.0,516.0,True,0,0
2025-01-10,C07,1,49.0,644.0,False,0,0
2025-01-10,C08,0,6.1,106.0,False,0,0
2025-01-11,A01,22,961.0,1813.0,False,0,0
2025-01-11,A02,8,1827.0,4252.0,False,0,0
2025-01-11,A03,19,227.0,1006.0,False,0,0
2025-01-11,A04,0,76.9,544.0,False,0,0
2025-01-11,A05,0,1928.0,6422.0,False,0,0
2025-01-11,A06,15,4425.0,11654.0,False,0,1
2025-01-11,A07,4,267.0,1268.0,False,0,0
2025-01-11,A08,0,165.0,0.0,False,0,0
2025-01-11,A09,4,145.0,896.0,False,0,0
2025-01-11,A10,71,3041.3,11951.0,False,0,1
2025-01-11,B01,0,37.0,428.0,False,0,0
2025-01-11,B02,0,17.0,2167.0,False,0,0
2025-01-11,B03,26,55.0,992.0,False,0,0
2025-01-11,B04,6,69.0,989.0,False,0,0
2025-01-11,B05,0,33.5,0.0,False,0,0
2025-01-11,B06,4,152.0,1214.0,False,0,0
2025-01-11,B07,111,801.0,8932.0,False,0,0
2025-01-11,B08,0,437.0,2950.0,False,0,0
2025-01-11,B09,1,32.0,1056.0,False,0,0
2025-01-11,B10,6,38.0,226.0,False,0,0
2025-01-11,B11,46,23.0,1042.0,False,0,0
2025-01-11,B12,14,14.0,1782.0,False,0,0
2025-01-11,C01,1,8.0,66.0,False,0,0
2025-01-11,C02,3,28.0,915.0,False,0,0
2025-01-11,C03,1,14.0,130.0,False,0,0
2025-01-11,C04,0,63.5,568.0,False,0,0
2025-01-11,C05,0,21.0,403.0,False,0,0
2025-01-11,C06,4,36.0,516.0,False,0,0
2025-01-11,C07,0,49.0,644.0,False,0,0
2025-01-11,C08,0,6.5,106.0,False,0,0
2025-01-12,A01,1,1002.3,1813.0,False,0,0
2025-01-12,A02,139,1688.0,4252.0,False,0,0
2025-01-12,A03,0,227.0,1006.0,False,0,0
2025-01-12,A04,0,89.0,544.0,False,0,0
2025-01-12,A05,40,1888.0,6422.0,False,0,0
2025-01-12,A06,234,4190.0,11654.0,False,0,1
2025-01-12,A07,0,267.0,1268.0,False,0,0
2025-01-12,A08,2,163.0,0.0,False,0,0
2025-01-12,A09,0,145.0,896.0,False,0,0
2025-01-12,A10,36,2981.0,11951.0,False,0,1
2025-01-12,B01,3,34.0,428.0,False,0,0
2025-01-12,B02,2,15.0,2167.0,False,0,0
2025-01-12,B03,4,51.0,992.0,False,0,0
2025-01-12,B04,4,65.0,989.0,False,0,0
2025-01-12,B05,0,33.0,0.0,False,0,0
2025-01-12,B06,9,143.0,1214.0,False,0,0
2025-01-12,B07,26,775.0,8932.0,False,0,0
2025-01-12,B08,4,381.8,2950.0,False,0,0
2025-01-12,B09,0,28.5,1056.0,False,0,0
2025-01-12,B10,0,38.0,226.0,False,0,0
2025-01-12,B11,1,22.0,1042.0,False,0,0
2025-01-12,B12,9,5.6,1782.0,False,0,0
2025-01-12,C01,1,7.0,66.0,False,0,0
2025-01-12,C02,0,28.0,915.0,False,0,0
2025-01-12,C03,0,15.4,130.0,False,0,0
2025-01-12,C04,0,59.0,568.0,False,0,0
2025-01-12,C05,0,21.0,403.0,False,0,0
2025-01-12,C06,1,35.0,516.0,False,0,0
2025-01-12,C07,5,44.0,644.0,False,0,0
2025-01-12,C08,1,5.0,106.0,False,0,0
2025-01-13,A01,70,890.0,1813.0,False,0,0
2025-01-13,A02,213,5726.0,0.0,False,0,1
2025-01-13,A03,3,224.0,1006.0,False,0,0
2025-01-13,A04,1,83.3,544.0,False,0,0
2025-01-13,A05,38,1850.0,6422.0,False,0,0
2025-01-13,A06,61,4128.0,11654.0,False,0,1
2025-01-13,A07,8,259.0,1268.0,False,0,0
2025-01-13,A08,0,163.0,0.0,False,0,0
2025-01-13,A09,5,140.0,896.0,False,0,0
2025-01-13,A10,170,2810.0,11951.0,False,0,1
2025-01-13,B01,0,34.0,428.0,False,0,0
2025-01-13,B02,9,6.0,2167.0,False,0,0
2025-01-13,B03,5,46.0,992.0,False,0,0
2025-01-13,B04,1,64.0,989.0,False,0,0
2025-01-13,B05,2,31.0,0.0,False,0,0
2025-01-13,B06,0,143.0,1214.0,False,0,0
2025-01-13,B07,12,793.9,8932.0,False,0,0
2025-01-13,B08,10,423.0,2950.0,False,0,0
2025-01-13,B09,20,12.0,1056.0,False,0,0
2025-01-13,B10,3,35.0,226.0,False,0,0
2025-01-13,B11,0,22.0,1042.0,False,0,0
2025-01-13,B12,15,0.0,1782.0,False,10,0
2025-01-13,C01,0,7.0,66.0,False,0,0
2025-01-13,C02,0,28.0,915.0,False,0,0
2025-01-13,C03,0,14.0,130.0,False,0,0
2025-01-13,C04,3,56.0,568.0,False,0,0
2025-01-13,C05,3,18.0,403.0,False,0,0
2025-01-13,C06,3,32.0,516.0,False,0,0
2025-01-13,C07,1,43.0,644.0,False,0,0
2025-01-13,C08,0,5.0,106.0,False,0,0
2025-01-14,A01,26,871.0,1813.0,False,0,0
2025-01-14,A02,45,5680.0,0.0,False,0,1
2025-01-14,A03,2,222.0,1006.0,False,0,0
2025-01-14,A04,0,88.0,544.0,False,0,0
2025-01-14,A05,18,1605.7,6422.0,False,0,0
2025-01-14,A06,334,3793.0,11654.0,False,0,1
2025-01-14,A07,1,258.0,1268.0,False,0,0
2025-01-14,A08,6,157.0,0.0,False,0,0
2025-01-14,A09,1,139.0,896.0,False,0,0
2025-01-14,A10,162,2647.0,11951.0,False,0,1
2025-01-14,B01,0,32.9,428.0,False,0,0
2025-01-14,B02,71,2378.3,0.0,False,0,0
2025-01-14,B03,5,41.0,992.0,False,0,0
2025-01-14,B04,4,60.0,989.0,False,0,0
2025-01-14,B05,8,24.2,0.0,False,0,0
2025-01-14,B06,3,140.0,1214.0,False,0,0
2025-01-14,B07,8,755.0,8932.0,False,0,0
2025-01-14,B08,0,423.0,2950.0,False,0,0
2025-01-14,B09,0,12.0,1056.0,False,0,0
2025-01-14,B10,0,35.0,226.0,False,0,0
2025-01-14,B11,13,9.0,1042.0,False,0,0
2025-01-14,B12,3,0.0,1782.0,False,3,0
2025-01-14,C01,0,7.0,66.0,False,0,0
2025-01-14,C02,1,27.0,915.0,False,0,0
2025-01-14,C03,0,15.4,130.0,False,0,0
2025-01-14,C04,0,56.0,568.0,False,0,0
2025-01-14,C05,1,17.0,403.0,False,0,0
2025-01-14,C06,1,31.0,516.0,False,0,0
2025-01-14,C07,1,42.0,644.0,False,0,0
2025-01-14,C08,0,5.0,106.0,False,0,0
2025-01-15,A01,25,839.0,1813.0,False,0,0
2025-01-15,A02,14,5665.0,0.0,False,0,1
2025-01-15,A03,8,214.0,1006.0,False,0,0
2025-01-15,A04,0,81.8,544.0,False,0,0
2025-01-15,A05,140,1692.0,6422.0,False,0,0
2025-01-15,A06,423,3369.0,11654.0,False,0,1
2025-01-15,A07,7,251.0,1268.0,False,0,0
2025-01-15,A08,1,156.0,0.0,False,0,0
2025-01-15,A09,6,133.0,896.0,False,0,0
2025-01-15,A10,116,2311.3,11951.0,False,0,1
2025-01-15,B01,2,32.0,428.0,False,0,0
2025-01-15,B02,5,2097.0,0.0,False,0,0
2025-01-15,B03,29,1004.0,0.0,False,0,0
2025-01-15,B04,8,52.0,989.0,False,0,0
2025-01-15,B05,0,23.0,0.0,False,0,0
2025-01-15,B06,0,140.0,1214.0,False,0,0
2025-01-15,B07,105,650.0,8932.0,False,0,0
2025-01-15,B08,0,423.0,2950.0,False,0,0
2025-01-15,B09,0,12.0,1056.0,False,0,0
2025-01-15,B10,10,25.0,226.0,False,0,0
2025-01-15,B11,0,9.0,1042.0,False,0,0
2025-01-15,B12,4,0.0,1782.0,False,4,0
2025-01-15,C01,1,6.8,66.0,False,0,0
2025-01-15,C02,3,24.0,915.0,False,0,0
2025-01-15,C03,0,14.0,130.0,False,0,0
2025-01-15,C04,3,53.0,568.0,False,0,0
2025-01-15,C05,0,19.4,403.0,False,0,0
2025-01-15,C06,2,29.0,516.0,False,0,0
2025-01-15,C07,6,36.0,644.0,False,0,0
2025-01-15,C08,1,4.0,106.0,False,0,0
2025-01-16,A01,19,820.0,1813.0,False,0,0
2025-01-16,A02,45,5619.0,0.0,False,0,1
2025-01-16,A03,2,212.0,1006.0,False,0,0
2025-01-16,A04,3,85.0,544.0,False,0,0
2025-01-16,A05,0,1539.6,6422.0,False,0,0
2025-01-16,A06,494,2874.0,11654.0,False,0,1
2025-01-16,A07,0,251.0,1268.0,False,0,0
2025-01-16,A08,4,152.0,0.0,False,0,0
2025-01-16,A09,3,130.0,896.0,False,0,0
2025-01-16,A10,209,2321.0,11951.0,False,0,0
2025-01-16,B01,2,30.0,428.0,False,0,0
2025-01-16,B02,3,2094.0,0.0,False,0,0
2025-01-16,B03,10,994.0,0.0,False,0,0
2025-01-16,B04,0,52.0,989.0,False,0,0
2025-01-16,B05,4,19.0,442.0,True,0,0
2025-01-16,B06,13,114.4,1214.0,False,0,0
2025-01-16,B07,6,644.0,8932.0,False,0,0
2025-01-16,B08,1,422.0,2950.0,False,0,0
2025-01-16,B09,1,11.0,1056.0,False,0,0
2025-01-16,B10,6,19.0,226.0,False,0,0
2025-01-16,B11,2,7.0,1042.0,False,0,0
2025-01-16,B12,3,0.0,1782.0,False,3,0
2025-01-16,C01,0,6.0,66.0,False,0,0
2025-01-16,C02,6,18.0,915.0,False,0,0
2025-01-16,C03,0,13.2,130.0,False,0,0
2025-01-16,C04,0,53.0,568.0,False,0,0
2025-01-16,C05,6,11.0,403.0,False,0,0
2025-01-16,C06,2,27.0,516.0,False,0,0
2025-01-16,C07,2,34.0,644.0,False,0,0
2025-01-16,C08,0,4.0,106.0,False,0,0
2025-01-17,A01,1,819.0,1813.0,False,0,0
2025-01-17,A02,212,5406.0,0.0,False,0,1
2025-01-17,A03,0,212.0,1006.0,False,0,0
2025-01-17,A04,2,83.0,544.0,False,0,0
2025-01-17,A05,124,1568.0,6422.0,False,0,0
2025-01-17,A06,20,2853.0,11654.0,False,0,1
2025-01-17,A07,0,251.0,1268.0,False,0,0
2025-01-17,A08,1,151.0,0.0,False,0,0
2025-01-17,A09,6,124.0,896.0,False,0,0
2025-01-17,A10,69,2252.0,11951.0,False,0,0
2025-01-17,B01,0,30.0,428.0,False,0,0
2025-01-17,B02,16,2078.0,0.0,False,0,0
2025-01-17,B03,0,1055.4,0.0,False,0,0
2025-01-17,B04,8,44.0,989.0,False,0,0
2025-01-17,B05,2,17.0,442.0,False,0,0
2025-01-17,B06,0,127.0,1214.0,False,0,0
2025-01-17,B07,7,552.5,8932.0,False,0,0
2025-01-17,B08,9,413.0,2950.0,False,0,0
2025-01-17,B09,1,1066.0,0.0,False,0,0
2025-01-17,B10,14,5.0,226.0,False,0,0
2025-01-17,B11,32,0.0,1042.0,False,25,0
2025-01-17,B12,54,0.0,1782.0,False,54,0
2025-01-17,C01,0,6.0,66.0,False,0,0
2025-01-17,C02,1,17.0,915.0,False,0,0
2025-01-17,C03,0,14.0,130.0,False,0,0
2025-01-17,C04,10,43.0,568.0,False,0,0
2025-01-17,C05,3,8.0,403.0,False,0,0
2025-01-17,C06,5,22.0,516.0,False,0,0
2025-01-17,C07,2,32.0,644.0,False,0,0
2025-01-17,C08,1,3.0,106.0,False,0,0
2025-01-18,A01,9,810.0,1813.0,False,0,0
2025-01-18,A02,15,4957.9,0.0,False,0,1
2025-01-18,A03,1,1217.0,0.0,False,0,0
2025-01-18,A04,0,83.0,544.0,False,0,0
2025-01-18,A05,15,1553.0,6422.0,False,0,0
2025-01-18,A06,3,2849.0,11654.0,False,0,1
2025-01-18,A07,4,247.0,1268.0,False,0,0
2025-01-18,A08,0,151.0,0.0,False,0,0
2025-01-18,A09,1,123.0,896.0,False,0,0
2025-01-18,A10,12,2240.0,11951.0,False,0,0
2025-01-18,B01,3,27.0,428.0,False,0,0
2025-01-18,B02,7,2071.0,0.0,False,0,0
2025-01-18,B03,1,993.0,0.0,False,0,0
2025-01-18,B04,8,36.0,989.0,False,0,0
2025-01-18,B05,1,16.0,442.0,False,0,0
2025-01-18,B06,0,127.0,1214.0,False,0,0
2025-01-18,B07,153,484.0,8932.0,False,0,0
2025-01-18,B08,1,412.0,2950.0,False,0,0
2025-01-18,B09,23,912.9,0.0,False,0,0
2025-01-18,B10,4,1.0,226.0,False,0,0
2025-01-18,B11,0,0.0,1042.0,False,0,0
2025-01-18,B12,15,0.0,1782.0,False,15,0
2025-01-18,C01,0,6.0,66.0,False,0,0
2025-01-18,C02,7,11.4,915.0,False,0,0
2025-01-18,C03,0,14.0,130.0,False,0,0
2025-01-18,C04,0,43.0,568.0,False,0,0
2025-01-18,C05,1,7.0,403.0,False,0,0
2025-01-18,C06,0,22.0,516.0,False,0,0
2025-01-18,C07,0,34.8,644.0,False,0,0
2025-01-18,C08,0,3.0,106.0,False,0,0
2025-01-19,A01,7,901.8,1813.0,False,0,0
2025-01-19,A02,12,5377.0,0.0,False,0,1
2025-01-19,A03,1,1298.2,0.0,False,0,0
2025-01-19,A04,0,83.0,544.0,False,0,0
2025-01-19,A05,189,1364.0,6422.0,False,0,0
2025-01-19,A06,183,2665.0,11654.0,False,0,1
2025-01-19,A07,31,216.0,1268.0,False,0,0
2025-01-19,A08,3,156.5,0.0,False,0,0
2025-01-19,A09,1,122.0,896.0,False,0,0
2025-01-19,A10,67,2141.2,11951.0,False,0,0
2025-01-19,B01,0,27.0,428.0,False,0,0
2025-01-19,B02,8,2063.0,0.0,False,0,0
2025-01-19,B03,2,991.0,0.0,False,0,0
2025-01-19,B04,0,36.0,989.0,False,0,0
2025-01-19,B05,0,16.0,442.0,False,0,0
2025-01-19,B06,4,123.0,1214.0,False,0,0
2025-01-19,B07,103,378.8,8932.0,False,0,0
2025-01-19,B08,9,403.0,2950.0,False,0,0
2025-01-19,B09,20,1023.0,0.0,False,0,0
2025-01-19,B10,4,0.0,226.0,False,3,0
2025-01-19,B11,11,0.0,1042.0,False,11,0
2025-01-19,B12,0,0.0,1782.0,False,0,0
2025-01-19,C01,0,6.0,66.0,False,0,0
2025-01-19,C02,3,7.0,915.0,False,0,0
2025-01-19,C03,1,143.0,0.0,False,0,0
2025-01-19,C04,3,40.0,568.0,False,0,0
2025-01-19,C05,0,7.0,403.0,False,0,0
2025-01-19,C06,0,22.0,516.0,False,0,0
2025-01-19,C07,0,32.0,644.0,False,0,0
2025-01-19,C08,0,3.0,106.0,False,0,0
2025-01-20,A01,0,803.0,1813.0,False,0,0
2025-01-20,A02,27,5349.0,0.0,False,0,1
2025-01-20,A03,0,1216.0,0.0,False,0,0
2025-01-20,A04,2,81.0,544.0,False,0,0
2025-01-20,A05,24,1340.0,6422.0,False,0,0
2025-01-20,A06,143,2521.0,11654.0,False,0,1
2025-01-20,A07,0,216.0,1268.0,False,0,0
2025-01-20,A08,8,140.0,0.0,False,0,0
2025-01-20,A09,0,122.0,896.0,False,0,0
2025-01-20,A10,132,2041.0,11951.0,False,0,0
2025-01-20,B01,3,24.0,428.0,False,0,0
2025-01-20,B02,31,2032.0,0.0,False,0,0
2025-01-20,B03,7,984.0,0.0,False,0,0
2025-01-20,B04,3,33.0,989.0,False,0,0
2025-01-20,B05,1,15.0,442.0,False,0,0
2025-01-20,B06,1,122.0,1214.0,False,0,0
2025-01-20,B07,225,156.0,8932.0,False,0,0
2025-01-20,B08,2,401.0,2950.0,False,0,0
2025-01-20,B09,0,1023.0,0.0,False,0,0
2025-01-20,B10,0,0.0,226.0,False,0,0
2025-01-20,B11,32,0.0,1042.0,False,32,0
2025-01-20,B12,10,0.0,1782.0,False,10,0
2025-01-20,C01,0,6.0,66.0,False,0,0
2025-01-20,C02,0,7.0,915.0,False,0,0
2025-01-20,C03,0,143.0,0.0,False,0,0
2025-01-20,C04,0,40.0,568.0,False,0,0
2025-01-20,C05,2,5.0,403.0,False,0,0
2025-01-20,C06,2,20.0,516.0,False,0,0
2025-01-20,C07,5,27.0,644.0,False,0,0
2025-01-20,C08,2,1.0,106.0,False,0,0
2025-01-21,A01,92,711.0,1813.0,False,0,0
2025-01-21,A02,17,6115.9,0.0,False,0,1
2025-01-21,A03,7,1209.0,0.0,False,0,0
2025-01-21,A04,0,81.0,544.0,False,0,0
2025-01-21,A05,17,1323.0,6422.0,False,0,0
2025-01-21,A06,10,2591.6,11654.0,False,0,1
2025-01-21,A07,1,215.0,1268.0,False,0,0
2025-01-21,A08,0,140.0,0.0,False,0,0
2025-01-21,A09,0,122.0,896.0,False,0,0
2025-01-21,A10,93,2019.4,11951.0,False,0,0
2025-01-21,B01,2,22.0,428.0,False,0,0
2025-01-21,B02,21,2011.0,0.0,False,0,0
2025-01-21,B03,0,1021.7,0.0,False,0,0
2025-01-21,B04,0,33.0,989.0,False,0,0
2025-01-21,B05,0,15.0,442.0,False,0,0
2025-01-21,B06,1,121.0,1214.0,False,0,0
2025-01-21,B07,125,31.0,8932.0,False,0,0
2025-01-21,B08,8,393.0,2950.0,False,0,0
2025-01-21,B09,4,1019.0,0.0,False,0,0
2025-01-21,B10,0,0.0,226.0,False,0,0
2025-01-21,B11,19,0.0,1042.0,False,19,0
2025-01-21,B12,87,0.0,1782.0,False,87,0
2025-01-21,C01,0,6.0,66.0,False,0,0
2025-01-21,C02,3,4.0,915.0,False,0,0
2025-01-21,C03,1,142.0,0.0,False,0,0
2025-01-21,C04,0,40.0,568.0,False,0,0
2025-01-21,C05,3,1.9,403.0,False,0,0
2025-01-21,C06,1,19.0,516.0,False,0,0
2025-01-21,C07,3,24.0,644.0,False,0,0
2025-01-21,C08,0,1.1,106.0,False,0,0
2025-01-22,A01,65,646.0,1813.0,False,0,0
2025-01-22,A02,0,5330.0,0.0,False,0,1
2025-01-22,A03,10,1199.0,0.0,False,0,0
2025-01-22,A04,0,81.0,544.0,False,0,0
2025-01-22,A05,274,1049.0,6422.0,False,0,0
2025-01-22,A06,288,2222.0,11654.0,False,0,0
2025-01-22,A07,10,205.0,1268.0,False,0,0
2025-01-22,A08,8,132.0,0.0,False,0,0
2025-01-22,A09,11,111.0,896.0,False,0,0
2025-01-22,A10,46,1902.0,11951.0,False,0,0
2025-01-22,B01,2,20.0,428.0,False,0,0
2025-01-22,B02,3,2008.0,0.0,False,0,0
2025-01-22,B03,3,981.0,0.0,False,0,0
2025-01-22,B04,22,1000.0,0.0,False,0,0
2025-01-22,B05,1,14.0,442.0,False,0,0
2025-01-22,B06,2,119.0,1214.0,False,0,0
2025-01-22,B07,14,17.0,8932.0,False,0,0
2025-01-22,B08,34,359.0,2950.0,False,0,0
2025-01-22,B09,2,1017.0,0.0,False,0,0
2025-01-22,B10,1,0.0,226.0,False,1,0
2025-01-22,B11,1,0.0,1042.0,False,1,0
2025-01-22,B12,15,0.0,1782.0,False,15,0
2025-01-22,C01,0,6.0,66.0,False,0,0
2025-01-22,C02,7,0.0,915.0,False,3,0
2025-01-22,C03,0,142.0,0.0,False,0,0
2025-01-22,C04,6,34.0,568.0,False,0,0
2025-01-22,C05,0,2.0,403.0,False,0,0
2025-01-22,C06,7,12.0,516.0,False,0,0
2025-01-22,C07,1,23.0,644.0,False,0,0
2025-01-22,C08,0,1.0,106.0,False,0,0
2025-01-23,A01,21,625.0,1813.0,False,0,0
2025-01-23,A02,464,4865.0,0.0,False,0,1
2025-01-23,A03,10,1162.9,0.0,False,0,0
2025-01-23,A04,3,78.0,544.0,False,0,0
2025-01-23,A05,188,861.0,6422.0,False,0,0
2025-01-23,A06,73,2149.0,11654.0,False,0,0
2025-01-23,A07,16,189.0,1268.0,False,0,0
2025-01-23,A08,13,119.0,0.0,False,0,0
2025-01-23,A09,9,102.0,896.0,False,0,0
2025-01-23,A10,47,1855.0,11951.0,False,0,0
2025-01-23,B01,0,19.0,428.0,False,0,0
2025-01-23,B02,1,2007.0,0.0,False,0,0
2025-01-23,B03,7,974.0,0.0,False,0,0
2025-01-23,B04,7,884.0,0.0,False,0,0
2025-01-23,B05,0,14.0,442.0,False,0,0
2025-01-23,B06,11,108.0,1214.0,False,0,0
2025-01-23,B07,24,0.0,8932.0,False,7,0
2025-01-23,B08,0,359.0,2950.0,False,0,0
2025-01-23,B09,3,1014.0,0.0,False,0,0
2025-01-23,B10,0,0.0,226.0,False,0,0
2025-01-23,B11,3,0.0,1042.0,False,3,0
2025-01-23,B12,40,0.0,1782.0,False,40,0
2025-01-23,C01,0,6.0,66.0,False,0,0
2025-01-23,C02,0,0.0,915.0,False,0,0
2025-01-23,C03,0,142.0,0.0,False,0,0
2025-01-23,C04,0,34.0,568.0,False,0,0
2025-01-23,C05,0,2.0,403.0,False,0,0
2025-01-23,C06,0,12.0,516.0,False,0,0
2025-01-23,C07,3,20.0,644.0,False,0,0
2025-01-23,C08,0,1.0,106.0,False,0,0
2025-01-24,A01,0,625.0,1813.0,False,0,0
2025-01-24,A02,77,4787.0,0.0,False,0,1
2025-01-24,A03,0,1291.4,0.0,False,0,0
2025-01-24,A04,3,75.0,544.0,False,0,0
2025-01-24,A05,131,730.0,6422.0,False,0,0
2025-01-24,A06,10,1920.8,11654.0,False,0,0
2025-01-24,A07,40,149.0,1268.0,False,0,0
2025-01-24,A08,0,119.0,0.0,False,0,0
2025-01-24,A09,1,101.0,896.0,False,0,0
2025-01-24,A10,131,1724.0,11951.0,False,0,0
2025-01-24,B01,0,20.0,428.0,False,0,0
2025-01-24,B02,13,1994.0,0.0,False,0,0
2025-01-24,B03,0,974.0,0.0,False,0,0
2025-01-24,B04,0,993.0,0.0,False,0,0
2025-01-24,B05,4,10.0,442.0,False,0,0
2025-01-24,B06,1,107.0,1214.0,False,0,0
2025-01-24,B07,44,0.0,8932.0,False,44,0
2025-01-24,B08,3,356.0,2950.0,False,0,0
2025-01-24,B09,43,971.0,0.0,False,0,0
2025-01-24,B10,0,0.0,226.0,False,0,0
2025-01-24,B11,10,0.0,1042.0,False,10,0
2025-01-24,B12,51,0.0,1782.0,False,51,0
2025-01-24,C01,5,1.0,66.0,False,0,0
2025-01-24,C02,0,0.0,915.0,False,0,0
2025-01-24,C03,0,130.8,0.0,False,0,0
2025-01-24,C04,8,26.0,568.0,False,0,0
2025-01-24,C05,2,0.0,403.0,False,0,0
2025-01-24,C06,8,4.0,516.0,False,0,0
2025-01-24,C07,0,18.6,644.0,False,0,0
2025-01-24,C08,3,0.0,106.0,False,2,0
2025-01-25,A01,3,622.0,1813.0,False,0,0
2025-01-25,A02,7,4779.0,0.0,False,0,1
2025-01-25,A03,7,1182.0,0.0,False,0,0
2025-01-25,A04,0,75.0,544.0,False,0,0
2025-01-25,A05,160,570.0,6422.0,False,0,0
2025-01-25,A06,167,1972.0,11654.0,False,0,0
2025-01-25,A07,6,143.0,1268.0,False,0,0
2025-01-25,A08,0,119.0,0.0,False,0,0
2025-01-25,A09,10,91.0,896.0,False,0,0
2025-01-25,A10,3,1721.0,11951.0,False,0,0
2025-01-25,B01,0,448.0,0.0,False,0,0
2025-01-25,B02,1,1993.0,0.0,False,0,0
2025-01-25,B03,4,970.0,0.0,False,0,0
2025-01-25,B04,1,992.0,0.0,False,0,0
2025-01-25,B05,0,10.0,442.0,False,0,0
2025-01-25,B06,2,105.0,1214.0,False,0,0
2025-01-25,B07,222,0.0,8932.0,False,222,0
2025-01-25,B08,0,356.0,2950.0,False,0,0
2025-01-25,B09,0,988.5,0.0,False,0,0
2025-01-25,B10,2,0.0,226.0,False,2,0
2025-01-25,B11,3,0.0,1042.0,False,3,0
2025-01-25,B12,4,0.0,1782.0,False,4,0
2025-01-25,C01,2,0.0,66.0,False,1,0
2025-01-25,C02,2,0.0,915.0,False,2,0
2025-01-25,C03,0,142.0,0.0,False,0,0
2025-01-25,C04,13,13.0,568.0,False,0,0
2025-01-25,C05,0,0.0,403.0,False,0,0
2025-01-25,C06,1,3.0,516.0,False,0,0
2025-01-25,C07,3,17.0,644.0,False,0,0
2025-01-25,C08,1,0.0,106.0,False,1,0
2025-01-26,A01,27,595.0,1813.0,False,0,0
2025-01-26,A02,10,4352.0,0.0,False,0,1
2025-01-26,A03,15,1167.0,0.0,False,0,0
2025-01-26,A04,0,75.0,544.0,False,0,0
2025-01-26,A05,10,558.9,6422.0,False,0,0
2025-01-26,A06,772,1200.0,11654.0,False,0,0
2025-01-26,A07,1,142.0,1268.0,False,0,0
2025-01-26,A08,16,103.0,0.0,False,0,0
2025-01-26,A09,18,73.0,896.0,False,0,0
2025-01-26,A10,123,1598.0,11951.0,False,0,0
2025-01-26,B01,2,446.0,0.0,False,0,0
2025-01-26,B02,16,1977.0,0.0,False,0,0
2025-01-26,B03,8,962.0,0.0,False,0,0
2025-01-26,B04,0,992.0,0.0,False,0,0
2025-01-26,B05,0,10.0,442.0,False,0,0
2025-01-26,B06,7,98.0,1214.0,False,0,0
2025-01-26,B07,75,0.0,8932.0,False,75,0
2025-01-26,B08,1,355.0,2950.0,False,0,0
2025-01-26,B09,1,1047.7,0.0,False,0,0
2025-01-26,B10,0,0.0,226.0,False,0,0
2025-01-26,B11,9,0.0,1042.0,False,9,0
2025-01-26,B12,32,0.0,1782.0,False,32,0
2025-01-26,C01,1,0.0,66.0,False,1,0
2025-01-26,C02,0,0.0,915.0,False,0,0
2025-01-26,C03,0,142.0,0.0,False,0,0
2025-01-26,C04,1,12.0,568.0,False,0,0
2025-01-26,C05,1,0.0,403.0,False,1,0
2025-01-26,C06,7,0.0,516.0,False,4,0
2025-01-26,C07,1,16.0,644.0,False,0,0
2025-01-26,C08,1,0.0,106.0,False,1,0
2025-01-27,A01,10,585.0,1813.0,False,0,0
2025-01-27,A02,190,4577.0,0.0,False,0,1
2025-01-27,A03,4,1163.0,0.0,False,0,0
2025-01-27,A04,5,70.0,544.0,False,0,0
2025-01-27,A05,115,445.0,6422.0,False,0,0
2025-01-27,A06,37,1163.0,11654.0,False,0,0
2025-01-27,A07,68,74.0,1268.0,False,0,0
2025-01-27,A08,8,95.0,332.0,True,0,0
2025-01-27,A09,2,71.0,896.0,False,0,0
2025-01-27,A10,127,1471.0,11951.0,False,0,0
2025-01-27,B01,5,441.0,0.0,False,0,0
2025-01-27,B02,46,1931.0,0.0,False,0,0
2025-01-27,B03,0,962.0,0.0,False,0,0
2025-01-27,B04,10,982.0,0.0,False,0,0
2025-01-27,B05,2,8.0,442.0,False,0,0
2025-01-27,B06,0,98.0,1214.0,False,0,0
2025-01-27,B07,450,0.0,8932.0,False,450,0
2025-01-27,B08,6,349.0,2950.0,False,0,0
2025-01-27,B09,13,957.0,0.0,False,0,0
2025-01-27,B10,0,0.0,226.0,False,0,0
2025-01-27,B11,6,0.0,1042.0,False,6,0
2025-01-27,B12,3,0.0,1782.0,False,3,0
2025-01-27,C01,4,0.0,66.0,False,4,0
2025-01-27,C02,3,0.0,915.0,False,3,0
2025-01-27,C03,1,141.0,0.0,False,0,0
2025-01-27,C04,0,12.0,568.0,False,0,0
2025-01-27,C05,2,0.0,403.0,False,2,0
2025-01-27,C06,5,0.0,516.0,False,5,0
2025-01-27,C07,0,16.0,644.0,False,0,0
2025-01-27,C08,1,0.0,106.0,False,1,0
2025-01-28,A01,42,523.0,1813.0,False,0,0
2025-01-28,A02,202,4374.0,0.0,False,0,1
2025-01-28,A03,6,1157.0,0.0,False,0,0
2025-01-28,A04,2,68.0,544.0,False,0,0
2025-01-28,A05,8,437.0,6422.0,False,0,0
2025-01-28,A06,145,1018.0,11654.0,False,0,0
2025-01-28,A07,11,63.0,1268.0,False,0,0
2025-01-28,A08,1,94.0,332.0,False,0,0
2025-01-28,A09,1,70.0,896.0,False,0,0
2025-01-28,A10,91,1380.0,11951.0,False,0,0
2025-01-28,B01,0,441.0,0.0,False,0,0
2025-01-28,B02,35,1896.0,0.0,False,0,0
2025-01-28,B03,0,1028.3,0.0,False,0,0
2025-01-28,B04,0,982.0,0.0,False,0,0
2025-01-28,B05,2,6.0,442.0,False,0,0
2025-01-28,B06,3,95.0,1214.0,False,0,0
2025-01-28,B07,2,0.0,8932.0,False,2,0
2025-01-28,B08,10,339.0,2950.0,False,0,0
2025-01-28,B09,2,955.0,0.0,False,0,0
2025-01-28,B10,0,0.0,226.0,False,0,0
2025-01-28,B11,5,0.0,1042.0,False,5,0
2025-01-28,B12,9,0.0,1782.0,False,9,0
2025-01-28,C01,1,0.0,66.0,False,1,0
2025-01-28,C02,8,0.0,915.0,False,8,0
2025-01-28,C03,0,141.0,0.0,False,0,0
2025-01-28,C04,0,12.0,568.0,False,0,0
2025-01-28,C05,1,0.0,403.0,False,1,0
2025-01-28,C06,7,0.0,516.0,False,7,0
2025-01-28,C07,4,12.0,644.0,False,0,0
2025-01-28,C08,0,0.0,106.0,False,0,0
2025-01-29,A01,78,465.0,1813.0,False,0,0
2025-01-29,A02,73,4300.0,0.0,False,0,1
2025-01-29,A03,6,1151.0,0.0,False,0,0
2025-01-29,A04,0,68.0,544.0,False,0,0
2025-01-29,A05,6,431.0,6422.0,False,0,0
2025-01-29,A06,20,998.0,11654.0,False,0,0
2025-01-29,A07,42,21.0,1268.0,False,0,0
2025-01-29,A08,6,88.0,332.0,False,0,0
2025-01-29,A09,13,57.0,896.0,False,0,0
2025-01-29,A10,963,417.0,11951.0,False,0,0
2025-01-29,B01,4,437.0,0.0,False,0,0
2025-01-29,B02,17,1879.0,0.0,False,0,0
2025-01-29,B03,0,962.0,0.0,False,0,0
2025-01-29,B04,39,943.0,0.0,False,0,0
2025-01-29,B05,6,0.0,442.0,False,0,0
2025-01-29,B06,0,94.0,1214.0,False,0,0
2025-01-29,B07,4,0.0,8932.0,False,4,0
2025-01-29,B08,0,339.0,2950.0,False,0,0
2025-01-29,B09,13,942.0,0.0,False,0,0
2025-01-29,B10,0,0.0,226.0,False,0,0
2025-01-29,B11,1,0.0,1042.0,False,1,0
2025-01-29,B12,0,0.0,1782.0,False,0,0
2025-01-29,C01,0,0.0,66.0,False,0,0
2025-01-29,C02,0,0.0,915.0,False,0,0
2025-01-29,C03,0,141.0,0.0,False,0,0
2025-01-29,C04,3,9.0,568.0,False,0,0
2025-01-29,C05,0,0.0,403.0,False,0,0
2025-01-29,C06,5,0.0,516.0,False,5,0
2025-01-29,C07,6,6.0,644.0,False,0,0
2025-01-29,C08,1,0.0,106.0,False,1,0
2025-01-30,A01,14,451.0,1813.0,False,0,0
2025-01-30,A02,95,4204.0,2444.0,True,0,1
2025-01-30,A03,16,1135.0,0.0,False,0,0
2025-01-30,A04,0,68.0,544.0,False,0,0
2025-01-30,A05,11,361.2,6422.0,False,0,0
2025-01-30,A06,89,909.0,11654.0,False,0,0
2025-01-30,A07,29,0.0,1268.0,False,8,0
2025-01-30,A08,3,85.0,332.0,False,0,0
2025-01-30,A09,0,57.0,896.0,False,0,0
2025-01-30,A10,41,376.0,11951.0,False,0,0
2025-01-30,B01,1,436.0,0.0,False,0,0
2025-01-30,B02,3,2079.5,0.0,False,0,0
2025-01-30,B03,1,961.0,0.0,False,0,0
2025-01-30,B04,0,1048.1,0.0,False,0,0
2025-01-30,B05,2,0.0,442.0,False,2,0
2025-01-30,B06,6,80.2,1214.0,False,0,0
2025-01-30,B07,120,0.0,8932.0,False,120,0
2025-01-30,B08,5,334.0,2950.0,False,0,0
2025-01-30,B09,0,942.0,0.0,False,0,0
2025-01-30,B10,0,0.0,226.0,False,0,0
2025-01-30,B11,5,0.0,1042.0,False,5,0
2025-01-30,B12,11,0.0,1782.0,False,11,0
2025-01-30,C01,1,0.0,66.0,False,1,0
2025-01-30,C02,2,0.0,915.0,False,2,0
2025-01-30,C03,0,141.0,0.0,False,0,0
2025-01-30,C04,2,7.0,568.0,False,0,0
2025-01-30,C05,0,0.0,403.0,False,0,0
2025-01-30,C06,1,0.0,516.0,False,1,0
2025-01-30,C07,0,6.0,644.0,False,0,0
2025-01-30,C08,0,0.0,106.0,False,0,0
2025-01-31,A01,33,418.0,1813.0,False,0,0
2025-01-31,A02,82,4121.0,2444.0,False,0,1
2025-01-31,A03,2,1133.0,0.0,False,0,0
2025-01-31,A04,0,68.0,544.0,False,0,0
2025-01-31,A05,27,393.0,6422.0,False,0,0
2025-01-31,A06,81,828.0,11654.0,False,0,0
2025-01-31,A07,2,0.0,1268.0,False,2,0
2025-01-31,A08,9,76.0,332.0,False,0,0
2025-01-31,A09,40,17.0,896.0,False,0,0
2025-01-31,A10,6,370.0,11951.0,False,0,0
2025-01-31,B01,3,433.0,0.0,False,0,0
2025-01-31,B02,9,1867.0,0.0,False,0,0
2025-01-31,B03,16,898.0,0.0,False,0,0
2025-01-31,B04,0,943.0,0.0,False,0,0
2025-01-31,B05,1,0.0,442.0,False,1,0
2025-01-31,B06,1,88.0,1214.0,False,0,0
2025-01-31,B07,2,0.0,8932.0,False,2,0
2025-01-31,B08,4,330.0,2950.0,False,0,0
2025-01-31,B09,6,936.0,0.0,False,0,0
2025-01-31,B10,0,0.0,226.0,False,0,0
2025-01-31,B11,18,0.0,1042.0,False,18,0
2025-01-31,B12,8,0.0,1782.0,False,8,0
2025-01-31,C01,1,0.0,66.0,False,1,0
2025-01-31,C02,1,0.0,915.0,False,1,0
2025-01-31,C03,0,141.0,0.0,False,0,0
2025-01-31,C04,0,7.0,568.0,False,0,0
2025-01-31,C05,0,0.0,403.0,False,0,0
2025-01-31,C06,0,0.0,516.0,False,0,0
2025-01-31,C07,0,6.0,644.0,False,0,0
2025-01-31,C08,1,0.0,106.0,False,1,0
2025-02-01,A01,21,397.0,1813.0,False,0,0
2025-02-01,A02,8,4112.0,2444.0,False,0,1
2025-02-01,A03,2,1131.0,0.0,False,0,0
2025-02-01,A04,0,57.8,544.0,False,0,0
2025-02-01,A05,2,391.0,6422.0,False,0,0
2025-02-01,A06,90,726.0,11654.0,False,0,0
2025-02-01,A07,36,0.0,1268.0,False,36,0
2025-02-01,A08,0,76.0,332.0,False,0,0
2025-02-01,A09,0,17.0,896.0,False,0,0
2025-02-01,A10,104,266.0,11951.0,False,0,0
2025-02-01,B01,2,431.0,0.0,False,0,0
2025-02-01,B02,1,1866.0,0.0,False,0,0
2025-02-01,B03,3,942.0,0.0,False,0,0
2025-02-01,B04,1,942.0,0.0,False,0,0
2025-02-01,B05,0,0.0,442.0,False,0,0
2025-02-01,B06,4,84.0,1214.0,False,0,0
2025-02-01,B07,46,0.0,8932.0,False,46,0
2025-02-01,B08,52,278.0,2950.0,False,0,0
2025-02-01,B09,5,931.0,0.0,False,0,0
2025-02-01,B10,0,0.0,226.0,False,0,0
2025-02-01,B11,0,0.0,1042.0,False,0,0
2025-02-01,B12,3,0.0,1782.0,False,3,0
2025-02-01,C01,0,0.0,66.0,False,0,0
2025-02-01,C02,1,811.7,0.0,False,0,0
2025-02-01,C03,0,141.0,0.0,False,0,0
2025-02-01,C04,0,7.0,568.0,False,0,0
2025-02-01,C05,2,0.0,403.0,False,2,0
2025-02-01,C06,0,0.0,516.0,False,0,0
2025-02-01,C07,1,5.0,644.0,False,0,0
2025-02-01,C08,1,0.0,106.0,False,1,0
2025-02-02,A01,42,355.0,1813.0,False,0,0
2025-02-02,A02,109,4224.3,2444.0,False,0,1
2025-02-02,A03,0,1131.0,0.0,False,0,0
2025-02-02,A04,0,68.0,544.0,False,0,0
2025-02-02,A05,30,373.6,6422.0,False,0,0
2025-02-02,A06,168,570.0,11654.0,False,0,0
2025-02-02,A07,38,0.0,1268.0,False,38,0
2025-02-02,A08,14,62.0,332.0,False,0,0
2025-02-02,A09,4,13.0,896.0,False,0,0
2025-02-02,A10,106,160.0,11951.0,False,0,0
2025-02-02,B01,0,431.0,0.0,False,0,0
2025-02-02,B02,40,1806.8,0.0,False,0,0
2025-02-02,B03,7,935.0,0.0,False,0,0
2025-02-02,B04,0,942.0,0.0,False,0,0
2025-02-02,B05,1,0.0,442.0,False,1,0
2025-02-02,B06,30,54.0,1214.0,False,0,0
2025-02-02,B07,21,0.0,8932.0,False,21,0
2025-02-02,B08,14,264.0,2950.0,False,0,0
2025-02-02,B09,8,923.0,0.0,False,0,0
2025-02-02,B10,0,0.0,226.0,False,0,0
2025-02-02,B11,12,0.0,1042.0,False,12,0
2025-02-02,B12,12,0.0,1782.0,False,12,0
2025-02-02,C01,2,0.0,66.0,False,2,0
2025-02-02,C02,0,914.0,0.0,False,0,0
2025-02-02,C03,0,141.0,0.0,False,0,0
2025-02-02,C04,2,5.0,568.0,False,0,0
2025-02-02,C05,0,403.0,0.0,False,0,0
2025-02-02,C06,6,0.0,516.0,False,6,0
2025-02-02,C07,6,0.0,644.0,False,1,0
2025-02-02,C08,0,0.0,106.0,False,0,0
2025-02-03,A01,0,391.6,1813.0,False,0,0
2025-02-03,A02,67,3934.0,2444.0,False,0,1
2025-02-03,A03,2,1129.0,0.0,False,0,0
2025-02-03,A04,3,65.0,544.0,False,0,0
2025-02-03,A05,126,235.0,6422.0,False,0,0
2025-02-03,A06,48,522.0,11654.0,False,0,0
2025-02-03,A07,8,0.0,1268.0,False,8,0
2025-02-03,A08,22,34.3,332.0,False,0,0
2025-02-03,A09,15,0.0,896.0,False,2,0
2025-02-03,A10,38,122.0,11951.0,False,0,0
2025-02-03,B01,0,431.0,0.0,False,0,0
2025-02-03,B02,20,1806.0,0.0,False,0,0
2025-02-03,B03,10,925.0,0.0,False,0,0
2025-02-03,B04,8,934.0,0.0,False,0,0
2025-02-03,B05,0,0.0,442.0,False,0,0
2025-02-03,B06,14,40.0,1214.0,False,0,0
2025-02-03,B07,0,0.0,8932.0,False,0,0
2025-02-03,B08,1,263.0,2950.0,False,0,0
2025-02-03,B09,3,920.0,0.0,False,0,0
2025-02-03,B10,1,0.0,226.0,False,1,0
2025-02-03,B11,5,0.0,1042.0,False,5,0
2025-02-03,B12,1,0.0,1782.0,False,1,0
2025-02-03,C01,1,0.0,66.0,False,1,0
2025-02-03,C02,6,908.0,0.0,False,0,0
2025-02-03,C03,0,141.0,0.0,False,0,0
2025-02-03,C04,6,0.0,568.0,False,1,0
2025-02-03,C05,0,403.0,0.0,False,0,0
2025-02-03,C06,4,0.0,516.0,False,4,0
2025-02-03,C07,1,0.0,644.0,False,1,0
2025-02-03,C08,1,0.0,106.0,False,1,0
2025-02-04,A01,16,339.0,1813.0,False,0,0
2025-02-04,A02,60,3835.4,2444.0,False,0,1
2025-02-04,A03,14,1115.0,0.0,False,0,0
2025-02-04,A04,0,65.0,544.0,False,0,0
2025-02-04,A05,338,0.0,6422.0,False,103,0
2025-02-04,A06,780,0.0,11654.0,False,258,0
2025-02-04,A07,47,0.0,1268.0,False,47,0
2025-02-04,A08,2,38.0,332.0,False,0,0
2025-02-04,A09,11,0.0,896.0,False,11,0
2025-02-04,A10,24,12047.0,0.0,False,0,2
2025-02-04,B01,1,430.0,0.0,False,0,0
2025-02-04,B02,28,1582.4,0.0,False,0,0
2025-02-04,B03,0,925.0,0.0,False,0,0
2025-02-04,B04,0,934.0,0.0,False,0,0
2025-02-04,B05,4,0.0,442.0,False,4,0
2025-02-04,B06,4,36.0,1214.0,False,0,0
2025-02-04,B07,166,0.0,8932.0,False,166,0
2025-02-04,B08,23,240.0,2950.0,False,0,0
2025-02-04,B09,2,918.0,0.0,False,0,0
2025-02-04,B10,1,225.0,0.0,False,0,0
2025-02-04,B11,11,0.0,1042.0,False,11,0
2025-02-04,B12,29,0.0,1782.0,False,29,0
2025-02-04,C01,0,0.0,66.0,False,0,0
2025-02-04,C02,3,905.0,0.0,False,0,0
2025-02-04,C03,0,141.0,0.0,False,0,0
2025-02-04,C04,3,0.0,568.0,False,3,0
2025-02-04,C05,1,410.7,0.0,False,0,0
2025-02-04,C06,1,0.0,516.0,False,1,0
2025-02-04,C07,0,0.0,644.0,False,0,0
2025-02-04,C08,0,0.0,106.0,False,0,0
2025-02-05,A01,0,339.0,1813.0,False,0,0
2025-02-05,A02,131,6185.0,0.0,False,0,1
2025-02-05,A03,12,1103.0,0.0,False,0,0
2025-02-05,A04,17,48.0,544.0,False,0,0
2025-02-05,A05,118,0.0,6422.0,False,118,0
2025-02-05,A06,163,0.0,11654.0,False,163,0
2025-02-05,A07,39,0.0,1268.0,False,39,0
2025-02-05,A08,0,38.0,332.0,False,0,0
2025-02-05,A09,15,0.0,896.0,False,15,0
2025-02-05,A10,133,11912.0,0.0,False,0,2
2025-02-05,B01,0,430.0,0.0,False,0,0
2025-02-05,B02,0,1778.0,0.0,False,0,0
2025-02-05,B03,2,923.0,0.0,False,0,0
2025-02-05,B04,21,913.0,0.0,False,0,0
2025-02-05,B05,0,0.0,442.0,False,0,0
2025-02-05,B06,3,33.0,1214.0,False,0,0
2025-02-05,B07,123,0.0,8932.0,False,123,0
2025-02-05,B08,32,208.0,2950.0,False,0,0
2025-02-05,B09,32,886.0,0.0,False,0,0
2025-02-05,B10,4,221.0,0.0,False,0,0
2025-02-05,B11,13,0.0,1042.0,False,13,0
2025-02-05,B12,23,0.0,1782.0,False,23,0
2025-02-05,C01,2,0.0,66.0,False,2,0
2025-02-05,C02,1,904.0,0.0,False,0,0
2025-02-05,C03,0,141.0,0.0,False,0,0
2025-02-05,C04,2,0.0,568.0,False,2,0
2025-02-05,C05,0,402.0,0.0,False,0,0
2025-02-05,C06,0,0.0,516.0,False,0,0
2025-02-05,C07,9,0.0,644.0,False,9,0
2025-02-05,C08,0,0.0,106.0,False,0,0
2025-02-06,A01,2,337.0,1813.0,False,0,0
2025-02-06,A02,80,6104.0,0.0,False,0,1
2025-02-06,A03,27,1076.0,0.0,False,0,0
2025-02-06,A04,1,47.0,544.0,False,0,0
2025-02-06,A05,15,0.0,6422.0,False,15,0
2025-02-06,A06,1,0.0,11654.0,False,1,0
2025-02-06,A07,7,0.0,1268.0,False,7,0
2025-02-06,A08,3,35.0,332.0,False,0,0
2025-02-06,A09,4,0.0,896.0,False,4,0
2025-02-06,A10,5,11905.0,0.0,False,0,2
2025-02-06,B01,11,419.0,0.0,False,0,0
2025-02-06,B02,14,1764.0,0.0,False,0,0
2025-02-06,B03,3,920.0,0.0,False,0,0
2025-02-06,B04,3,920.2,0.0,False,0,0
2025-02-06,B05,1,0.0,442.0,False,1,0
2025-02-06,B06,12,21.0,1214.0,False,0,0
2025-02-06,B07,128,0.0,8932.0,False,128,0
2025-02-06,B08,35,190.9,2950.0,False,0,0
2025-02-06,B09,1,885.0,0.0,False,0,0
2025-02-06,B10,5,216.0,0.0,False,0,0
2025-02-06,B11,16,0.0,1042.0,False,16,0
2025-02-06,B12,63,0.0,1782.0,False,63,0
2025-02-06,C01,0,0.0,66.0,False,0,0
2025-02-06,C02,1,903.0,0.0,False,0,0
2025-02-06,C03,0,141.0,0.0,False,0,0
2025-02-06,C04,0,0.0,568.0,False,0,0
2025-02-06,C05,0,402.0,0.0,False,0,0
2025-02-06,C06,1,0.0,516.0,False,1,0
2025-02-06,C07,13,0.0,644.0,False,13,0
2025-02-06,C08,4,0.0,106.0,False,4,0
2025-02-07,A01,11,326.0,1813.0,False,0,0
2025-02-07,A02,158,5793.1,0.0,False,0,1
2025-02-07,A03,20,1056.0,0.0,False,0,0
2025-02-07,A04,0,47.0,544.0,False,0,0
2025-02-07,A05,10,0.0,6422.0,False,10,0
2025-02-07,A06,161,0.0,11654.0,False,161,0
2025-02-07,A07,0,0.0,1268.0,False,0,0
2025-02-07,A08,3,32.0,332.0,False,0,0
2025-02-07,A09,0,0.0,896.0,False,0,0
2025-02-07,A10,1,11902.0,0.0,False,0,2
2025-02-07,B01,0,403.7,0.0,False,0,0
2025-02-07,B02,14,1750.0,0.0,False,0,0
2025-02-07,B03,4,916.0,0.0,False,0,0
2025-02-07,B04,7,903.0,0.0,False,0,0
2025-02-07,B05,2,0.0,442.0,False,2,0
2025-02-07,B06,33,0.0,1214.0,False,12,0
2025-02-07,B07,12,0.0,8932.0,False,12,0
2025-02-07,B08,95,67.2,2950.0,False,0,0
2025-02-07,B09,30,855.0,0.0,False,0,0
2025-02-07,B10,0,216.0,0.0,False,0,0
2025-02-07,B11,4,1155.4,0.0,False,0,0
2025-02-07,B12,7,0.0,1782.0,False,7,0
2025-02-07,C01,0,0.0,66.0,False,0,0
2025-02-07,C02,11,789.8,0.0,False,0,0
2025-02-07,C03,0,141.0,0.0,False,0,0
2025-02-07,C04,8,0.0,568.0,False,8,0
2025-02-07,C05,3,399.0,0.0,False,0,0
2025-02-07,C06,1,0.0,516.0,False,1,0
2025-02-07,C07,2,0.0,644.0,False,2,0
2025-02-07,C08,0,0.0,106.0,False,0,0
2025-02-08,A01,25,301.0,1813.0,False,0,0
2025-02-08,A02,1,5943.0,0.0,False,0,1
2025-02-08,A03,0,1056.0,0.0,False,0,0
2025-02-08,A04,4,43.0,544.0,False,0,0
2025-02-08,A05,198,0.0,6422.0,False,198,0
2025-02-08,A06,46,0.0,11654.0,False,46,0
2025-02-08,A07,1,0.0,1268.0,False,1,0
2025-02-08,A08,2,30.0,332.0,False,0,0
2025-02-08,A09,16,0.0,896.0,False,16,0
2025-02-08,A10,47,11853.0,0.0,False,0,2
2025-02-08,B01,0,419.0,0.0,False,0,0
2025-02-08,B02,17,1538.2,0.0,False,0,0
2025-02-08,B03,6,910.0,0.0,False,0,0
2025-02-08,B04,0,903.0,0.0,False,0,0
2025-02-08,B05,0,0.0,442.0,False,0,0
2025-02-08,B06,4,0.0,1214.0,False,4,0
2025-02-08,B07,60,0.0,8932.0,False,60,0
2025-02-08,B08,17,61.0,2950.0,False,0,0
2025-02-08,B09,7,848.0,0.0,False,0,0
2025-02-08,B10,2,214.0,0.0,False,0,0
2025-02-08,B11,20,1018.0,0.0,False,0,0
2025-02-08,B12,0,0.0,1782.0,False,0,0
2025-02-08,C01,0,0.0,66.0,False,0,0
2025-02-08,C02,0,892.0,0.0,False,0,0
2025-02-08,C03,0,141.0,0.0,False,0,0
2025-02-08,C04,1,0.0,568.0,False,1,0
2025-02-08,C05,0,399.0,0.0,False,0,0
2025-02-08,C06,5,0.0,516.0,False,5,0
2025-02-08,C07,0,0.0,644.0,False,0,0
2025-02-08,C08,0,0.0,106.0,False,0,0
2025-02-09,A01,26,275.0,1813.0,False,0,0
2025-02-09,A02,164,5778.0,0.0,False,0,1
2025-02-09,A03,4,1052.0,0.0,False,0,0
2025-02-09,A04,4,39.0,544.0,False,0,0
2025-02-09,A05,41,0.0,6422.0,False,41,0
2025-02-09,A06,307,0.0,11654.0,False,307,0
2025-02-09,A07,25,0.0,1268.0,False,25,0
2025-02-09,A08,0,30.0,332.0,False,0,0
2025-02-09,A09,2,0.0,896.0,False,2,0
2025-02-09,A10,192,12725.3,0.0,False,0,2
2025-02-09,B01,1,383.3,0.0,False,0,0
2025-02-09,B02,10,1723.0,0.0,False,0,0
2025-02-09,B03,12,898.0,0.0,False,0,0
2025-02-09,B04,7,896.0,0.0,False,0,0
2025-02-09,B05,1,0.0,442.0,False,1,0
2025-02-09,B06,4,0.0,1214.0,False,4,0
2025-02-09,B07,16,0.0,8932.0,False,16,0
2025-02-09,B08,4,57.0,2950.0,False,0,0
2025-02-09,B09,5,843.0,0.0,False,0,0
2025-02-09,B10,0,214.0,0.0,False,0,0
2025-02-09,B11,2,1016.0,0.0,False,0,0
2025-02-09,B12,30,0.0,1782.0,False,30,0
2025-02-09,C01,1,0.0,66.0,False,1,0
2025-02-09,C02,1,891.0,0.0,False,0,0
2025-02-09,C03,1,146.2,0.0,False,0,0
2025-02-09,C04,0,0.0,568.0,False,0,0
2025-02-09,C05,2,427.4,0.0,False,0,0
2025-02-09,C06,0,0.0,516.0,False,0,0
2025-02-09,C07,0,0.0,644.0,False,0,0
2025-02-09,C08,1,0.0,106.0,False,1,0
2025-02-10,A01,1,274.0,1813.0,False,0,0
2025-02-10,A02,70,6441.3,0.0,False,0,1
2025-02-10,A03,5,1047.0,0.0,False,0,0
2025-02-10,A04,0,40.3,544.0,False,0,0
2025-02-10,A05,19,0.0,6422.0,False,19,0
2025-02-10,A06,88,0.0,11654.0,False,88,0
2025-02-10,A07,13,0.0,1268.0,False,13,0
2025-02-10,A08,9,22.9,332.0,False,0,0
2025-02-10,A09,2,0.0,896.0,False,2,0
2025-02-10,A10,143,11514.0,0.0,False,0,2
2025-02-10,B01,2,384.1,0.0,False,0,0
2025-02-10,B02,23,1700.0,0.0,False,0,0
2025-02-10,B03,0,898.0,0.0,False,0,0
2025-02-10,B04,4,892.0,0.0,False,0,0
2025-02-10,B05,1,0.0,442.0,False,1,0
2025-02-10,B06,2,0.0,1214.0,False,2,0
2025-02-10,B07,212,0.0,8932.0,False,212,0
2025-02-10,B08,16,41.0,2950.0,False,0,0
2025-02-10,B09,14,829.0,0.0,False,0,0
2025-02-10,B10,1,213.0,0.0,False,0,0
2025-02-10,B11,8,1008.0,0.0,False,0,0
2025-02-10,B12,28,0.0,1782.0,False,28,0
2025-02-10,C01,1,0.0,66.0,False,1,0
2025-02-10,C02,10,881.0,0.0,False,0,0
2025-02-10,C03,1,139.0,0.0,False,0,0
2025-02-10,C04,7,0.0,568.0,False,7,0
2025-02-10,C05,0,390.9,0.0,False,0,0
2025-02-10,C06,6,0.0,516.0,False,6,0
2025-02-10,C07,7,594.4,0.0,False,0,0
2025-02-10,C08,0,0.0,106.0,False,0,0
2025-02-11,A01,10,297.5,1813.0,False,0,0
2025-02-11,A02,200,5506.0,0.0,False,0,1
2025-02-11,A03,2,1173.8,0.0,False,0,0
2025-02-11,A04,1,38.0,544.0,False,0,0
2025-02-11,A05,235,0.0,6422.0,False,235,0
2025-02-11,A06,194,0.0,11654.0,False,194,0
2025-02-11,A07,2,0.0,1268.0,False,2,0
2025-02-11,A08,0,21.0,332.0,False,0,0
2025-02-11,A09,3,0.0,896.0,False,3,0
2025-02-11,A10,43,11469.0,0.0,False,0,2
2025-02-11,B01,2,414.0,0.0,False,0,0
2025-02-11,B02,2,1698.0,0.0,False,0,0
2025-02-11,B03,0,898.0,0.0,False,0,0
2025-02-11,B04,3,889.0,0.0,False,0,0
2025-02-11,B05,0,0.0,442.0,False,0,0
2025-02-11,B06,24,1190.0,0.0,False,0,0
2025-02-11,B07,27,0.0,8932.0,False,27,0
2025-02-11,B08,9,32.0,2950.0,False,0,0
2025-02-11,B09,21,779.7,0.0,False,0,0
2025-02-11,B10,2,211.0,0.0,False,0,0
2025-02-11,B11,3,1005.0,0.0,False,0,0
2025-02-11,B12,28,0.0,1782.0,False,28,0
2025-02-11,C01,0,0.0,66.0,False,0,0
2025-02-11,C02,8,873.0,0.0,False,0,0
2025-02-11,C03,0,139.0,0.0,False,0,0
2025-02-11,C04,3,0.0,568.0,False,3,0
2025-02-11,C05,0,397.0,0.0,False,0,0
2025-02-11,C06,6,0.0,516.0,False,6,0
2025-02-11,C07,21,616.0,0.0,False,0,0
2025-02-11,C08,0,106.0,0.0,False,0,0
2025-02-12,A01,5,259.0,1813.0,False,0,0
2025-02-12,A02,30,5475.0,0.0,False,0,1
2025-02-12,A03,5,1040.0,0.0,False,0,0
2025-02-12,A04,0,38.0,544.0,False,0,0
2025-02-12,A05,83,0.0,6422.0,False,83,0
2025-02-12,A06,19,0.0,11654.0,False,19,0
2025-02-12,A07,7,0.0,1268.0,False,7,0
2025-02-12,A08,1,20.0,332.0,False,0,0
2025-02-12,A09,12,0.0,896.0,False,12,0
2025-02-12,A10,359,11108.0,0.0,False,0,2
2025-02-12,B01,5,409.0,0.0,False,0,0
2025-02-12,B02,16,1733.0,0.0,False,0,0
2025-02-12,B03,11,887.0,0.0,False,0,0
2025-02-12,B04,2,824.8,0.0,False,0,0
2025-02-12,B05,0,0.0,442.0,False,0,0
2025-02-12,B06,2,1188.0,0.0,False,0,0
2025-02-12,B07,19,0.0,8932.0,False,19,0
2025-02-12,B08,28,4.2,2950.0,False,0,0
2025-02-12,B09,7,801.0,0.0,False,0,0
2025-02-12,B10,0,211.0,0.0,False,0,0
2025-02-12,B11,0,1005.0,0.0,False,0,0
2025-02-12,B12,3,0.0,1782.0,False,3,0
2025-02-12,C01,0,0.0,66.0,False,0,0
2025-02-12,C02,3,789.0,0.0,False,0,0
2025-02-12,C03,0,139.0,0.0,False,0,0
2025-02-12,C04,2,0.0,568.0,False,2,0
2025-02-12,C05,0,397.0,0.0,False,0,0
2025-02-12,C06,1,0.0,516.0,False,1,0
2025-02-12,C07,1,615.0,0.0,False,0,0
2025-02-12,C08,0,106.0,0.0,False,0,0
2025-02-13,A01,17,242.0,1813.0,False,0,0
2025-02-13,A02,42,5432.0,0.0,False,0,1
2025-02-13,A03,2,1038.0,0.0,False,0,0
2025-02-13,A04,2,36.0,544.0,False,0,0
2025-02-13,A05,97,0.0,6422.0,False,97,0
2025-02-13,A06,170,0.0,11654.0,False,170,0
2025-02-13,A07,20,0.0,1268.0,False,20,0
2025-02-13,A08,0,20.0,332.0,False,0,0
2025-02-13,A09,3,0.0,896.0,False,3,0
2025-02-13,A10,68,11038.0,0.0,False,0,2
2025-02-13,B01,0,435.3,0.0,False,0,0
2025-02-13,B02,9,1673.0,0.0,False,0,0
2025-02-13,B03,14,873.0,0.0,False,0,0
2025-02-13,B04,0,887.0,0.0,False,0,0
2025-02-13,B05,0,0.0,442.0,False,0,0
2025-02-13,B06,14,1174.0,0.0,False,0,0
2025-02-13,B07,129,0.0,8932.0,False,129,0
2025-02-13,B08,46,2907.0,0.0,False,0,1
2025-02-13,B09,6,795.0,0.0,False,0,0
2025-02-13,B10,2,209.0,0.0,False,0,0
2025-02-13,B11,0,1005.0,0.0,False,0,0
2025-02-13,B12,2,0.0,1782.0,False,2,0
2025-02-13,C01,2,0.0,66.0,False,2,0
2025-02-13,C02,17,853.0,0.0,False,0,0
2025-02-13,C03,0,139.0,0.0,False,0,0
2025-02-13,C04,0,0.0,568.0,False,0,0
2025-02-13,C05,0,397.0,0.0,False,0,0
2025-02-13,C06,0,0.0,516.0,False,0,0
2025-02-13,C07,2,613.0,0.0,False,0,0
2025-02-13,C08,0,106.0,0.0,False,0,0
2025-02-14,A01,0,260.9,1813.0,False,0,0
2025-02-14,A02,44,5387.0,0.0,False,0,1
2025-02-14,A03,5,1033.0,0.0,False,0,0
2025-02-14,A04,3,33.0,544.0,False,0,0
2025-02-14,A05,21,0.0,6422.0,False,21,0
2025-02-14,A06,34,0.0,11654.0,False,34,0
2025-02-14,A07,10,0.0,1268.0,False,10,0
2025-02-14,A08,0,21.0,332.0,False,0,0
2025-02-14,A09,9,0.0,896.0,False,9,0
2025-02-14,A10,24,11012.0,0.0,False,0,2
2025-02-14,B01,2,459.2,0.0,False,0,0
2025-02-14,B02,1,1672.0,0.0,False,0,0
2025-02-14,B03,5,868.0,0.0,False,0,0
2025-02-14,B04,0,887.0,0.0,False,0,0
2025-02-14,B05,1,0.0,442.0,False,1,0
2025-02-14,B06,4,1170.0,0.0,False,0,0
2025-02-14,B07,23,0.0,8932.0,False,23,0
2025-02-14,B08,3,2903.0,0.0,False,0,1
2025-02-14,B09,0,795.0,0.0,False,0,0
2025-02-14,B10,0,209.0,0.0,False,0,0
2025-02-14,B11,8,997.0,0.0,False,0,0
2025-02-14,B12,16,0.0,1782.0,False,16,0
2025-02-14,C01,0,0.0,66.0,False,0,0
2025-02-14,C02,1,852.0,0.0,False,0,0
2025-02-14,C03,0,139.0,0.0,False,0,0
2025-02-14,C04,0,0.0,568.0,False,0,0
2025-02-14,C05,0,397.0,0.0,False,0,0
2025-02-14,C06,0,0.0,516.0,False,0,0
2025-02-14,C07,1,612.0,0.0,False,0,0
2025-02-14,C08,0,106.0,0.0,False,0,0
2025-02-15,A01,0,242.0,1813.0,False,0,0
2025-02-15,A02,86,5300.0,0.0,False,0,1
2025-02-15,A03,2,1031.0,0.0,False,0,0
2025-02-15,A04,0,33.4,544.0,False,0,0
2025-02-15,A05,7,0.0,6422.0,False,7,0
2025-02-15,A06,103,0.0,11654.0,False,103,0
2025-02-15,A07,18,0.0,1268.0,False,18,0
2025-02-15,A08,18,2.1,332.0,False,0,0
2025-02-15,A09,4,0.0,896.0,False,4,0
2025-02-15,A10,62,10948.0,0.0,False,0,2
2025-02-15,B01,0,407.0,0.0,False,0,0
2025-02-15,B02,23,1649.0,0.0,False,0,0
2025-02-15,B03,1,915.9,0.0,False,0,0
2025-02-15,B04,9,878.0,0.0,False,0,0
2025-02-15,B05,3,0.0,442.0,False,3,0
2025-02-15,B06,3,1167.0,0.0,False,0,0
2025-02-15,B07,73,0.0,8932.0,False,73,0
2025-02-15,B08,44,3254.6,0.0,False,0,1
2025-02-15,B09,6,789.0,0.0,False,0,0
2025-02-15,B10,0,209.0,0.0,False,0,0
2025-02-15,B11,1,996.0,0.0,False,0,0
2025-02-15,B12,35,0.0,1782.0,False,35,0
2025-02-15,C01,0,0.0,66.0,False,0,0
2025-02-15,C02,4,848.0,0.0,False,0,0
2025-02-15,C03,0,139.0,0.0,False,0,0
2025-02-15,C04,4,0.0,568.0,False,4,0
2025-02-15,C05,3,394.0,0.0,False,0,0
2025-02-15,C06,1,0.0,516.0,False,1,0
2025-02-15,C07,6,633.6,0.0,False,0,0
2025-02-15,C08,5,101.0,0.0,False,0,0
2025-02-16,A01,33,209.0,1813.0,False,0,0
2025-02-16,A02,89,4529.6,0.0,False,0,1
2025-02-16,A03,1,1030.0,0.0,False,0,0
2025-02-16,A04,2,35.1,544.0,False,0,0
2025-02-16,A05,89,0.0,6422.0,False,89,0
2025-02-16,A06,26,0.0,11654.0,False,26,0
2025-02-16,A07,8,0.0,1268.0,False,8,0
2025-02-16,A08,0,2.0,332.0,False,0,0
2025-02-16,A09,8,0.0,896.0,False,8,0
2025-02-16,A10,8,12395.4,0.0,False,0,2
2025-02-16,B01,0,407.0,0.0,False,0,0
2025-02-16,B02,4,1762.2,0.0,False,0,0
2025-02-16,B03,2,865.0,0.0,False,0,0
2025-02-16,B04,3,875.0,0.0,False,0,0
2025-02-16,B05,0,0.0,442.0,False,0,0
2025-02-16,B06,6,1161.0,0.0,False,0,0
2025-02-16,B07,49,0.0,8932.0,False,49,0
2025-02-16,B08,0,2857.0,0.0,False,0,1
2025-02-16,B09,2,787.0,0.0,False,0,0
2025-02-16,B10,1,208.0,0.0,False,0,0
2025-02-16,B11,12,984.0,0.0,False,0,0
2025-02-16,B12,11,0.0,1782.0,False,11,0
2025-02-16,C01,0,0.0,66.0,False,0,0
2025-02-16,C02,3,845.0,0.0,False,0,0
2025-02-16,C03,0,139.0,0.0,False,0,0
2025-02-16,C04,1,0.0,568.0,False,1,0
2025-02-16,C05,0,425.9,0.0,False,0,0
2025-02-16,C06,2,514.0,0.0,False,0,0
2025-02-16,C07,0,606.0,0.0,False,0,0
2025-02-16,C08,0,101.0,0.0,False,0,0
2025-02-17,A01,38,152.3,1813.0,False,0,0
2025-02-17,A02,131,5078.0,0.0,False,0,1
2025-02-17,A03,3,1027.0,0.0,False,0,0
2025-02-17,A04,2,31.7,544.0,False,0,0
2025-02-17,A05,71,0.0,6422.0,False,71,0
2025-02-17,A06,9,0.0,11654.0,False,9,0
2025-02-17,A07,16,0.0,1268.0,False,16,0
2025-02-17,A08,0,2.0,332.0,False,0,0
2025-02-17,A09,1,0.0,896.0,False,1,0
2025-02-17,A10,73,10863.0,0.0,False,0,2
2025-02-17,B01,1,406.0,0.0,False,0,0
2025-02-17,B02,4,1641.0,0.0,False,0,0
2025-02-17,B03,11,854.0,0.0,False,0,0
2025-02-17,B04,1,795.7,0.0,False,0,0
2025-02-17,B05,0,0.0,442.0,False,0,0
2025-02-17,B06,2,1159.0,0.0,False,0,0
2025-02-17,B07,197,0.0,8932.0,False,197,0
2025-02-17,B08,45,2811.0,0.0,False,0,1
2025-02-17,B09,0,787.0,0.0,False,0,0
2025-02-17,B10,1,207.0,0.0,False,0,0
2025-02-17,B11,0,984.0,0.0,False,0,0
2025-02-17,B12,2,0.0,1782.0,False,2,0
2025-02-17,C01,0,0.0,66.0,False,0,0
2025-02-17,C02,4,861.3,0.0,False,0,0
2025-02-17,C03,1,138.0,0.0,False,0,0
2025-02-17,C04,4,0.0,568.0,False,4,0
2025-02-17,C05,1,393.0,0.0,False,0,0
2025-02-17,C06,0,514.0,0.0,False,0,0
2025-02-17,C07,13,582.7,0.0,False,0,0
2025-02-17,C08,0,101.0,0.0,False,0,0
2025-02-18,A01,2,169.0,1813.0,False,0,0
2025-02-18,A02,203,4874.0,0.0,False,0,1
2025-02-18,A03,9,1144.0,0.0,False,0,0
2025-02-18,A04,3,26.0,544.0,False,0,0
2025-02-18,A05,47,0.0,6422.0,False,47,0
2025-02-18,A06,231,0.0,11654.0,False,231,0
2025-02-18,A07,65,0.0,1268.0,False,65,0
2025-02-18,A08,4,0.0,332.0,False,2,0
2025-02-18,A09,35,0.0,896.0,False,35,0
2025-02-18,A10,1034,9827.0,0.0,False,0,2
2025-02-18,B01,1,405.0,0.0,False,0,0
2025-02-18,B02,4,1871.7,0.0,False,0,0
2025-02-18,B03,0,854.0,0.0,False,0,0
2025-02-18,B04,3,871.0,0.0,False,0,0
2025-02-18,B05,1,441.0,0.0,False,0,0
2025-02-18,B06,20,1139.0,0.0,False,0,0
2025-02-18,B07,12,0.0,8932.0,False,12,0
2025-02-18,B08,0,2810.0,0.0,False,0,1
2025-02-18,B09,19,731.8,0.0,False,0,0
2025-02-18,B10,0,207.0,0.0,False,0,0
2025-02-18,B11,6,978.0,0.0,False,0,0
2025-02-18,B12,1,0.0,1782.0,False,1,0
2025-02-18,C01,6,0.0,66.0,False,6,0
2025-02-18,C02,1,840.0,0.0,False,0,0
2025-02-18,C03,0,138.0,0.0,False,0,0
2025-02-18,C04,0,0.0,568.0,False,0,0
2025-02-18,C05,1,424.2,0.0,False,0,0
2025-02-18,C06,1,513.0,0.0,False,0,0
2025-02-18,C07,0,593.0,0.0,False,0,0
2025-02-18,C08,0,101.0,0.0,False,0,0
2025-02-19,A01,0,169.0,1813.0,False,0,0
2025-02-19,A02,41,4832.0,0.0,False,0,1
2025-02-19,A03,0,1018.0,0.0,False,0,0
2025-02-19,A04,0,26.0,544.0,False,0,0
2025-02-19,A05,2,0.0,6422.0,False,2,0
2025-02-19,A06,88,0.0,11654.0,False,88,0
2025-02-19,A07,2,0.0,1268.0,False,2,0
2025-02-19,A08,4,0.0,332.0,False,4,0
2025-02-19,A09,7,0.0,896.0,False,7,0
2025-02-19,A10,63,9762.0,0.0,False,0,2
2025-02-19,B01,0,405.0,0.0,False,0,0
2025-02-19,B02,16,1515.9,0.0,False,0,0
2025-02-19,B03,2,852.0,0.0,False,0,0
2025-02-19,B04,8,863.0,0.0,False,0,0
2025-02-19,B05,0,441.0,0.0,False,0,0
2025-02-19,B06,13,1126.0,0.0,False,0,0
2025-02-19,B07,435,0.0,8932.0,False,435,0
2025-02-19,B08,2,2807.0,0.0,False,0,1
2025-02-19,B09,0,682.2,0.0,False,0,0
2025-02-19,B10,5,202.0,0.0,False,0,0
2025-02-19,B11,5,897.9,0.0,False,0,0
2025-02-19,B12,35,0.0,1782.0,False,35,0
2025-02-19,C01,3,0.0,66.0,False,3,0
2025-02-19,C02,0,774.6,0.0,False,0,0
2025-02-19,C03,0,138.0,0.0,False,0,0
2025-02-19,C04,4,0.0,568.0,False,4,0
2025-02-19,C05,1,391.0,0.0,False,0,0
2025-02-19,C06,3,510.0,0.0,False,0,0
2025-02-19,C07,1,592.0,0.0,False,0,0
2025-02-19,C08,0,101.0,0.0,False,0,0
2025-02-20,A01,29,140.0,1813.0,False,0,0
2025-02-20,A02,83,4748.0,0.0,False,0,1
2025-02-20,A03,1,1017.0,0.0,False,0,0
2025-02-20,A04,4,22.0,544.0,False,0,0
2025-02-20,A05,31,6390.0,0.0,False,0,1
2025-02-20,A06,75,0.0,11654.0,False,75,0
2025-02-20,A07,57,0.0,1268.0,False,57,0
2025-02-20,A08,4,0.0,332.0,False,4,0
2025-02-20,A09,0,0.0,896.0,False,0,0
2025-02-20,A10,1,9759.0,0.0,False,0,2
2025-02-20,B01,0,391.9,0.0,False,0,0
2025-02-20,B02,7,1614.0,0.0,False,0,0
2025-02-20,B03,6,792.5,0.0,False,0,0
2025-02-20,B04,5,858.0,0.0,False,0,0
2025-02-20,B05,1,402.0,0.0,False,0,0
2025-02-20,B06,7,1119.0,0.0,False,0,0
2025-02-20,B07,105,0.0,8932.0,False,105,0
2025-02-20,B08,82,2724.0,0.0,False,0,1
2025-02-20,B09,15,654.8,0.0,False,0,0
2025-02-20,B10,1,201.0,0.0,False,0,0
2025-02-20,B11,6,967.0,0.0,False,0,0
2025-02-20,B12,9,0.0,1782.0,False,9,0
2025-02-20,C01,0,0.0,66.0,False,0,0
2025-02-20,C02,14,901.6,0.0,False,0,0
2025-02-20,C03,0,138.0,0.0,False,0,0
2025-02-20,C04,0,0.0,568.0,False,0,0
2025-02-20,C05,1,390.0,0.0,False,0,0
2025-02-20,C06,5,572.2,0.0,False,0,0
2025-02-20,C07,2,590.0,0.0,False,0,0
2025-02-20,C08,0,101.0,0.0,False,0,0
2025-02-21,A01,17,123.0,1813.0,False,0,0
2025-02-21,A02,4,4743.0,0.0,False,0,1
2025-02-21,A03,2,1015.0,0.0,False,0,0
2025-02-21,A04,1,21.0,544.0,False,0,0
2025-02-21,A05,111,6278.0,0.0,False,0,1
2025-02-21,A06,292,0.0,11654.0,False,292,0
2025-02-21,A07,5,0.0,1268.0,False,5,0
2025-02-21,A08,1,0.0,332.0,False,1,0
2025-02-21,A09,7,0.0,896.0,False,7,0
2025-02-21,A10,13,9744.0,0.0,False,0,2
2025-02-21,B01,7,398.0,0.0,False,0,0
2025-02-21,B02,18,1596.0,0.0,False,0,0
2025-02-21,B03,8,838.0,0.0,False,0,0
2025-02-21,B04,0,858.0,0.0,False,0,0
2025-02-21,B05,0,440.0,0.0,False,0,0
2025-02-21,B06,1,1118.0,0.0,False,0,0
2025-02-21,B07,5,0.0,8932.0,False,5,0
2025-02-21,B08,6,2717.0,0.0,False,0,1
2025-02-21,B09,0,729.9,0.0,False,0,0
2025-02-21,B10,0,201.0,0.0,False,0,0
2025-02-21,B11,19,948.0,0.0,False,0,0
2025-02-21,B12,16,0.0,1782.0,False,16,0
2025-02-21,C01,0,0.0,66.0,False,0,0
2025-02-21,C02,0,826.0,0.0,False,0,0
2025-02-21,C03,0,138.0,0.0,False,0,0
2025-02-21,C04,0,0.0,568.0,False,0,0
2025-02-21,C05,0,390.0,0.0,False,0,0
2025-02-21,C06,2,516.2,0.0,False,0,0
2025-02-21,C07,1,529.1,0.0,False,0,0
2025-02-21,C08,0,101.0,0.0,False,0,0
2025-02-22,A01,11,100.5,2903.0,True,0,0
2025-02-22,A02,57,4685.0,0.0,False,0,1
2025-02-22,A03,46,969.0,0.0,False,0,0
2025-02-22,A04,0,21.0,544.0,False,0,0
2025-02-22,A05,140,6003.8,0.0,False,0,1
2025-02-22,A06,77,0.0,11654.0,False,77,0
2025-02-22,A07,1,0.0,1268.0,False,1,0
2025-02-22,A08,5,0.0,332.0,False,5,0
2025-02-22,A09,7,0.0,896.0,False,7,0
2025-02-22,A10,294,9448.0,0.0,False,0,2
2025-02-22,B01,2,396.0,0.0,False,0,0
2025-02-22,B02,16,1580.0,0.0,False,0,0
2025-02-22,B03,0,838.0,0.0,False,0,0
2025-02-22,B04,21,837.0,0.0,False,0,0
2025-02-22,B05,0,440.0,0.0,False,0,0
2025-02-22,B06,6,1112.0,0.0,False,0,0
2025-02-22,B07,3,0.0,8932.0,False,3,0
2025-02-22,B08,2,2714.0,0.0,False,0,1
2025-02-22,B09,13,740.0,0.0,False,0,0
2025-02-22,B10,0,201.0,0.0,False,0,0
2025-02-22,B11,2,946.0,0.0,False,0,0
2025-02-22,B12,39,0.0,1782.0,False,39,0
2025-02-22,C01,0,0.0,66.0,False,0,0
2025-02-22,C02,11,815.0,0.0,False,0,0
2025-02-22,C03,0,138.0,0.0,False,0,0
2025-02-22,C04,1,0.0,568.0,False,1,0
2025-02-22,C05,5,385.0,0.0,False,0,0
2025-02-22,C06,1,502.0,0.0,False,0,0
2025-02-22,C07,7,582.0,0.0,False,0,0
2025-02-22,C08,0,101.0,0.0,False,0,0
2025-02-23,A01,38,74.0,2903.0,False,0,0
2025-02-23,A02,9,4675.0,0.0,False,0,1
2025-02-23,A03,26,943.0,0.0,False,0,0
2025-02-23,A04,4,17.0,544.0,False,0,0
2025-02-23,A05,2,5815.2,0.0,False,0,1
2025-02-23,A06,43,0.0,11654.0,False,43,0
2025-02-23,A07,6,0.0,1268.0,False,6,0
2025-02-23,A08,2,0.0,332.0,False,2,0
2025-02-23,A09,2,0.0,896.0,False,2,0
2025-02-23,A10,429,9017.0,0.0,False,0,2
2025-02-23,B01,1,395.0,0.0,False,0,0
2025-02-23,B02,1,1579.0,0.0,False,0,0
2025-02-23,B03,2,895.3,0.0,False,0,0
2025-02-23,B04,0,837.0,0.0,False,0,0
2025-02-23,B05,2,438.0,0.0,False,0,0
2025-02-23,B06,1,1111.0,0.0,False,0,0
2025-02-23,B07,47,0.0,8932.0,False,47,0
2025-02-23,B08,36,2677.0,0.0,False,0,1
2025-02-23,B09,0,740.0,0.0,False,0,0
2025-02-23,B10,7,194.0,0.0,False,0,0
2025-02-23,B11,8,938.0,0.0,False,0,0
2025-02-23,B12,18,0.0,1782.0,False,18,0
2025-02-23,C01,0,0.0,66.0,False,0,0
2025-02-23,C02,0,815.0,0.0,False,0,0
2025-02-23,C03,1,137.0,0.0,False,0,0
2025-02-23,C04,6,0.0,568.0,False,6,0
2025-02-23,C05,0,385.0,0.0,False,0,0
2025-02-23,C06,0,502.0,0.0,False,0,0
2025-02-23,C07,0,582.0,0.0,False,0,0
2025-02-23,C08,0,101.0,0.0,False,0,0
2025-02-24,A01,29,40.8,2903.0,False,0,0
2025-02-24,A02,265,4153.5,2494.0,True,0,1
2025-02-24,A03,16,927.0,0.0,False,0,0
2025-02-24,A04,2,15.0,544.0,False,0,0
2025-02-24,A05,15,6049.3,0.0,False,0,1
2025-02-24,A06,17,0.0,11654.0,False,17,0
2025-02-24,A07,5,0.0,1268.0,False,5,0
2025-02-24,A08,9,0.0,332.0,False,9,0
2025-02-24,A09,9,0.0,896.0,False,9,0
2025-02-24,A10,154,8861.0,0.0,False,0,2
2025-02-24,B01,3,392.0,0.0,False,0,0
2025-02-24,B02,7,1572.0,0.0,False,0,0
2025-02-24,B03,12,824.0,0.0,False,0,0
2025-02-24,B04,0,837.0,0.0,False,0,0
2025-02-24,B05,0,438.0,0.0,False,0,0
2025-02-24,B06,15,1096.0,0.0,False,0,0
2025-02-24,B07,42,0.0,8932.0,False,42,0
2025-02-24,B08,4,2672.0,0.0,False,0,1
2025-02-24,B09,10,730.0,0.0,False,0,0
2025-02-24,B10,3,191.0,0.0,False,0,0
2025-02-24,B11,13,925.0,0.0,False,0,0
2025-02-24,B12,0,0.0,1782.0,False,0,0
2025-02-24,C01,0,0.0,66.0,False,0,0
2025-02-24,C02,0,860.0,0.0,False,0,0
2025-02-24,C03,0,137.0,0.0,False,0,0
2025-02-24,C04,6,562.0,0.0,False,0,0
2025-02-24,C05,1,384.0,0.0,False,0,0
2025-02-24,C06,2,500.0,0.0,False,0,0
2025-02-24,C07,0,582.0,0.0,False,0,0
2025-02-24,C08,0,101.0,0.0,False,0,0
2025-02-25,A01,74,0.0,2903.0,False,29,0
2025-02-25,A02,260,4148.0,2494.0,False,0,1
2025-02-25,A03,3,924.0,0.0,False,0,0
2025-02-25,A04,1,14.6,544.0,False,0,0
2025-02-25,A05,57,6060.0,0.0,False,0,1
2025-02-25,A06,349,0.0,11654.0,False,349,0
2025-02-25,A07,1,0.0,1268.0,False,1,0
2025-02-25,A08,5,0.0,332.0,False,5,0
2025-02-25,A09,11,0.0,896.0,False,11,0
2025-02-25,A10,88,7563.3,8386.0,True,0,2
2025-02-25,B01,1,391.0,0.0,False,0,0
2025-02-25,B02,1,1571.0,0.0,False,0,0
2025-02-25,B03,7,817.0,0.0,False,0,0
2025-02-25,B04,10,827.0,0.0,False,0,0
2025-02-25,B05,0,491.6,0.0,False,0,0
2025-02-25,B06,11,1085.0,0.0,False,0,0
2025-02-25,B07,133,0.0,8932.0,False,133,0
2025-02-25,B08,0,2671.0,0.0,False,0,1
2025-02-25,B09,2,728.0,0.0,False,0,0
2025-02-25,B10,1,190.0,0.0,False,0,0
2025-02-25,B11,13,912.0,0.0,False,0,0
2025-02-25,B12,2,0.0,1782.0,False,2,0
2025-02-25,C01,0,0.0,66.0,False,0,0
2025-02-25,C02,16,799.0,0.0,False,0,0
2025-02-25,C03,0,137.0,0.0,False,0,0
2025-02-25,C04,7,555.0,0.0,False,0,0
2025-02-25,C05,0,384.0,0.0,False,0,0
2025-02-25,C06,10,490.0,0.0,False,0,0
2025-02-25,C07,0,582.0,0.0,False,0,0
2025-02-25,C08,0,101.0,0.0,False,0,0
2025-02-26,A01,37,0.0,2903.0,False,37,0
2025-02-26,A02,101,4046.0,2494.0,False,0,1
2025-02-26,A03,4,920.0,0.0,False,0,0
2025-02-26,A04,7,7.0,544.0,False,0,0
2025-02-26,A05,14,6045.0,0.0,False,0,1
2025-02-26,A06,40,0.0,11654.0,False,40,0
2025-02-26,A07,0,0.0,1268.0,False,0,0
2025-02-26,A08,2,0.0,332.0,False,2,0
2025-02-26,A09,16,0.0,896.0,False,16,0
2025-02-26,A10,129,8640.0,8386.0,False,0,2
2025-02-26,B01,4,387.0,0.0,False,0,0
2025-02-26,B02,0,1571.0,0.0,False,0,0
2025-02-26,B03,1,816.0,0.0,False,0,0
2025-02-26,B04,6,821.0,0.0,False,0,0
2025-02-26,B05,0,438.0,0.0,False,0,0
2025-02-26,B06,12,1040.5,0.0,False,0,0
2025-02-26,B07,59,0.0,8932.0,False,59,0
2025-02-26,B08,43,2627.0,0.0,False,0,1
2025-02-26,B09,2,726.0,0.0,False,0,0
2025-02-26,B10,1,189.0,0.0,False,0,0
2025-02-26,B11,1,913.4,0.0,False,0,0
2025-02-26,B12,13,0.0,1782.0,False,13,0
2025-02-26,C01,2,0.0,66.0,False,2,0
2025-02-26,C02,1,798.0,0.0,False,0,0
2025-02-26,C03,0,137.0,0.0,False,0,0
2025-02-26,C04,5,550.0,0.0,False,0,0
2025-02-26,C05,1,383.0,0.0,False,0,0
2025-02-26,C06,0,490.0,0.0,False,0,0
2025-02-26,C07,0,582.0,0.0,False,0,0
2025-02-26,C08,0,101.0,0.0,False,0,0
2025-02-27,A01,9,0.0,2903.0,False,9,0
2025-02-27,A02,51,3994.0,2494.0,False,0,1
2025-02-27,A03,1,919.0,0.0,False,0,0
2025-02-27,A04,12,0.0,544.0,False,5,0
2025-02-27,A05,104,5940.0,0.0,False,0,1
2025-02-27,A06,547,0.0,11654.0,False,547,0
2025-02-27,A07,16,0.0,1268.0,False,16,0
2025-02-27,A08,2,0.0,332.0,False,2,0
2025-02-27,A09,4,0.0,896.0,False,4,0
2025-02-27,A10,123,8515.0,8386.0,False,0,2
2025-02-27,B01,2,385.0,0.0,False,0,0
2025-02-27,B02,21,1359.6,0.0,False,0,0
2025-02-27,B03,5,811.0,0.0,False,0,0
2025-02-27,B04,1,820.0,0.0,False,0,0
2025-02-27,B05,6,432.0,0.0,False,0,0
2025-02-27,B06,31,1042.0,0.0,False,0,0
2025-02-27,B07,190,0.0,8932.0,False,190,0
2025-02-27,B08,2,2898.5,0.0,False,0,1
2025-02-27,B09,10,716.0,0.0,False,0,0
2025-02-27,B10,1,188.0,0.0,False,0,0
2025-02-27,B11,7,904.0,0.0,False,0,0
2025-02-27,B12,14,0.0,1782.0,False,14,0
2025-02-27,C01,0,0.0,66.0,False,0,0
2025-02-27,C02,2,796.0,0.0,False,0,0
2025-02-27,C03,0,137.0,0.0,False,0,0
2025-02-27,C04,3,547.0,0.0,False,0,0
2025-02-27,C05,2,381.0,0.0,False,0,0
2025-02-27,C06,0,490.0,0.0,False,0,0
2025-02-27,C07,3,579.0,0.0,False,0,0
2025-02-27,C08,0,101.0,0.0,False,0,0
2025-02-28,A01,30,0.0,2903.0,False,30,0
2025-02-28,A02,91,3902.0,2494.0,False,0,1
2025-02-28,A03,18,901.0,0.0,False,0,0
2025-02-28,A04,0,0.0,544.0,False,0,0
2025-02-28,A05,4,5935.0,0.0,False,0,1
2025-02-28,A06,98,0.0,11654.0,False,98,0
2025-02-28,A07,14,0.0,1268.0,False,14,0
2025-02-28,A08,3,0.0,332.0,False,3,0
2025-02-28,A09,4,0.0,896.0,False,4,0
2025-02-28,A10,62,8451.0,8386.0,False,0,2
2025-02-28,B01,0,385.0,0.0,False,0,0
2025-02-28,B02,0,1550.0,0.0,False,0,0
2025-02-28,B03,0,906.6,0.0,False,0,0
2025-02-28,B04,0,820.0,0.0,False,0,0
2025-02-28,B05,3,429.0,0.0,False,0,0
2025-02-28,B06,26,1016.0,0.0,False,0,0
2025-02-28,B07,41,0.0,8932.0,False,41,0
2025-02-28,B08,99,2524.0,0.0,False,0,1
2025-02-28,B09,1,715.0,0.0,False,0,0
2025-02-28,B10,7,181.0,0.0,False,0,0
2025-02-28,B11,5,920.5,0.0,False,0,0
2025-02-28,B12,84,0.0,1782.0,False,84,0
2025-02-28,C01,1,0.0,66.0,False,1,0
2025-02-28,C02,6,872.7,0.0,False,0,0
2025-02-28,C03,0,137.0,0.0,False,0,0
2025-02-28,C04,10,537.0,0.0,False,0,0
2025-02-28,C05,1,380.0,0.0,False,0,0
2025-02-28,C06,4,486.0,0.0,False,0,0
2025-02-28,C07,14,612.5,0.0,False,0,0
2025-02-28,C08,0,101.0,0.0,False,0,0
2025-03-01,A01,28,0.0,2903.0,False,28,0
2025-03-01,A02,76,3825.0,2494.0,False,0,1
2025-03-01,A03,7,894.0,0.0,False,0,0
2025-03-01,A04,0,0.0,544.0,False,0,0
2025-03-01,A05,1,5933.0,0.0,False,0,1
2025-03-01,A06,122,0.0,11654.0,False,122,0
2025-03-01,A07,7,0.0,1268.0,False,7,0
2025-03-01,A08,1,0.0,332.0,False,1,0
2025-03-01,A09,7,0.0,896.0,False,7,0
2025-03-01,A10,109,8340.0,8386.0,False,0,2
2025-03-01,B01,7,385.8,0.0,False,0,0
2025-03-01,B02,16,1534.0,0.0,False,0,0
2025-03-01,B03,2,793.7,0.0,False,0,0
2025-03-01,B04,2,756.8,0.0,False,0,0
2025-03-01,B05,1,428.0,0.0,False,0,0
2025-03-01,B06,14,1020.8,0.0,False,0,0
2025-03-01,B07,332,0.0,8932.0,False,332,0
2025-03-01,B08,2,2579.8,0.0,False,0,1
2025-03-01,B09,0,715.0,0.0,False,0,0
2025-03-01,B10,2,179.0,0.0,False,0,0
2025-03-01,B11,3,896.0,0.0,False,0,0
2025-03-01,B12,14,0.0,1782.0,False,14,0
2025-03-01,C01,0,0.0,66.0,False,0,0
2025-03-01,C02,45,745.0,0.0,False,0,0
2025-03-01,C03,0,137.0,0.0,False,0,0
2025-03-01,C04,0,537.0,0.0,False,0,0
2025-03-01,C05,0,380.0,0.0,False,0,0
2025-03-01,C06,0,486.0,0.0,False,0,0
2025-03-01,C07,0,482.4,0.0,False,0,0
2025-03-01,C08,0,101.0,0.0,False,0,0
2025-03-02,A01,11,0.0,2903.0,False,11,0
2025-03-02,A02,109,3715.0,2494.0,False,0,1
2025-03-02,A03,23,871.0,0.0,False,0,0
2025-03-02,A04,0,0.0,544.0,False,0,0
2025-03-02,A05,132,5800.0,0.0,False,0,1
2025-03-02,A06,46,0.0,11654.0,False,46,0
2025-03-02,A07,6,0.0,1268.0,False,6,0
2025-03-02,A08,0,0.0,332.0,False,0,0
2025-03-02,A09,0,0.0,896.0,False,0,0
2025-03-02,A10,255,8083.0,8386.0,False,0,2
2025-03-02,B01,1,377.0,0.0,False,0,0
2025-03-02,B02,28,1506.0,0.0,False,0,0
2025-03-02,B03,6,803.0,0.0,False,0,0
2025-03-02,B04,7,811.0,0.0,False,0,0
2025-03-02,B05,2,426.0,0.0,False,0,0
2025-03-02,B06,1,1001.0,0.0,False,0,0
2025-03-02,B07,0,0.0,8932.0,False,0,0
2025-03-02,B08,8,2512.0,0.0,False,0,1
2025-03-02,B09,1,714.0,0.0,False,0,0
2025-03-02,B10,0,179.0,0.0,False,0,0
2025-03-02,B11,7,889.0,0.0,False,0,0
2025-03-02,B12,26,0.0,1782.0,False,26,0
2025-03-02,C01,0,0.0,66.0,False,0,0
2025-03-02,C02,0,706.9,0.0,False,0,0
2025-03-02,C03,3,134.0,0.0,False,0,0
2025-03-02,C04,0,537.0,0.0,False,0,0
2025-03-02,C05,1,379.0,0.0,False,0,0
2025-03-02,C06,9,477.0,0.0,False,0,0
2025-03-02,C07,5,560.0,0.0,False,0,0
2025-03-02,C08,1,100.0,0.0,False,0,0
2025-03-03,A01,5,0.0,2903.0,False,5,0
2025-03-03,A02,67,3647.0,2494.0,False,0,1
2025-03-03,A03,7,864.0,0.0,False,0,0
2025-03-03,A04,1,0.0,544.0,False,1,0
2025-03-03,A05,115,5310.4,0.0,False,0,1
2025-03-03,A06,0,0.0,11654.0,False,0,0
2025-03-03,A07,5,0.0,1268.0,False,5,0
2025-03-03,A08,8,0.0,332.0,False,8,0
2025-03-03,A09,1,0.0,896.0,False,1,0
2025-03-03,A10,210,7684.9,8386.0,False,0,2
2025-03-03,B01,0,377.0,0.0,False,0,0
2025-03-03,B02,2,1504.0,0.0,False,0,0
2025-03-03,B03,7,796.0,0.0,False,0,0
2025-03-03,B04,2,809.0,0.0,False,0,0
2025-03-03,B05,1,425.0,0.0,False,0,0
2025-03-03,B06,4,997.0,0.0,False,0,0
2025-03-03,B07,3,0.0,8932.0,False,3,0
2025-03-03,B08,0,2511.0,0.0,False,0,1
2025-03-03,B09,11,703.0,0.0,False,0,0
2025-03-03,B10,2,177.0,0.0,False,0,0
2025-03-03,B11,0,757.5,0.0,False,0,0
2025-03-03,B12,0,0.0,1782.0,False,0,0
2025-03-03,C01,0,0.0,66.0,False,0,0
2025-03-03,C02,2,743.0,0.0,False,0,0
2025-03-03,C03,0,134.0,0.0,False,0,0
2025-03-03,C04,1,536.0,0.0,False,0,0
2025-03-03,C05,4,375.0,0.0,False,0,0
2025-03-03,C06,8,469.0,0.0,False,0,0
2025-03-03,C07,8,552.0,0.0,False,0,0
2025-03-03,C08,0,100.0,0.0,False,0,0
2025-03-04,A01,22,0.0,2903.0,False,22,0
2025-03-04,A02,67,3579.0,2494.0,False,0,1
2025-03-04,A03,12,852.0,0.0,False,0,0
2025-03-04,A04,0,0.0,544.0,False,0,0
2025-03-04,A05,57,5626.0,0.0,False,0,1
2025-03-04,A06,202,0.0,11654.0,False,202,0
2025-03-04,A07,29,0.0,1268.0,False,29,0
2025-03-04,A08,1,0.0,332.0,False,1,0
2025-03-04,A09,6,0.0,896.0,False,6,0
2025-03-04,A10,195,7674.0,8386.0,False,0,2
2025-03-04,B01,0,377.0,0.0,False,0,0
2025-03-04,B02,3,1501.0,0.0,False,0,0
2025-03-04,B03,13,783.0,0.0,False,0,0
2025-03-04,B04,0,809.0,0.0,False,0,0
2025-03-04,B05,0,425.0,0.0,False,0,0
2025-03-04,B06,3,994.0,0.0,False,0,0
2025-03-04,B07,2,0.0,8932.0,False,2,0
2025-03-04,B08,11,2536.1,0.0,False,0,1
2025-03-04,B09,6,729.2,0.0,False,0,0
2025-03-04,B10,0,169.1,0.0,False,0,0
2025-03-04,B11,0,889.0,0.0,False,0,0
2025-03-04,B12,8,0.0,1782.0,False,8,0
2025-03-04,C01,0,0.0,66.0,False,0,0
2025-03-04,C02,0,743.0,0.0,False,0,0
2025-03-04,C03,0,134.0,0.0,False,0,0
2025-03-04,C04,2,534.0,0.0,False,0,0
2025-03-04,C05,1,374.0,0.0,False,0,0
2025-03-04,C06,0,469.0,0.0,False,0,0
2025-03-04,C07,0,552.0,0.0,False,0,0
2025-03-04,C08,1,99.0,0.0,False,0,0
2025-03-05,A01,93,0.0,2903.0,False,93,0
2025-03-05,A02,68,3510.0,2494.0,False,0,1
2025-03-05,A03,24,828.0,0.0,False,0,0
2025-03-05,A04,2,0.0,544.0,False,2,0
2025-03-05,A05,60,5565.0,0.0,False,0,1
2025-03-05,A06,222,0.0,11654.0,False,222,0
2025-03-05,A07,17,1251.0,0.0,False,0,0
2025-03-05,A08,6,0.0,332.0,False,6,0
2025-03-05,A09,4,0.0,896.0,False,4,0
2025-03-05,A10,122,7550.0,8386.0,False,0,2
2025-03-05,B01,1,376.0,0.0,False,0,0
2025-03-05,B02,3,1635.2,0.0,False,0,0
2025-03-05,B03,0,783.0,0.0,False,0,0
2025-03-05,B04,10,799.0,0.0,False,0,0
2025-03-05,B05,4,421.0,0.0,False,0,0
2025-03-05,B06,2,992.0,0.0,False,0,0
2025-03-05,B07,23,0.0,8932.0,False,23,0
2025-03-05,B08,59,2439.0,0.0,False,0,1
2025-03-05,B09,13,684.0,0.0,False,0,0
2025-03-05,B10,7,170.0,0.0,False,0,0
2025-03-05,B11,1,888.0,0.0,False,0,0
2025-03-05,B12,0,0.0,1782.0,False,0,0
2025-03-05,C01,0,66.0,0.0,False,0,0
2025-03-05,C02,5,738.0,0.0,False,0,0
2025-03-05,C03,0,134.0,0.0,False,0,0
2025-03-05,C04,6,528.0,0.0,False,0,0
2025-03-05,C05,0,374.0,0.0,False,0,0
2025-03-05,C06,3,466.0,0.0,False,0,0
2025-03-05,C07,5,547.0,0.0,False,0,0
2025-03-05,C08,0,99.0,0.0,False,0,0
2025-03-06,A01,51,0.0,2903.0,False,51,0
2025-03-06,A02,15,3494.0,2494.0,False,0,1
2025-03-06,A03,13,932.6,0.0,False,0,0
2025-03-06,A04,1,0.0,544.0,False,1,0
2025-03-06,A05,53,5511.0,0.0,False,0,1
2025-03-06,A06,139,0.0,11654.0,False,139,0
2025-03-06,A07,8,1243.0,0.0,False,0,0
2025-03-06,A08,0,0.0,332.0,False,0,0
2025-03-06,A09,16,0.0,896.0,False,16,0
2025-03-06,A10,8,7540.0,8386.0,False,0,2
2025-03-06,B01,7,369.0,0.0,False,0,0
2025-03-06,B02,0,1498.0,0.0,False,0,0
2025-03-06,B03,9,774.0,0.0,False,0,0
2025-03-06,B04,7,792.0,0.0,False,0,0
2025-03-06,B05,2,419.0,0.0,False,0,0
2025-03-06,B06,3,989.0,0.0,False,0,0
2025-03-06,B07,22,0.0,8932.0,False,22,0
2025-03-06,B08,0,2438.0,0.0,False,0,1
2025-03-06,B09,1,683.0,0.0,False,0,0
2025-03-06,B10,0,170.0,0.0,False,0,0
2025-03-06,B11,0,888.0,0.0,False,0,0
2025-03-06,B12,4,0.0,1782.0,False,4,0
2025-03-06,C01,1,65.0,0.0,False,0,0
2025-03-06,C02,3,735.0,0.0,False,0,0
2025-03-06,C03,0,134.0,0.0,False,0,0
2025-03-06,C04,0,528.0,0.0,False,0,0
2025-03-06,C05,0,374.0,0.0,False,0,0
2025-03-06,C06,0,466.0,0.0,False,0,0
2025-03-06,C07,0,547.0,0.0,False,0,0
2025-03-06,C08,2,97.0,0.0,False,0,0
2025-03-07,A01,152,0.0,2903.0,False,152,0
2025-03-07,A02,185,3308.0,2494.0,False,0,1
2025-03-07,A03,0,815.0,0.0,False,0,0
2025-03-07,A04,1,0.0,544.0,False,1,0
2025-03-07,A05,58,4926.8,3635.0,True,0,1
2025-03-07,A06,7,0.0,11654.0,False,7,0
2025-03-07,A07,0,1243.0,0.0,False,0,0
2025-03-07,A08,14,0.0,332.0,False,14,0
2025-03-07,A09,6,0.0,896.0,False,6,0
2025-03-07,A10,46,7492.0,8386.0,False,0,2
2025-03-07,B01,2,367.0,0.0,False,0,0
2025-03-07,B02,18,1480.0,0.0,False,0,0
2025-03-07,B03,0,774.0,0.0,False,0,0
2025-03-07,B04,3,789.0,0.0,False,0,0
2025-03-07,B05,2,417.0,0.0,False,0,0
2025-03-07,B06,3,986.0,0.0,False,0,0
2025-03-07,B07,108,0.0,8932.0,False,108,0
2025-03-07,B08,56,2382.0,0.0,False,0,0
2025-03-07,B09,13,716.3,0.0,False,0,0
2025-03-07,B10,6,164.0,0.0,False,0,0
2025-03-07,B11,2,886.0,0.0,False,0,0
2025-03-07,B12,5,0.0,1782.0,False,5,0
2025-03-07,C01,0,65.0,0.0,False,0,0
2025-03-07,C02,2,733.0,0.0,False,0,0
2025-03-07,C03,0,134.0,0.0,False,0,0
2025-03-07,C04,17,511.0,0.0,False,0,0
2025-03-07,C05,0,374.0,0.0,False,0,0
2025-03-07,C06,0,466.0,0.0,False,0,0
2025-03-07,C07,3,544.0,0.0,False,0,0
2025-03-07,C08,1,96.0,0.0,False,0,0
2025-03-08,A01,60,0.0,2903.0,False,60,0
2025-03-08,A02,161,3146.0,2494.0,False,0,1
2025-03-08,A03,0,815.0,0.0,False,0,0
2025-03-08,A04,0,0.0,544.0,False,0,0
2025-03-08,A05,92,5359.0,3635.0,False,0,1
2025-03-08,A06,39,0.0,11654.0,False,39,0
2025-03-08,A07,3,1240.0,0.0,False,0,0
2025-03-08,A08,9,0.0,332.0,False,9,0
2025-03-08,A09,14,0.0,896.0,False,14,0
2025-03-08,A10,9,7481.0,8386.0,False,0,2
2025-03-08,B01,5,362.0,0.0,False,0,0
2025-03-08,B02,15,1465.0,0.0,False,0,0
2025-03-08,B03,4,770.0,0.0,False,0,0
2025-03-08,B04,0,789.0,0.0,False,0,0
2025-03-08,B05,0,371.8,0.0,False,0,0
2025-03-08,B06,2,984.0,0.0,False,0,0
2025-03-08,B07,94,0.0,8932.0,False,94,0
2025-03-08,B08,10,2372.0,0.0,False,0,0
2025-03-08,B09,7,663.0,0.0,False,0,0
2025-03-08,B10,3,161.0,0.0,False,0,0
2025-03-08,B11,2,884.0,0.0,False,0,0
2025-03-08,B12,5,0.0,1782.0,False,5,0
2025-03-08,C01,0,65.0,0.0,False,0,0
2025-03-08,C02,0,733.0,0.0,False,0,0
2025-03-08,C03,0,114.7,0.0,False,0,0
2025-03-08,C04,2,574.2,0.0,False,0,0
2025-03-08,C05,0,374.0,0.0,False,0,0
2025-03-08,C06,0,466.0,0.0,False,0,0
2025-03-08,C07,6,538.0,0.0,False,0,0
2025-03-08,C08,0,96.0,0.0,False,0,0
2025-03-09,A01,10,0.0,2903.0,False,10,0
2025-03-09,A02,0,3145.0,2494.0,False,0,1
2025-03-09,A03,1,814.0,0.0,False,0,0
2025-03-09,A04,0,0.0,544.0,False,0,0
2025-03-09,A05,90,4769.0,3635.0,False,0,1
2025-03-09,A06,805,0.0,11654.0,False,805,0
2025-03-09,A07,2,1238.0,0.0,False,0,0
2025-03-09,A08,0,0.0,332.0,False,0,0
2025-03-09,A09,0,0.0,896.0,False,0,0
2025-03-09,A10,49,7430.0,8386.0,False,0,2
2025-03-09,B01,5,357.0,0.0,False,0,0
2025-03-09,B02,32,1433.0,0.0,False,0,0
2025-03-09,B03,1,769.0,0.0,False,0,0
2025-03-09,B04,2,787.0,0.0,False,0,0
2025-03-09,B05,1,416.0,0.0,False,0,0
2025-03-09,B06,3,981.0,0.0,False,0,0
2025-03-09,B07,27,0.0,8932.0,False,27,0
2025-03-09,B08,7,2365.0,0.0,False,0,0
2025-03-09,B09,0,663.0,0.0,False,0,0
2025-03-09,B10,0,161.0,0.0,False,0,0
2025-03-09,B11,2,882.0,0.0,False,0,0
2025-03-09,B12,6,0.0,1782.0,False,6,0
2025-03-09,C01,0,65.0,0.0,False,0,0
2025-03-09,C02,7,726.0,0.0,False,0,0
2025-03-09,C03,0,134.0,0.0,False,0,0
2025-03-09,C04,3,506.0,0.0,False,0,0
2025-03-09,C05,0,341.9,0.0,False,0,0
2025-03-09,C06,0,466.0,0.0,False,0,0
2025-03-09,C07,8,530.0,0.0,False,0,0
2025-03-09,C08,0,96.0,0.0,False,0,0
2025-03-10,A01,0,0.0,2903.0,False,0,0
2025-03-10,A02,114,3030.0,2494.0,False,0,1
2025-03-10,A03,5,809.0,0.0,False,0,0
2025-03-10,A04,0,0.0,544.0,False,0,0
2025-03-10,A05,15,5252.0,3635.0,False,0,1
2025-03-10,A06,46,0.0,11654.0,False,46,0
2025-03-10,A07,35,1203.0,0.0,False,0,0
2025-03-10,A08,0,332.0,0.0,False,0,0
2025-03-10,A09,6,890.0,0.0,False,0,0
2025-03-10,A10,228,7201.0,8386.0,False,0,1
2025-03-10,B01,0,357.0,0.0,False,0,0
2025-03-10,B02,0,1433.0,0.0,False,0,0
2025-03-10,B03,4,765.0,0.0,False,0,0
2025-03-10,B04,0,787.0,0.0,False,0,0
2025-03-10,B05,1,415.0,0.0,False,0,0
2025-03-10,B06,0,981.0,0.0,False,0,0
2025-03-10,B07,39,0.0,8932.0,False,39,0
2025-03-10,B08,0,2365.0,0.0,False,0,0
2025-03-10,B09,11,652.0,0.0,False,0,0
2025-03-10,B10,3,174.1,0.0,False,0,0
2025-03-10,B11,25,857.0,0.0,False,0,0
2025-03-10,B12,3,0.0,1782.0,False,3,0
2025-03-10,C01,1,64.0,0.0,False,0,0
2025-03-10,C02,1,725.0,0.0,False,0,0
2025-03-10,C03,0,134.0,0.0,False,0,0
2025-03-10,C04,1,529.8,0.0,False,0,0
2025-03-10,C05,2,372.0,0.0,False,0,0
2025-03-10,C06,1,400.4,0.0,False,0,0
2025-03-10,C07,0,530.0,0.0,False,0,0
2025-03-10,C08,0,96.0,0.0,False,0,0
2025-03-11,A01,2,0.0,2903.0,False,2,0
2025-03-11,A02,76,2953.0,2494.0,False,0,1
2025-03-11,A03,9,800.0,0.0,False,0,0
2025-03-11,A04,0,0.0,544.0,False,0,0
2025-03-11,A05,10,5241.0,3635.0,False,0,1
2025-03-11,A06,832,0.0,11654.0,False,832,0
2025-03-11,A07,1,1202.0,0.0,False,0,0
2025-03-11,A08,2,330.0,0.0,False,0,0
2025-03-11,A09,3,887.0,0.0,False,0,0
2025-03-11,A10,606,6594.0,8386.0,False,0,1
2025-03-11,B01,2,355.0,0.0,False,0,0
2025-03-11,B02,11,1422.0,0.0,False,0,0
2025-03-11,B03,1,764.0,0.0,False,0,0
2025-03-11,B04,18,769.0,0.0,False,0,0
2025-03-11,B05,0,415.0,0.0,False,0,0
2025-03-11,B06,93,912.3,0.0,False,0,0
2025-03-11,B07,37,0.0,8932.0,False,37,0
2025-03-11,B08,4,2361.0,0.0,False,0,0
2025-03-11,B09,5,647.0,0.0,False,0,0
2025-03-11,B10,4,150.7,0.0,False,0,0
2025-03-11,B11,12,845.0,0.0,False,0,0
2025-03-11,B12,30,0.0,1782.0,False,30,0
2025-03-11,C01,0,64.0,0.0,False,0,0
2025-03-11,C02,9,716.0,0.0,False,0,0
2025-03-11,C03,0,134.0,0.0,False,0,0
2025-03-11,C04,0,479.8,0.0,False,0,0
2025-03-11,C05,0,372.0,0.0,False,0,0
2025-03-11,C06,2,463.0,0.0,False,0,0
2025-03-11,C07,9,521.0,0.0,False,0,0
2025-03-11,C08,0,96.0,0.0,False,0,0
2025-03-12,A01,14,0.0,2903.0,False,14,0
2025-03-12,A02,35,2917.0,2494.0,False,0,1
2025-03-12,A03,0,800.0,0.0,False,0,0
2025-03-12,A04,4,0.0,544.0,False,4,0
2025-03-12,A05,52,5188.0,3635.0,False,0,1
2025-03-12,A06,182,0.0,11654.0,False,182,0
2025-03-12,A07,0,1202.0,0.0,False,0,0
2025-03-12,A08,2,325.7,0.0,False,0,0
2025-03-12,A09,11,876.0,0.0,False,0,0
2025-03-12,A10,361,6232.0,8386.0,False,0,1
2025-03-12,B01,0,355.0,0.0,False,0,0
2025-03-12,B02,8,1414.0,0.0,False,0,0
2025-03-12,B03,10,768.0,0.0,False,0,0
2025-03-12,B04,6,763.0,0.0,False,0,0
2025-03-12,B05,0,415.0,0.0,False,0,0
2025-03-12,B06,2,886.0,0.0,False,0,0
2025-03-12,B07,88,0.0,8932.0,False,88,0
2025-03-12,B08,27,2334.0,0.0,False,0,0
2025-03-12,B09,3,644.0,0.0,False,0,0
2025-03-12,B10,0,154.0,0.0,False,0,0
2025-03-12,B11,4,841.0,0.0,False,0,0
2025-03-12,B12,11,0.0,1782.0,False,11,0
2025-03-12,C01,0,64.0,0.0,False,0,0
2025-03-12,C02,1,715.0,0.0,False,0,0
2025-03-12,C03,0,134.0,0.0,False,0,0
2025-03-12,C04,3,502.0,0.0,False,0,0
2025-03-12,C05,2,370.0,0.0,False,0,0
2025-03-12,C06,9,454.0,0.0,False,0,0
2025-03-12,C07,2,519.0,0.0,False,0,0
2025-03-12,C08,1,95.0,0.0,False,0,0
2025-03-13,A01,14,0.0,2903.0,False,14,0
2025-03-13,A02,148,2768.0,2494.0,False,0,1
2025-03-13,A03,3,797.0,0.0,False,0,0
2025-03-13,A04,0,0.0,544.0,False,0,0
2025-03-13,A05,46,5141.0,3635.0,False,0,1
2025-03-13,A06,115,0.0,11654.0,False,115,0
2025-03-13,A07,21,1181.0,0.0,False,0,0
2025-03-13,A08,2,326.0,0.0,False,0,0
2025-03-13,A09,3,873.0,0.0,False,0,0
2025-03-13,A10,70,6161.0,8386.0,False,0,1
2025-03-13,B01,0,314.4,0.0,False,0,0
2025-03-13,B02,0,1414.0,0.0,False,0,0
2025-03-13,B03,10,761.0,0.0,False,0,0
2025-03-13,B04,15,748.0,0.0,False,0,0
2025-03-13,B05,0,415.0,0.0,False,0,0
2025-03-13,B06,16,870.0,0.0,False,0,0
2025-03-13,B07,136,0.0,8932.0,False,136,0
2025-03-13,B08,7,2327.0,0.0,False,0,0
2025-03-13,B09,20,624.0,0.0,False,0,0
2025-03-13,B10,1,160.2,0.0,False,0,0
2025-03-13,B11,9,832.0,0.0,False,0,0
2025-03-13,B12,55,0.0,1782.0,False,55,0
2025-03-13,C01,4,60.0,0.0,False,0,0
2025-03-13,C02,13,702.0,0.0,False,0,0
2025-03-13,C03,0,134.0,0.0,False,0,0
2025-03-13,C04,4,498.0,0.0,False,0,0
2025-03-13,C05,2,368.0,0.0,False,0,0
2025-03-13,C06,4,450.0,0.0,False,0,0
2025-03-13,C07,0,519.0,0.0,False,0,0
2025-03-13,C08,0,95.0,0.0,False,0,0
2025-03-14,A01,18,0.0,2903.0,False,18,0
2025-03-14,A02,60,2641.9,2494.0,False,0,1
2025-03-14,A03,19,778.0,0.0,False,0,0
2025-03-14,A04,1,0.0,544.0,False,1,0
2025-03-14,A05,8,5132.0,3635.0,False,0,1
2025-03-14,A06,270,0.0,11654.0,False,270,0
2025-03-14,A07,26,1239.2,0.0,False,0,0
2025-03-14,A08,1,325.0,0.0,False,0,0
2025-03-14,A09,1,872.0,0.0,False,0,0
2025-03-14,A10,56,6104.0,8386.0,False,0,1
2025-03-14,B01,7,348.0,0.0,False,0,0
2025-03-14,B02,19,1457.2,0.0,False,0,0
2025-03-14,B03,2,742.0,0.0,False,0,0
2025-03-14,B04,7,741.0,0.0,False,0,0
2025-03-14,B05,0,415.0,0.0,False,0,0
2025-03-14,B06,17,853.0,0.0,False,0,0
2025-03-14,B07,56,0.0,8932.0,False,56,0
2025-03-14,B08,1,2326.0,0.0,False,0,0
2025-03-14,B09,3,621.0,0.0,False,0,0
2025-03-14,B10,0,153.0,0.0,False,0,0
2025-03-14,B11,0,832.0,0.0,False,0,0
2025-03-14,B12,0,0.0,1782.0,False,0,0
2025-03-14,C01,4,56.0,0.0,False,0,0
2025-03-14,C02,2,700.0,0.0,False,0,0
2025-03-14,C03,0,134.0,0.0,False,0,0
2025-03-14,C04,12,486.0,0.0,False,0,0
2025-03-14,C05,6,362.0,0.0,False,0,0
2025-03-14,C06,2,448.0,0.0,False,0,0
2025-03-14,C07,3,516.0,0.0,False,0,0
2025-03-14,C08,0,95.0,0.0,False,0,0
2025-03-15,A01,24,0.0,2903.0,False,24,0
2025-03-15,A02,1,2705.0,2494.0,False,0,1
2025-03-15,A03,3,775.0,0.0,False,0,0
2025-03-15,A04,2,0.0,544.0,False,2,0
2025-03-15,A05,197,4296.1,3635.0,False,0,1
2025-03-15,A06,80,11572.0,0.0,False,0,2
2025-03-15,A07,0,1155.0,0.0,False,0,0
2025-03-15,A08,2,323.0,0.0,False,0,0
2025-03-15,A09,6,866.0,0.0,False,0,0
2025-03-15,A10,194,5909.0,8386.0,False,0,1
2025-03-15,B01,3,345.0,0.0,False,0,0
2025-03-15,B02,2,1393.0,0.0,False,0,0
2025-03-15,B03,14,728.0,0.0,False,0,0
2025-03-15,B04,0,741.0,0.0,False,0,0
2025-03-15,B05,1,411.3,0.0,False,0,0
2025-03-15,B06,1,852.0,0.0,False,0,0
2025-03-15,B07,15,0.0,8932.0,False,15,0
2025-03-15,B08,0,2326.0,0.0,False,0,0
2025-03-15,B09,16,605.0,0.0,False,0,0
2025-03-15,B10,0,153.0,0.0,False,0,0
2025-03-15,B11,6,826.0,0.0,False,0,0
2025-03-15,B12,7,0.0,1782.0,False,7,0
2025-03-15,C01,1,55.0,24.0,True,0,0
2025-03-15,C02,17,683.0,0.0,False,0,0
2025-03-15,C03,1,133.0,0.0,False,0,0
2025-03-15,C04,4,482.0,0.0,False,0,0
2025-03-15,C05,0,362.0,0.0,False,0,0
2025-03-15,C06,0,488.7,0.0,False,0,0
2025-03-15,C07,4,512.0,0.0,False,0,0
2025-03-15,C08,1,86.6,0.0,False,0,0
2025-03-16,A01,92,0.0,2903.0,False,92,0
2025-03-16,A02,5,2699.0,2494.0,False,0,1
2025-03-16,A03,3,772.0,0.0,False,0,0
2025-03-16,A04,3,0.0,544.0,False,3,0
2025-03-16,A05,13,5021.3,3635.0,False,0,1
2025-03-16,A06,37,11533.0,0.0,False,0,2
2025-03-16,A07,1,1154.0,0.0,False,0,0
2025-03-16,A08,4,319.0,0.0,False,0,0
2025-03-16,A09,2,864.0,0.0,False,0,0
2025-03-16,A10,105,5803.0,8386.0,False,0,1
2025-03-16,B01,2,343.0,0.0,False,0,0
2025-03-16,B02,1,1392.0,0.0,False,0,0
2025-03-16,B03,0,728.0,0.0,False,0,0
2025-03-16,B04,0,741.0,0.0,False,0,0
2025-03-16,B05,1,413.0,0.0,False,0,0
2025-03-16,B06,1,851.0,0.0,False,0,0
2025-03-16,B07,55,0.0,8932.0,False,55,0
2025-03-16,B08,13,2313.0,0.0,False,0,0
2025-03-16,B09,4,601.0,0.0,False,0,0
2025-03-16,B10,6,147.0,0.0,False,0,0
2025-03-16,B11,5,821.0,0.0,False,0,0
2025-03-16,B12,39,0.0,1782.0,False,39,0
2025-03-16,C01,1,54.0,24.0,False,0,0
2025-03-16,C02,5,678.0,0.0,False,0,0
2025-03-16,C03,0,133.0,0.0,False,0,0
2025-03-16,C04,3,479.0,0.0,False,0,0
2025-03-16,C05,0,362.0,0.0,False,0,0
2025-03-16,C06,0,390.5,0.0,False,0,0
2025-03-16,C07,1,511.0,0.0,False,0,0
2025-03-16,C08,0,94.0,0.0,False,0,0
2025-03-17,A01,42,0.0,2903.0,False,42,0
2025-03-17,A02,8,2690.0,2494.0,False,0,1
2025-03-17,A03,17,755.0,0.0,False,0,0
2025-03-17,A04,0,0.0,544.0,False,0,0
2025-03-17,A05,38,4881.0,3635.0,False,0,1
2025-03-17,A06,167,11364.0,0.0,False,0,2
2025-03-17,A07,1,1153.0,0.0,False,0,0
2025-03-17,A08,0,319.0,0.0,False,0,0
2025-03-17,A09,3,861.0,0.0,False,0,0
2025-03-17,A10,33,5769.0,8386.0,False,0,1
2025-03-17,B01,0,343.0,0.0,False,0,0
2025-03-17,B02,0,1392.0,0.0,False,0,0
2025-03-17,B03,2,631.4,0.0,False,0,0
2025-03-17,B04,2,739.0,0.0,False,0,0
2025-03-17,B05,0,413.0,0.0,False,0,0
2025-03-17,B06,9,842.0,0.0,False,0,0
2025-03-17,B07,554,0.0,8932.0,False,554,0
2025-03-17,B08,13,2300.0,0.0,False,0,0
2025-03-17,B09,1,600.0,0.0,False,0,0
2025-03-17,B10,0,147.0,0.0,False,0,0
2025-03-17,B11,35,786.0,0.0,False,0,0
2025-03-17,B12,16,0.0,1782.0,False,16,0
2025-03-17,C01,1,53.0,24.0,False,0,0
2025-03-17,C02,2,753.0,0.0,False,0,0
2025-03-17,C03,0,122.2,0.0,False,0,0
2025-03-17,C04,2,453.1,0.0,False,0,0
2025-03-17,C05,9,353.0,0.0,False,0,0
2025-03-17,C06,8,440.0,0.0,False,0,0
2025-03-17,C07,0,511.0,0.0,False,0,0
2025-03-17,C08,1,93.0,0.0,False,0,0
2025-03-18,A01,72,0.0,2903.0,False,72,0
2025-03-18,A02,203,2486.0,2494.0,False,0,1
2025-03-18,A03,0,693.6,0.0,False,0,0
2025-03-18,A04,1,0.0,544.0,False,1,0
2025-03-18,A05,49,4831.0,3635.0,False,0,1
2025-03-18,A06,48,11314.0,0.0,False,0,2
2025-03-18,A07,0,1153.0,0.0,False,0,0
2025-03-18,A08,31,288.0,0.0,False,0,0
2025-03-18,A09,2,859.0,0.0,False,0,0
2025-03-18,A10,191,5577.0,8386.0,False,0,1
2025-03-18,B01,0,343.0,0.0,False,0,0
2025-03-18,B02,0,1392.0,0.0,False,0,0
2025-03-18,B03,2,724.0,0.0,False,0,0
2025-03-18,B04,5,734.0,0.0,False,0,0
2025-03-18,B05,0,413.0,0.0,False,0,0
2025-03-18,B06,12,830.0,0.0,False,0,0
2025-03-18,B07,12,0.0,8932.0,False,12,0
2025-03-18,B08,20,2280.0,0.0,False,0,0
2025-03-18,B09,16,584.0,0.0,False,0,0
2025-03-18,B10,0,147.0,0.0,False,0,0
2025-03-18,B11,37,749.0,0.0,False,0,0
2025-03-18,B12,3,0.0,1782.0,False,3,0
2025-03-18,C01,0,53.0,24.0,False,0,0
2025-03-18,C02,7,669.0,0.0,False,0,0
2025-03-18,C03,0,133.0,0.0,False,0,0
2025-03-18,C04,5,472.0,0.0,False,0,0
2025-03-18,C05,0,353.0,0.0,False,0,0
2025-03-18,C06,5,435.0,0.0,False,0,0
2025-03-18,C07,1,510.0,0.0,False,0,0
2025-03-18,C08,1,92.0,0.0,False,0,0
2025-03-19,A01,1,0.0,2903.0,False,1,0
2025-03-19,A02,33,2452.0,2494.0,False,0,1
2025-03-19,A03,7,735.6,0.0,False,0,0
2025-03-19,A04,2,0.0,544.0,False,2,0
2025-03-19,A05,51,4779.0,3635.0,False,0,1
2025-03-19,A06,523,10789.0,5943.0,True,0,2
2025-03-19,A07,3,1150.0,0.0,False,0,0
2025-03-19,A08,6,282.0,0.0,False,0,0
2025-03-19,A09,0,791.3,0.0,False,0,0
2025-03-19,A10,235,5341.0,8386.0,False,0,1
2025-03-19,B01,3,340.0,0.0,False,0,0
2025-03-19,B02,1,1391.0,0.0,False,0,0
2025-03-19,B03,1,723.0,0.0,False,0,0
2025-03-19,B04,1,733.0,0.0,False,0,0
2025-03-19,B05,1,412.0,0.0,False,0,0
2025-03-19,B06,5,825.0,0.0,False,0,0
2025-03-19,B07,262,0.0,8932.0,False,262,0
2025-03-19,B08,22,2258.0,0.0,False,0,0
2025-03-19,B09,15,569.0,0.0,False,0,0
2025-03-19,B10,0,147.0,0.0,False,0,0
2025-03-19,B11,4,745.0,0.0,False,0,0
2025-03-19,B12,2,0.0,1782.0,False,2,0
2025-03-19,C01,0,53.0,24.0,False,0,0
2025-03-19,C02,6,663.0,0.0,False,0,0
2025-03-19,C03,0,133.0,0.0,False,0,0
2025-03-19,C04,1,471.0,0.0,False,0,0
2025-03-19,C05,3,350.0,0.0,False,0,0
2025-03-19,C06,1,434.0,0.0,False,0,0
2025-03-19,C07,3,507.0,0.0,False,0,0
2025-03-19,C08,0,92.0,0.0,False,0,0
2025-03-20,A01,2,0.0,2903.0,False,2,0
2025-03-20,A02,102,2350.0,2494.0,False,0,0
2025-03-20,A03,5,663.1,0.0,False,0,0
2025-03-20,A04,3,0.0,544.0,False,3,0
2025-03-20,A05,26,4752.0,3635.0,False,0,1
2025-03-20,A06,3,10595.3,5943.0,False,0,2
2025-03-20,A07,0,1150.0,0.0,False,0,0
2025-03-20,A08,11,271.0,0.0,False,0,0
2025-03-20,A09,6,853.0,0.0,False,0,0
2025-03-20,A10,60,5280.0,8386.0,False,0,1
2025-03-20,B01,1,339.0,0.0,False,0,0
2025-03-20,B02,5,1386.0,0.0,False,0,0
2025-03-20,B03,2,721.0,0.0,False,0,0
2025-03-20,B04,0,804.7,0.0,False,0,0
2025-03-20,B05,1,440.6,0.0,False,0,0
2025-03-20,B06,10,815.0,0.0,False,0,0
2025-03-20,B07,103,8827.0,0.0,False,0,2
2025-03-20,B08,6,2252.0,0.0,False,0,0
2025-03-20,B09,11,558.0,0.0,False,0,0
2025-03-20,B10,3,126.2,0.0,False,0,0
2025-03-20,B11,12,733.0,0.0,False,0,0
2025-03-20,B12,6,0.0,1782.0,False,6,0
2025-03-20,C01,0,53.0,24.0,False,0,0
2025-03-20,C02,9,654.0,0.0,False,0,0
2025-03-20,C03,0,133.0,0.0,False,0,0
2025-03-20,C04,1,470.0,0.0,False,0,0
2025-03-20,C05,0,350.0,0.0,False,0,0
2025-03-20,C06,1,433.0,0.0,False,0,0
2025-03-20,C07,0,507.0,0.0,False,0,0
2025-03-20,C08,0,92.0,0.0,False,0,0
2025-03-21,A01,24,0.0,2903.0,False,24,0
2025-03-21,A02,62,2288.0,2494.0,False,0,0
2025-03-21,A03,11,732.0,0.0,False,0,0
2025-03-21,A04,2,0.0,544.0,False,2,0
2025-03-21,A05,52,4699.0,3635.0,False,0,1
2025-03-21,A06,345,11161.9,5943.0,False,0,2
2025-03-21,A07,12,1138.0,0.0,False,0,0
2025-03-21,A08,0,271.0,0.0,False,0,0
2025-03-21,A09,2,851.0,0.0,False,0,0
2025-03-21,A10,9,5047.3,8386.0,False,0,1
2025-03-21,B01,0,339.0,0.0,False,0,0
2025-03-21,B02,0,1386.0,0.0,False,0,0
2025-03-21,B03,9,712.0,0.0,False,0,0
2025-03-21,B04,1,732.0,0.0,False,0,0
2025-03-21,B05,0,411.0,0.0,False,0,0
2025-03-21,B06,2,813.0,0.0,False,0,0
2025-03-21,B07,43,8782.0,0.0,False,0,2
2025-03-21,B08,9,2558.3,0.0,False,0,0
2025-03-21,B09,4,554.0,0.0,False,0,0
2025-03-21,B10,1,143.0,0.0,False,0,0
2025-03-21,B11,0,733.0,0.0,False,0,0
2025-03-21,B12,24,0.0,1782.0,False,24,0
2025-03-21,C01,1,52.0,24.0,False,0,0
2025-03-21,C02,3,651.0,0.0,False,0,0
2025-03-21,C03,0,130.8,0.0,False,0,0
2025-03-21,C04,3,467.0,0.0,False,0,0
2025-03-21,C05,0,350.0,0.0,False,0,0
2025-03-21,C06,3,430.0,0.0,False,0,0
2025-03-21,C07,4,503.0,0.0,False,0,0
2025-03-21,C08,0,92.0,0.0,False,0,0
2025-03-22,A01,7,0.0,2903.0,False,7,0
2025-03-22,A02,182,2106.0,2494.0,False,0,0
2025-03-22,A03,23,709.0,0.0,False,0,0
2025-03-22,A04,3,0.0,544.0,False,3,0
2025-03-22,A05,57,4641.0,3635.0,False,0,1
2025-03-22,A06,444,9991.0,5943.0,False,0,2
2025-03-22,A07,27,1111.0,0.0,False,0,0
2025-03-22,A08,0,271.0,0.0,False,0,0
2025-03-22,A09,5,846.0,0.0,False,0,0
2025-03-22,A10,312,5538.9,8386.0,False,0,1
2025-03-22,B01,1,338.0,0.0,False,0,0
2025-03-22,B02,48,1338.0,0.0,False,0,0
2025-03-22,B03,7,624.9,0.0,False,0,0
2025-03-22,B04,0,732.0,0.0,False,0,0
2025-03-22,B05,0,411.0,0.0,False,0,0
2025-03-22,B06,29,784.0,0.0,False,0,0
2025-03-22,B07,187,8593.0,0.0,False,0,2
2025-03-22,B08,34,2209.0,0.0,False,0,0
2025-03-22,B09,1,553.0,0.0,False,0,0
2025-03-22,B10,1,142.0,0.0,False,0,0
2025-03-22,B11,46,687.0,0.0,False,0,0
2025-03-22,B12,103,0.0,1782.0,False,103,0
2025-03-22,C01,0,52.0,24.0,False,0,0
2025-03-22,C02,0,623.6,0.0,False,0,0
2025-03-22,C03,2,131.0,0.0,False,0,0
2025-03-22,C04,3,464.0,0.0,False,0,0
2025-03-22,C05,1,349.0,0.0,False,0,0
2025-03-22,C06,0,399.8,0.0,False,0,0
2025-03-22,C07,9,494.0,0.0,False,0,0
2025-03-22,C08,0,92.0,0.0,False,0,0
2025-03-23,A01,4,0.0,2903.0,False,4,0
2025-03-23,A02,9,2097.0,2494.0,False,0,0
2025-03-23,A03,0,709.0,0.0,False,0,0
2025-03-23,A04,0,0.0,544.0,False,0,0
2025-03-23,A05,37,4603.0,3635.0,False,0,1
2025-03-23,A06,16,9190.7,5943.0,False,0,2
2025-03-23,A07,57,1054.0,0.0,False,0,0
2025-03-23,A08,4,267.0,0.0,False,0,0
2025-03-23,A09,4,842.0,0.0,False,0,0
2025-03-23,A10,128,4828.0,8386.0,False,0,1
2025-03-23,B01,0,338.0,0.0,False,0,0
2025-03-23,B02,23,1315.0,0.0,False,0,0
2025-03-23,B03,1,704.0,0.0,False,0,0
2025-03-23,B04,7,725.0,0.0,False,0,0
2025-03-23,B05,0,411.0,0.0,False,0,0
2025-03-23,B06,3,781.0,0.0,False,0,0
2025-03-23,B07,7,8584.0,0.0,False,0,2
2025-03-23,B08,34,2426.6,0.0,False,0,0
2025-03-23,B09,0,553.0,0.0,False,0,0
2025-03-23,B10,0,142.0,0.0,False,0,0
2025-03-23,B11,12,675.0,0.0,False,0,0
2025-03-23,B12,4,0.0,1782.0,False,4,0
2025-03-23,C01,2,50.0,24.0,False,0,0
2025-03-23,C02,3,648.0,0.0,False,0,0
2025-03-23,C03,0,131.0,0.0,False,0,0
2025-03-23,C04,4,460.0,0.0,False,0,0
2025-03-23,C05,1,348.0,0.0,False,0,0
2025-03-23,C06,1,374.8,0.0,False,0,0
2025-03-23,C07,0,494.0,0.0,False,0,0
2025-03-23,C08,0,92.0,0.0,False,0,0
2025-03-24,A01,9,0.0,2903.0,False,9,0
2025-03-24,A02,169,1928.0,2494.0,False,0,0
2025-03-24,A03,1,708.0,0.0,False,0,0
2025-03-24,A04,0,0.0,544.0,False,0,0
2025-03-24,A05,47,4555.0,3635.0,False,0,1
2025-03-24,A06,156,9815.0,5943.0,False,0,2
2025-03-24,A07,11,1043.0,0.0,False,0,0
2025-03-24,A08,21,246.0,0.0,False,0,0
2025-03-24,A09,0,842.0,0.0,False,0,0
2025-03-24,A10,381,4446.0,8386.0,False,0,1
2025-03-24,B01,5,333.0,0.0,False,0,0
2025-03-24,B02,32,1283.0,0.0,False,0,0
2025-03-24,B03,1,703.0,0.0,False,0,0
2025-03-24,B04,6,719.0,0.0,False,0,0
2025-03-24,B05,0,411.0,0.0,False,0,0
2025-03-24,B06,0,806.5,0.0,False,0,0
2025-03-24,B07,3,8579.0,0.0,False,0,2
2025-03-24,B08,3,2172.0,0.0,False,0,0
2025-03-24,B09,5,466.4,697.0,True,0,0
2025-03-24,B10,0,142.0,0.0,False,0,0
2025-03-24,B11,18,637.7,0.0,False,0,0
2025-03-24,B12,1,0.0,1782.0,False,1,0
2025-03-24,C01,0,50.0,24.0,False,0,0
2025-03-24,C02,9,639.0,0.0,False,0,0
2025-03-24,C03,2,129.0,0.0,False,0,0
2025-03-24,C04,3,457.0,0.0,False,0,0
2025-03-24,C05,0,348.0,0.0,False,0,0
2025-03-24,C06,0,429.0,0.0,False,0,0
2025-03-24,C07,0,494.0,0.0,False,0,0
2025-03-24,C08,0,92.0,0.0,False,0,0
2025-03-25,A01,1,0.0,2903.0,False,1,0
2025-03-25,A02,37,1891.0,2494.0,False,0,0
2025-03-25,A03,1,707.0,0.0,False,0,0
2025-03-25,A04,3,0.0,544.0,False,3,0
2025-03-25,A05,257,4297.0,3635.0,False,0,1
2025-03-25,A06,462,10034.9,5943.0,False,0,2
2025-03-25,A07,3,1040.0,0.0,False,0,0
2025-03-25,A08,4,237.8,0.0,False,0,0
2025-03-25,A09,6,836.0,0.0,False,0,0
2025-03-25,A10,17,4428.0,8386.0,False,0,1
2025-03-25,B01,1,332.0,0.0,False,0,0
2025-03-25,B02,1,1282.0,0.0,False,0,0
2025-03-25,B03,5,698.0,0.0,False,0,0
2025-03-25,B04,0,779.1,0.0,False,0,0
2025-03-25,B05,1,410.0,0.0,False,0,0
2025-03-25,B06,0,781.0,0.0,False,0,0
2025-03-25,B07,150,8427.0,0.0,False,0,2
2025-03-25,B08,2,2170.0,0.0,False,0,0
2025-03-25,B09,2,546.0,697.0,False,0,0
2025-03-25,B10,1,141.0,0.0,False,0,0
2025-03-25,B11,0,657.0,0.0,False,0,0
2025-03-25,B12,26,0.0,1782.0,False,26,0
2025-03-25,C01,4,46.0,24.0,False,0,0
2025-03-25,C02,4,635.0,0.0,False,0,0
2025-03-25,C03,0,129.0,0.0,False,0,0
2025-03-25,C04,1,456.0,0.0,False,0,0
2025-03-25,C05,1,355.4,0.0,False,0,0
2025-03-25,C06,1,428.0,0.0,False,0,0
2025-03-25,C07,2,492.0,0.0,False,0,0
2025-03-25,C08,2,99.2,0.0,False,0,0
2025-03-26,A01,85,0.0,2903.0,False,85,0
2025-03-26,A02,1,1890.0,2494.0,False,0,0
2025-03-26,A03,2,705.0,0.0,False,0,0
2025-03-26,A04,0,0.0,544.0,False,0,0
2025-03-26,A05,65,4231.0,3635.0,False,0,1
2025-03-26,A06,140,9209.0,5943.0,False,0,2
2025-03-26,A07,1,1039.0,0.0,False,0,0
2025-03-26,A08,2,240.0,0.0,False,0,0
2025-03-26,A09,0,836.0,0.0,False,0,0
2025-03-26,A10,31,4396.0,8386.0,False,0,1
2025-03-26,B01,0,332.0,0.0,False,0,0
2025-03-26,B02,15,1267.0,0.0,False,0,0
2025-03-26,B03,2,696.0,0.0,False,0,0
2025-03-26,B04,0,719.0,0.0,False,0,0
2025-03-26,B05,0,410.0,0.0,False,0,0
2025-03-26,B06,11,770.0,0.0,False,0,0
2025-03-26,B07,114,8311.0,0.0,False,0,2
2025-03-26,B08,0,2170.0,0.0,False,0,0
2025-03-26,B09,7,539.0,697.0,False,0,0
2025-03-26,B10,1,140.0,0.0,False,0,0
2025-03-26,B11,0,657.0,0.0,False,0,0
2025-03-26,B12,27,0.0,1782.0,False,27,0
2025-03-26,C01,0,40.2,24.0,False,0,0
2025-03-26,C02,7,628.0,0.0,False,0,0
2025-03-26,C03,0,129.0,0.0,False,0,0
2025-03-26,C04,1,455.0,0.0,False,0,0
2025-03-26,C05,1,346.0,0.0,False,0,0
2025-03-26,C06,2,426.0,0.0,False,0,0
2025-03-26,C07,1,491.0,0.0,False,0,0
2025-03-26,C08,0,84.7,0.0,False,0,0
2025-03-27,A01,44,0.0,2903.0,False,44,0
2025-03-27,A02,115,1775.0,4873.0,True,0,0
2025-03-27,A03,1,658.2,0.0,False,0,0
2025-03-27,A04,0,0.0,544.0,False,0,0
2025-03-27,A05,53,4177.0,3635.0,False,0,1
2025-03-27,A06,341,8866.0,5943.0,False,0,2
2025-03-27,A07,26,1013.0,0.0,False,0,0
2025-03-27,A08,0,240.0,0.0,False,0,0
2025-03-27,A09,0,836.0,0.0,False,0,0
2025-03-27,A10,26,4369.0,8386.0,False,0,1
2025-03-27,B01,1,331.0,0.0,False,0,0
2025-03-27,B02,2,1265.0,0.0,False,0,0
2025-03-27,B03,30,666.0,0.0,False,0,0
2025-03-27,B04,1,718.0,0.0,False,0,0
2025-03-27,B05,0,379.6,0.0,False,0,0
2025-03-27,B06,5,765.0,0.0,False,0,0
2025-03-27,B07,6,8303.0,0.0,False,0,2
2025-03-27,B08,78,2092.0,0.0,False,0,0
2025-03-27,B09,0,539.0,697.0,False,0,0
2025-03-27,B10,2,138.0,0.0,False,0,0
2025-03-27,B11,24,633.0,0.0,False,0,0
2025-03-27,B12,4,0.0,1782.0,False,4,0
2025-03-27,C01,0,41.1,24.0,False,0,0
2025-03-27,C02,0,628.0,0.0,False,0,0
2025-03-27,C03,0,129.0,0.0,False,0,0
2025-03-27,C04,3,452.0,0.0,False,0,0
2025-03-27,C05,0,346.0,0.0,False,0,0
2025-03-27,C06,1,425.0,0.0,False,0,0
2025-03-27,C07,1,490.0,0.0,False,0,0
2025-03-27,C08,0,90.0,0.0,False,0,0
2025-03-28,A01,24,0.0,2903.0,False,24,0
2025-03-28,A02,5,1770.0,4873.0,False,0,0
2025-03-28,A03,12,692.0,0.0,False,0,0
2025-03-28,A04,0,0.0,544.0,False,0,0
2025-03-28,A05,31,4145.0,3635.0,False,0,1
2025-03-28,A06,63,8801.0,5943.0,False,0,2
2025-03-28,A07,8,1005.0,0.0,False,0,0
2025-03-28,A08,8,232.0,0.0,False,0,0
2025-03-28,A09,6,833.2,0.0,False,0,0
2025-03-28,A10,48,4320.0,8386.0,False,0,1
2025-03-28,B01,1,330.0,0.0,False,0,0
2025-03-28,B02,1,1264.0,0.0,False,0,0
2025-03-28,B03,19,647.0,0.0,False,0,0
2025-03-28,B04,2,716.0,0.0,False,0,0
2025-03-28,B05,1,430.0,0.0,False,0,0
2025-03-28,B06,4,761.0,0.0,False,0,0
2025-03-28,B07,32,8269.0,0.0,False,0,2
2025-03-28,B08,0,2092.0,0.0,False,0,0
2025-03-28,B09,8,531.0,697.0,False,0,0
2025-03-28,B10,4,121.5,0.0,False,0,0
2025-03-28,B11,7,626.0,0.0,False,0,0
2025-03-28,B12,62,0.0,1782.0,False,62,0
2025-03-28,C01,3,47.5,24.0,False,0,0
2025-03-28,C02,7,684.6,0.0,False,0,0
2025-03-28,C03,4,125.0,0.0,False,0,0
2025-03-28,C04,4,448.0,0.0,False,0,0
2025-03-28,C05,0,346.0,0.0,False,0,0
2025-03-28,C06,1,424.0,0.0,False,0,0
2025-03-28,C07,0,490.0,0.0,False,0,0
2025-03-28,C08,0,90.0,0.0,False,0,0
2025-03-29,A01,41,1772.0,1090.0,False,0,0
2025-03-29,A02,55,1715.0,4873.0,False,0,0
2025-03-29,A03,8,684.0,0.0,False,0,0
2025-03-29,A04,0,0.0,544.0,False,0,0
2025-03-29,A05,61,4083.0,3635.0,False,0,1
2025-03-29,A06,196,8603.0,5943.0,False,0,2
2025-03-29,A07,0,1005.0,0.0,False,0,0
2025-03-29,A08,8,224.0,0.0,False,0,0
2025-03-29,A09,1,829.0,0.0,False,0,0
2025-03-29,A10,232,4087.0,8386.0,False,0,1
2025-03-29,B01,0,330.0,0.0,False,0,0
2025-03-29,B02,0,1391.8,0.0,False,0,0
2025-03-29,B03,14,633.0,0.0,False,0,0
2025-03-29,B04,2,714.0,0.0,False,0,0
2025-03-29,B05,0,409.0,0.0,False,0,0
2025-03-29,B06,16,745.0,0.0,False,0,0
2025-03-29,B07,81,8186.0,0.0,False,0,2
2025-03-29,B08,9,2083.0,0.0,False,0,0
2025-03-29,B09,3,528.0,697.0,False,0,0
2025-03-29,B10,0,134.0,0.0,False,0,0
2025-03-29,B11,3,623.0,0.0,False,0,0
2025-03-29,B12,19,0.0,1782.0,False,19,0
2025-03-29,C01,0,42.6,24.0,False,0,0
2025-03-29,C02,0,621.0,0.0,False,0,0
2025-03-29,C03,3,122.0,0.0,False,0,0
2025-03-29,C04,5,443.0,0.0,False,0,0
2025-03-29,C05,1,345.0,0.0,False,0,0
2025-03-29,C06,1,423.0,0.0,False,0,0
2025-03-29,C07,0,490.0,0.0,False,0,0
2025-03-29,C08,0,90.0,0.0,False,0,0
2025-03-30,A01,3,1769.0,1090.0,False,0,0
2025-03-30,A02,7,4201.0,2379.0,False,0,1
2025-03-30,A03,11,673.0,0.0,False,0,0
2025-03-30,A04,0,0.0,544.0,False,0,0
2025-03-30,A05,80,4002.0,3635.0,False,0,1
2025-03-30,A06,159,8442.0,5943.0,False,0,2
2025-03-30,A07,24,981.0,735.0,True,0,0
2025-03-30,A08,8,216.0,0.0,False,0,0
2025-03-30,A09,0,829.0,0.0,False,0,0
2025-03-30,A10,43,4043.0,8386.0,False,0,1
2025-03-30,B01,0,330.0,0.0,False,0,0
2025-03-30,B02,0,1264.0,0.0,False,0,0
2025-03-30,B03,3,630.0,0.0,False,0,0
2025-03-30,B04,2,712.0,0.0,False,0,0
2025-03-30,B05,1,408.0,0.0,False,0,0
2025-03-30,B06,0,745.0,0.0,False,0,0
2025-03-30,B07,194,7990.0,0.0,False,0,2
2025-03-30,B08,22,2061.0,0.0,False,0,0
2025-03-30,B09,13,515.0,697.0,False,0,0
2025-03-30,B10,0,134.0,0.0,False,0,0
2025-03-30,B11,37,586.0,0.0,False,0,0
2025-03-30,B12,2,0.0,1782.0,False,2,0
2025-03-30,C01,0,43.0,24.0,False,0,0
2025-03-30,C02,2,619.0,0.0,False,0,0
2025-03-30,C03,0,122.0,0.0,False,0,0
2025-03-30,C04,0,443.0,0.0,False,0,0
2025-03-30,C05,0,345.0,0.0,False,0,0
2025-03-30,C06,2,421.0,0.0,False,0,0
2025-03-30,C07,0,451.9,0.0,False,0,0
2025-03-30,C08,1,89.0,0.0,False,0,0
2025-03-31,A01,6,1843.1,1090.0,False,0,0
2025-03-31,A02,41,4159.0,2379.0,False,0,1
2025-03-31,A03,14,659.0,0.0,False,0,0
2025-03-31,A04,5,0.0,544.0,False,5,0
2025-03-31,A05,41,3960.0,3635.0,False,0,1
2025-03-31,A06,136,8304.0,5943.0,False,0,2
2025-03-31,A07,8,973.0,735.0,False,0,0
2025-03-31,A08,14,202.0,0.0,False,0,0
2025-03-31,A09,0,829.0,0.0,False,0,0
2025-03-31,A10,137,3905.0,8386.0,False,0,1
2025-03-31,B01,2,328.0,0.0,False,0,0
2025-03-31,B02,0,1264.0,0.0,False,0,0
2025-03-31,B03,0,630.0,0.0,False,0,0
2025-03-31,B04,6,706.0,0.0,False,0,0
2025-03-31,B05,0,408.0,0.0,False,0,0
2025-03-31,B06,40,705.0,0.0,False,0,0
2025-03-31,B07,136,7852.0,0.0,False,0,2
2025-03-31,B08,23,2038.0,0.0,False,0,0
2025-03-31,B09,0,515.0,697.0,False,0,0
2025-03-31,B10,6,128.0,0.0,False,0,0
2025-03-31,B11,11,575.0,0.0,False,0,0
2025-03-31,B12,4,0.0,1782.0,False,4,0
2025-03-31,C01,0,43.0,24.0,False,0,0
2025-03-31,C02,2,617.0,0.0,False,0,0
2025-03-31,C03,2,120.0,0.0,False,0,0
2025-03-31,C04,6,437.0,0.0,False,0,0
2025-03-31,C05,3,342.0,0.0,False,0,0
2025-03-31,C06,1,420.0,0.0,False,0,0
2025-03-31,C07,0,490.0,0.0,False,0,0
2025-03-31,C08,0,89.0,0.0,False,0,0
2025-04-01,A01,39,1724.0,1090.0,False,0,0
2025-04-01,A02,97,4061.0,2379.0,False,0,1
2025-04-01,A03,22,637.0,0.0,False,0,0
2025-04-01,A04,0,0.0,544.0,False,0,0
2025-04-01,A05,11,3948.0,3635.0,False,0,1
2025-04-01,A06,101,7357.5,5943.0,False,0,2
2025-04-01,A07,7,966.0,735.0,False,0,0
2025-04-01,A08,1,201.0,0.0,False,0,0
2025-04-01,A09,23,806.0,0.0,False,0,0
2025-04-01,A10,224,3680.0,8386.0,False,0,1
2025-04-01,B01,2,353.3,0.0,False,0,0
2025-04-01,B02,16,1248.0,0.0,False,0,0
2025-04-01,B03,0,630.0,0.0,False,0,0
2025-04-01,B04,3,703.0,0.0,False,0,0
2025-04-01,B05,0,408.0,0.0,False,0,0
2025-04-01,B06,0,705.0,0.0,False,0,0
2025-04-01,B07,46,7804.0,0.0,False,0,2
2025-04-01,B08,14,2024.0,0.0,False,0,0
2025-04-01,B09,21,494.0,697.0,False,0,0
2025-04-01,B10,0,138.9,0.0,False,0,0
2025-04-01,B11,33,542.0,0.0,False,0,0
2025-04-01,B12,38,0.0,1782.0,False,38,0
2025-04-01,C01,0,43.0,24.0,False,0,0
2025-04-01,C02,15,551.8,0.0,False,0,0
2025-04-01,C03,0,120.0,0.0,False,0,0
2025-04-01,C04,0,437.0,0.0,False,0,0
2025-04-01,C05,0,342.0,0.0,False,0,0
2025-04-01,C06,1,419.0,0.0,False,0,0
2025-04-01,C07,0,490.0,0.0,False,0,0
2025-04-01,C08,0,89.0,0.0,False,0,0
2025-04-02,A01,3,1721.0,1090.0,False,0,0
2025-04-02,A02,7,4053.0,2379.0,False,0,1
2025-04-02,A03,6,631.0,0.0,False,0,0
2025-04-02,A04,1,0.0,544.0,False,1,0
2025-04-02,A05,1,3946.0,3635.0,False,0,1
2025-04-02,A06,9,8190.0,5943.0,False,0,2
2025-04-02,A07,2,964.0,735.0,False,0,0
2025-04-02,A08,0,201.0,0.0,False,0,0
2025-04-02,A09,0,806.0,0.0,False,0,0
2025-04-02,A10,352,3327.0,8386.0,False,0,1
2025-04-02,B01,0,326.0,0.0,False,0,0
2025-04-02,B02,9,1239.0,0.0,False,0,0
2025-04-02,B03,0,562.7,0.0,False,0,0
2025-04-02,B04,2,701.0,0.0,False,0,0
2025-04-02,B05,0,408.0,0.0,False,0,0
2025-04-02,B06,3,702.0,0.0,False,0,0
2025-04-02,B07,69,7733.0,0.0,False,0,2
2025-04-02,B08,33,1991.0,0.0,False,0,0
2025-04-02,B09,0,494.0,697.0,False,0,0
2025-04-02,B10,2,126.0,0.0,False,0,0
2025-04-02,B11,7,535.0,0.0,False,0,0
2025-04-02,B12,3,0.0,1782.0,False,3,0
2025-04-02,C01,0,43.0,24.0,False,0,0
2025-04-02,C02,2,600.0,0.0,False,0,0
2025-04-02,C03,1,119.0,0.0,False,0,0
2025-04-02,C04,2,435.0,0.0,False,0,0
2025-04-02,C05,2,340.0,0.0,False,0,0
2025-04-02,C06,0,419.0,0.0,False,0,0
2025-04-02,C07,2,488.0,0.0,False,0,0
2025-04-02,C08,0,89.0,0.0,False,0,0
2025-04-03,A01,0,1721.0,1090.0,False,0,0
2025-04-03,A02,70,3982.0,2379.0,False,0,1
2025-04-03,A03,32,599.0,0.0,False,0,0
2025-04-03,A04,11,0.0,544.0,False,11,0
2025-04-03,A05,23,3922.0,3635.0,False,0,1
2025-04-03,A06,458,7730.0,5943.0,False,0,2
2025-04-03,A07,17,947.0,735.0,False,0,0
2025-04-03,A08,1,200.0,0.0,False,0,0
2025-04-03,A09,8,798.0,0.0,False,0,0
2025-04-03,A10,34,3292.0,8386.0,False,0,1
2025-04-03,B01,0,326.0,0.0,False,0,0
2025-04-03,B02,15,1224.0,0.0,False,0,0
2025-04-03,B03,2,628.0,0.0,False,0,0
2025-04-03,B04,14,687.0,0.0,False,0,0
2025-04-03,B05,0,408.0,0.0,False,0,0
2025-04-03,B06,12,690.0,0.0,False,0,0
2025-04-03,B07,11,7720.0,0.0,False,0,2
2025-04-03,B08,8,1983.0,0.0,False,0,0
2025-04-03,B09,1,493.0,697.0,False,0,0
2025-04-03,B10,4,122.0,0.0,False,0,0
2025-04-03,B11,58,477.0,0.0,False,0,0
2025-04-03,B12,60,0.0,1782.0,False,60,0
2025-04-03,C01,0,43.0,24.0,False,0,0
2025-04-03,C02,0,600.0,0.0,False,0,0
2025-04-03,C03,0,119.0,0.0,False,0,0
2025-04-03,C04,0,462.3,0.0,False,0,0
2025-04-03,C05,2,338.0,0.0,False,0,0
2025-04-03,C06,0,419.0,0.0,False,0,0
2025-04-03,C07,4,426.6,0.0,False,0,0
2025-04-03,C08,0,93.6,0.0,False,0,0
2025-04-04,A01,37,1689.5,1090.0,False,0,0
2025-04-04,A02,120,3861.0,2379.0,False,0,1
2025-04-04,A03,1,598.0,0.0,False,0,0
2025-04-04,A04,0,0.0,544.0,False,0,0
2025-04-04,A05,65,3856.0,3635.0,False,0,1
2025-04-04,A06,6,7722.0,5943.0,False,0,2
2025-04-04,A07,0,947.0,735.0,False,0,0
2025-04-04,A08,0,200.0,0.0,False,0,0
2025-04-04,A09,8,790.0,0.0,False,0,0
2025-04-04,A10,8,3390.1,8386.0,False,0,1
2025-04-04,B01,4,322.0,0.0,False,0,0
2025-04-04,B02,2,1217.2,0.0,False,0,0
2025-04-04,B03,3,625.0,0.0,False,0,0
2025-04-04,B04,0,687.0,0.0,False,0,0
2025-04-04,B05,0,407.0,0.0,False,0,0
2025-04-04,B06,22,650.7,0.0,False,0,0
2025-04-04,B07,354,7364.0,0.0,False,0,2
2025-04-04,B08,30,1953.0,0.0,False,0,0
2025-04-04,B09,9,484.0,697.0,False,0,0
2025-04-04,B10,1,121.0,0.0,False,0,0
2025-04-04,B11,9,468.0,0.0,False,0,0
2025-04-04,B12,34,0.0,1782.0,False,34,0
2025-04-04,C01,0,43.0,24.0,False,0,0
2025-04-04,C02,10,590.0,0.0,False,0,0
2025-04-04,C03,0,119.0,0.0,False,0,0
2025-04-04,C04,3,432.0,0.0,False,0,0
2025-04-04,C05,2,336.0,0.0,False,0,0
2025-04-04,C06,0,419.0,0.0,False,0,0
2025-04-04,C07,3,481.0,0.0,False,0,0
2025-04-04,C08,0,92.7,0.0,False,0,0
2025-04-05,A01,26,1658.0,1090.0,False,0,0
2025-04-05,A02,0,3860.0,2379.0,False,0,1
2025-04-05,A03,9,589.0,0.0,False,0,0
2025-04-05,A04,1,0.0,544.0,False,1,0
2025-04-05,A05,32,3823.0,3635.0,False,0,1
2025-04-05,A06,65,7655.0,5943.0,False,0,2
2025-04-05,A07,1,946.0,735.0,False,0,0
2025-04-05,A08,0,200.0,0.0,False,0,0
2025-04-05,A09,2,788.0,0.0,False,0,0
2025-04-05,A10,69,3213.0,8386.0,False,0,1
2025-04-05,B01,2,320.0,0.0,False,0,0
2025-04-05,B02,41,1181.0,0.0,False,0,0
2025-04-05,B03,6,619.0,0.0,False,0,0
2025-04-05,B04,4,683.0,0.0,False,0,0
2025-04-05,B05,0,408.0,0.0,False,0,0
2025-04-05,B06,10,658.0,0.0,False,0,0
2025-04-05,B07,23,7339.0,0.0,False,0,2
2025-04-05,B08,8,1945.0,0.0,False,0,0
2025-04-05,B09,3,481.0,697.0,False,0,0
2025-04-05,B10,7,114.0,0.0,False,0,0
2025-04-05,B11,9,459.0,0.0,False,0,0
2025-04-05,B12,21,0.0,1782.0,False,21,0
2025-04-05,C01,1,42.0,24.0,False,0,0
2025-04-05,C02,4,586.0,0.0,False,0,0
2025-04-05,C03,0,119.7,0.0,False,0,0
2025-04-05,C04,1,431.0,0.0,False,0,0
2025-04-05,C05,0,341.8,0.0,False,0,0
2025-04-05,C06,2,417.0,0.0,False,0,0
2025-04-05,C07,0,500.7,0.0,False,0,0
2025-04-05,C08,0,83.3,0.0,False,0,0
2025-04-06,A01,25,1633.0,1090.0,False,0,0
2025-04-06,A02,29,3830.0,2379.0,False,0,1
2025-04-06,A03,1,588.0,0.0,False,0,0
2025-04-06,A04,1,0.0,544.0,False,1,0
2025-04-06,A05,2,3820.0,3635.0,False,0,1
2025-04-06,A06,48,7970.6,5943.0,False,0,2
2025-04-06,A07,0,946.0,735.0,False,0,0
2025-04-06,A08,0,200.0,0.0,False,0,0
2025-04-06,A09,2,786.0,0.0,False,0,0
2025-04-06,A10,56,3156.0,8386.0,False,0,1
2025-04-06,B01,1,319.0,0.0,False,0,0
2025-04-06,B02,2,1179.0,0.0,False,0,0
2025-04-06,B03,8,611.0,0.0,False,0,0
2025-04-06,B04,3,710.2,0.0,False,0,0
2025-04-06,B05,0,408.0,0.0,False,0,0
2025-04-06,B06,13,645.0,0.0,False,0,0
2025-04-06,B07,3,7334.0,0.0,False,0,2
2025-04-06,B08,11,1934.0,0.0,False,0,0
2025-04-06,B09,0,481.0,697.0,False,0,0
2025-04-06,B10,4,110.0,0.0,False,0,0
2025-04-06,B11,0,459.0,0.0,False,0,0
2025-04-06,B12,1,0.0,1782.0,False,1,0
2025-04-06,C01,3,39.0,24.0,False,0,0
2025-04-06,C02,28,598.9,0.0,False,0,0
2025-04-06,C03,1,118.0,0.0,False,0,0
2025-04-06,C04,0,431.0,0.0,False,0,0
2025-04-06,C05,0,336.0,0.0,False,0,0
2025-04-06,C06,4,413.0,0.0,False,0,0
2025-04-06,C07,0,481.0,0.0,False,0,0
2025-04-06,C08,1,88.0,0.0,False,0,0
2025-04-07,A01,14,1619.0,1090.0,False,0,0
2025-04-07,A02,16,3813.0,2379.0,False,0,1
2025-04-07,A03,10,578.0,0.0,False,0,0
2025-04-07,A04,0,0.0,544.0,False,0,0
2025-04-07,A05,265,3554.0,3635.0,False,0,1
2025-04-07,A06,124,7221.9,5943.0,False,0,2
2025-04-07,A07,39,907.0,735.0,False,0,0
2025-04-07,A08,3,197.0,0.0,False,0,0
2025-04-07,A09,7,779.0,0.0,False,0,0
2025-04-07,A10,590,2565.0,8386.0,False,0,1
2025-04-07,B01,6,313.0,0.0,False,0,0
2025-04-07,B02,3,1176.0,0.0,False,0,0
2025-04-07,B03,15,596.0,0.0,False,0,0
2025-04-07,B04,1,679.0,0.0,False,0,0
2025-04-07,B05,0,408.0,0.0,False,0,0
2025-04-07,B06,28,617.0,0.0,False,0,0
2025-04-07,B07,88,7245.0,0.0,False,0,1
2025-04-07,B08,1,1958.8,0.0,False,0,0
2025-04-07,B09,20,461.0,697.0,False,0,0
2025-04-07,B10,1,109.0,0.0,False,0,0
2025-04-07,B11,17,442.0,0.0,False,0,0
2025-04-07,B12,6,0.0,1782.0,False,6,0
2025-04-07,C01,0,39.0,24.0,False,0,0
2025-04-07,C02,3,555.0,0.0,False,0,0
2025-04-07,C03,0,118.0,0.0,False,0,0
2025-04-07,C04,0,431.0,0.0,False,0,0
2025-04-07,C05,1,335.0,0.0,False,0,0
2025-04-07,C06,0,413.0,0.0,False,0,0
2025-04-07,C07,4,477.0,0.0,False,0,0
2025-04-07,C08,1,87.0,0.0,False,0,0
2025-04-08,A01,14,1605.0,1090.0,False,0,0
2025-04-08,A02,89,3723.0,2379.0,False,0,1
2025-04-08,A03,25,624.6,0.0,False,0,0
2025-04-08,A04,2,0.0,544.0,False,2,0
2025-04-08,A05,29,3524.0,3635.0,False,0,1
2025-04-08,A06,99,7378.0,5943.0,False,0,2
2025-04-08,A07,7,900.0,735.0,False,0,0
2025-04-08,A08,11,186.0,0.0,False,0,0
2025-04-08,A09,6,773.0,0.0,False,0,0
2025-04-08,A10,67,2497.0,8386.0,False,0,1
2025-04-08,B01,3,319.3,0.0,False,0,0
2025-04-08,B02,13,1163.0,0.0,False,0,0
2025-04-08,B03,10,586.0,0.0,False,0,0
2025-04-08,B04,7,661.7,0.0,False,0,0
2025-04-08,B05,0,386.3,0.0,False,0,0
2025-04-08,B06,4,613.0,0.0,False,0,0
2025-04-08,B07,455,6789.0,0.0,False,0,1
2025-04-08,B08,0,1933.0,0.0,False,0,0
2025-04-08,B09,7,454.0,697.0,False,0,0
2025-04-08,B10,3,106.0,0.0,False,0,0
2025-04-08,B11,0,442.0,0.0,False,0,0
2025-04-08,B12,12,0.0,1782.0,False,12,0
2025-04-08,C01,0,39.0,24.0,False,0,0
2025-04-08,C02,25,530.0,0.0,False,0,0
2025-04-08,C03,1,117.0,0.0,False,0,0
2025-04-08,C04,0,431.0,0.0,False,0,0
2025-04-08,C05,2,333.0,0.0,False,0,0
2025-04-08,C06,0,413.0,0.0,False,0,0
2025-04-08,C07,2,475.0,0.0,False,0,0
2025-04-08,C08,0,87.0,0.0,False,0,0
2025-04-09,A01,2,1661.5,1090.0,False,0,0
2025-04-09,A02,32,3690.0,2379.0,False,0,1
2025-04-09,A03,0,553.0,773.0,True,0,0
2025-04-09,A04,1,0.0,544.0,False,1,0
2025-04-09,A05,4,3519.0,3635.0,False,0,1
2025-04-09,A06,49,13269.0,0.0,False,0,3
2025-04-09,A07,4,896.0,735.0,False,0,0
2025-04-09,A08,0,194.8,0.0,False,0,0
2025-04-09,A09,6,767.0,0.0,False,0,0
2025-04-09,A10,199,2298.0,8386.0,False,0,0
2025-04-09,B01,2,308.0,0.0,False,0,0
2025-04-09,B02,0,1168.4,0.0,False,0,0
2025-04-09,B03,18,568.0,0.0,False,0,0
2025-04-09,B04,3,669.0,0.0,False,0,0
2025-04-09,B05,1,407.0,0.0,False,0,0
2025-04-09,B06,2,611.0,0.0,False,0,0
2025-04-09,B07,98,6690.0,0.0,False,0,1
2025-04-09,B08,2,1931.0,0.0,False,0,0
2025-04-09,B09,0,454.0,697.0,False,0,0
2025-04-09,B10,2,104.0,0.0,False,0,0
2025-04-09,B11,7,435.0,0.0,False,0,0
2025-04-09,B12,2,0.0,1782.0,False,2,0
2025-04-09,C01,0,39.0,24.0,False,0,0
2025-04-09,C02,6,524.0,0.0,False,0,0
2025-04-09,C03,1,116.0,0.0,False,0,0
2025-04-09,C04,1,430.0,0.0,False,0,0
2025-04-09,C05,0,333.0,0.0,False,0,0
2025-04-09,C06,0,413.0,0.0,False,0,0
2025-04-09,C07,0,475.0,0.0,False,0,0
2025-04-09,C08,1,86.0,0.0,False,0,0
2025-04-10,A01,28,1575.0,1090.0,False,0,0
2025-04-10,A02,28,3661.0,2379.0,False,0,1
2025-04-10,A03,2,551.0,773.0,False,0,0
2025-04-10,A04,1,0.0,544.0,False,1,0
2025-04-10,A05,70,3448.0,3635.0,False,0,1
2025-04-10,A06,13,13253.0,0.0,False,0,3
2025-04-10,A07,0,943.1,735.0,False,0,0
2025-04-10,A08,6,180.0,0.0,False,0,0
2025-04-10,A09,1,810.4,0.0,False,0,0
2025-04-10,A10,87,2211.0,8386.0,False,0,0
2025-04-10,B01,2,341.4,0.0,False,0,0
2025-04-10,B02,6,1157.0,0.0,False,0,0
2025-04-10,B03,11,596.0,0.0,False,0,0
2025-04-10,B04,4,665.0,0.0,False,0,0
2025-04-10,B05,0,407.0,0.0,False,0,0
2025-04-10,B06,6,605.0,0.0,False,0,0
2025-04-10,B07,8,6681.0,0.0,False,0,1
2025-04-10,B08,64,1867.0,0.0,False,0,0
2025-04-10,B09,0,454.0,697.0,False,0,0
2025-04-10,B10,0,104.0,0.0,False,0,0
2025-04-10,B11,1,434.0,0.0,False,0,0
2025-04-10,B12,1,0.0,1782.0,False,1,0
2025-04-10,C01,1,38.0,24.0,False,0,0
2025-04-10,C02,0,524.0,0.0,False,0,0
2025-04-10,C03,0,116.0,0.0,False,0,0
2025-04-10,C04,0,430.0,0.0,False,0,0
2025-04-10,C05,0,333.0,0.0,False,0,0
2025-04-10,C06,2,411.0,0.0,False,0,0
2025-04-10,C07,0,475.0,0.0,False,0,0
2025-04-10,C08,0,76.1,0.0,False,0,0
2025-04-11,A01,27,1548.0,1090.0,False,0,0
2025-04-11,A02,53,3607.0,2379.0,False,0,1
2025-04-11,A03,0,551.0,773.0,False,0,0
2025-04-11,A04,5,0.0,544.0,False,5,0
2025-04-11,A05,72,3375.0,3635.0,False,0,1
2025-04-11,A06,25,13225.0,0.0,False,0,3
2025-04-11,A07,0,835.4,735.0,False,0,0
2025-04-11,A08,5,175.0,0.0,False,0,0
2025-04-11,A09,12,685.4,0.0,False,0,0
2025-04-11,A10,339,1872.0,8386.0,False,0,0
2025-04-11,B01,0,306.0,0.0,False,0,0
2025-04-11,B02,8,1149.0,0.0,False,0,0
2025-04-11,B03,3,554.0,0.0,False,0,0
2025-04-11,B04,0,665.0,0.0,False,0,0
2025-04-11,B05,0,407.0,0.0,False,0,0
2025-04-11,B06,5,594.3,0.0,False,0,0
2025-04-11,B07,3,6677.0,0.0,False,0,1
2025-04-11,B08,1,1866.0,0.0,False,0,0
2025-04-11,B09,7,447.0,697.0,False,0,0
2025-04-11,B10,1,103.0,0.0,False,0,0
2025-04-11,B11,0,434.0,0.0,False,0,0
2025-04-11,B12,1,0.0,1782.0,False,1,0
2025-04-11,C01,0,38.0,24.0,False,0,0
2025-04-11,C02,9,515.0,0.0,False,0,0
2025-04-11,C03,1,115.0,0.0,False,0,0
2025-04-11,C04,0,430.0,0.0,False,0,0
2025-04-11,C05,1,332.0,0.0,False,0,0
2025-04-11,C06,2,409.0,0.0,False,0,0
2025-04-11,C07,3,472.0,0.0,False,0,0
2025-04-11,C08,0,86.0,0.0,False,0,0
2025-04-12,A01,3,1545.0,1090.0,False,0,0
2025-04-12,A02,20,3586.0,2379.0,False,0,1
2025-04-12,A03,3,548.0,773.0,False,0,0
2025-04-12,A04,0,0.0,544.0,False,0,0
2025-04-12,A05,97,3277.0,3635.0,False,0,1
2025-04-12,A06,7,13215.0,0.0,False,0,3
2025-04-12,A07,51,845.0,735.0,False,0,0
2025-04-12,A08,4,171.0,0.0,False,0,0
2025-04-12,A09,1,753.0,0.0,False,0,0
2025-04-12,A10,271,1601.0,8386.0,False,0,0
2025-04-12,B01,1,305.0,0.0,False,0,0
2025-04-12,B02,2,1147.0,0.0,False,0,0
2025-04-12,B03,7,547.0,0.0,False,0,0
2025-04-12,B04,12,653.0,0.0,False,0,0
2025-04-12,B05,0,407.0,0.0,False,0,0
2025-04-12,B06,0,600.0,0.0,False,0,0
2025-04-12,B07,92,5630.2,0.0,False,0,1
2025-04-12,B08,14,1852.0,0.0,False,0,0
2025-04-12,B09,3,444.0,697.0,False,0,0
2025-04-12,B10,2,101.0,0.0,False,0,0
2025-04-12,B11,2,432.0,0.0,False,0,0
2025-04-12,B12,7,0.0,1782.0,False,7,0
2025-04-12,C01,0,38.0,24.0,False,0,0
2025-04-12,C02,4,511.0,0.0,False,0,0
2025-04-12,C03,0,115.0,0.0,False,0,0
2025-04-12,C04,7,423.0,0.0,False,0,0
2025-04-12,C05,0,332.0,0.0,False,0,0
2025-04-12,C06,1,423.0,0.0,False,0,0
2025-04-12,C07,0,488.0,0.0,False,0,0
2025-04-12,C08,0,86.0,0.0,False,0,0
2025-04-13,A01,11,1534.0,1090.0,False,0,0
2025-04-13,A02,93,3492.0,2379.0,False,0,1
2025-04-13,A03,9,1312.0,0.0,False,0,0
2025-04-13,A04,0,0.0,544.0,False,0,0
2025-04-13,A05,37,3239.0,3635.0,False,0,1
2025-04-13,A06,23,13189.0,0.0,False,0,3
2025-04-13,A07,44,801.0,735.0,False,0,0
2025-04-13,A08,2,169.0,0.0,False,0,0
2025-04-13,A09,0,753.0,0.0,False,0,0
2025-04-13,A10,163,1438.0,8386.0,False,0,0
2025-04-13,B01,1,304.0,0.0,False,0,0
2025-04-13,B02,5,1093.2,0.0,False,0,0
2025-04-13,B03,9,538.0,0.0,False,0,0
2025-04-13,B04,1,652.0,0.0,False,0,0
2025-04-13,B05,0,407.0,0.0,False,0,0
2025-04-13,B06,14,586.0,0.0,False,0,0
2025-04-13,B07,53,5802.6,0.0,False,0,1
2025-04-13,B08,11,1841.0,0.0,False,0,0
2025-04-13,B09,1,443.0,697.0,False,0,0
2025-04-13,B10,1,100.0,0.0,False,0,0
2025-04-13,B11,3,429.0,0.0,False,0,0
2025-04-13,B12,9,0.0,1782.0,False,9,0
2025-04-13,C01,0,38.0,24.0,False,0,0
2025-04-13,C02,1,510.0,0.0,False,0,0
2025-04-13,C03,0,115.0,0.0,False,0,0
2025-04-13,C04,2,421.0,0.0,False,0,0
2025-04-13,C05,0,332.0,0.0,False,0,0
2025-04-13,C06,1,407.0,0.0,False,0,0
2025-04-13,C07,0,472.0,0.0,False,0,0
2025-04-13,C08,0,86.0,0.0,False,0,0
2025-04-14,A01,1,1533.0,1090.0,False,0,0
2025-04-14,A02,63,3428.0,2379.0,False,0,1
2025-04-14,A03,4,1308.0,0.0,False,0,0
2025-04-14,A04,1,0.0,544.0,False,1,0
2025-04-14,A05,134,3104.0,3635.0,False,0,1
2025-04-14,A06,209,12977.0,0.0,False,0,3
2025-04-14,A07,3,798.0,735.0,False,0,0
2025-04-14,A08,8,161.0,0.0,False,0,0
2025-04-14,A09,20,733.0,0.0,False,0,0
2025-04-14,A10,43,1395.0,8386.0,False,0,0
2025-04-14,B01,5,299.0,0.0,False,0,0
2025-04-14,B02,3,1139.0,0.0,False,0,0
2025-04-14,B03,13,525.0,0.0,False,0,0
2025-04-14,B04,0,652.0,0.0,False,0,0
2025-04-14,B05,0,407.0,0.0,False,0,0
2025-04-14,B06,0,586.0,0.0,False,0,0
2025-04-14,B07,269,6260.0,0.0,False,0,1
2025-04-14,B08,4,1837.0,0.0,False,0,0
2025-04-14,B09,2,441.0,697.0,False,0,0
2025-04-14,B10,0,100.0,0.0,False,0,0
2025-04-14,B11,42,437.6,0.0,False,0,0
2025-04-14,B12,32,0.0,1782.0,False,32,0
2025-04-14,C01,0,38.0,24.0,False,0,0
2025-04-14,C02,4,506.0,0.0,False,0,0
2025-04-14,C03,0,115.0,0.0,False,0,0
2025-04-14,C04,7,414.0,0.0,False,0,0
2025-04-14,C05,0,332.0,0.0,False,0,0
2025-04-14,C06,0,431.0,0.0,False,0,0
2025-04-14,C07,1,471.0,0.0,False,0,0
2025-04-14,C08,0,86.0,0.0,False,0,0
2025-04-15,A01,23,1510.0,1090.0,False,0,0
2025-04-15,A02,103,3324.0,2379.0,False,0,1
2025-04-15,A03,5,1303.0,0.0,False,0,0
2025-04-15,A04,3,0.0,544.0,False,3,0
2025-04-15,A05,51,3052.0,3635.0,False,0,1
2025-04-15,A06,119,12855.0,0.0,False,0,3
2025-04-15,A07,3,795.0,735.0,False,0,0
2025-04-15,A08,0,161.0,0.0,False,0,0
2025-04-15,A09,4,729.0,0.0,False,0,0
2025-04-15,A10,73,1322.0,8386.0,False,0,0
2025-04-15,B01,1,298.0,0.0,False,0,0
2025-04-15,B02,15,1124.0,0.0,False,0,0
2025-04-15,B03,6,519.0,0.0,False,0,0
2025-04-15,B04,4,648.0,0.0,False,0,0
2025-04-15,B05,0,407.0,0.0,False,0,0
2025-04-15,B06,0,586.0,0.0,False,0,0
2025-04-15,B07,62,6197.0,0.0,False,0,1
2025-04-15,B08,23,1814.0,0.0,False,0,0
2025-04-15,B09,1,440.0,697.0,False,0,0
2025-04-15,B10,8,92.0,0.0,False,0,0
2025-04-15,B11,26,361.0,0.0,False,0,0
2025-04-15,B12,30,0.0,1782.0,False,30,0
2025-04-15,C01,1,37.0,24.0,False,0,0
2025-04-15,C02,4,502.0,0.0,False,0,0
2025-04-15,C03,0,115.0,0.0,False,0,0
2025-04-15,C04,9,405.0,0.0,False,0,0
2025-04-15,C05,1,331.0,0.0,False,0,0
2025-04-15,C06,8,399.0,0.0,False,0,0
2025-04-15,C07,2,469.0,0.0,False,0,0
2025-04-15,C08,0,86.0,0.0,False,0,0
2025-04-16,A01,7,1503.0,1090.0,False,0,0
2025-04-16,A02,76,3247.0,2379.0,False,0,1
2025-04-16,A03,3,1300.0,0.0,False,0,0
2025-04-16,A04,0,0.0,544.0,False,0,0
2025-04-16,A05,12,3039.0,3635.0,False,0,1
2025-04-16,A06,64,12788.0,0.0,False,0,3
2025-04-16,A07,0,795.0,735.0,False,0,0
2025-04-16,A08,6,155.0,0.0,False,0,0
2025-04-16,A09,1,728.0,0.0,False,0,0
2025-04-16,A10,474,848.0,8386.0,False,0,0
2025-04-16,B01,15,283.0,0.0,False,0,0
2025-04-16,B02,9,1275.1,0.0,False,0,0
2025-04-16,B03,14,505.0,0.0,False,0,0
2025-04-16,B04,0,648.0,0.0,False,0,0
2025-04-16,B05,6,401.0,0.0,False,0,0
2025-04-16,B06,0,586.0,0.0,False,0,0
2025-04-16,B07,8,6188.0,0.0,False,0,1
2025-04-16,B08,15,1799.0,0.0,False,0,0
2025-04-16,B09,4,436.0,697.0,False,0,0
2025-04-16,B10,0,92.0,0.0,False,0,0
2025-04-16,B11,3,358.0,0.0,False,0,0
2025-04-16,B12,0,0.0,1782.0,False,0,0
2025-04-16,C01,1,36.0,24.0,False,0,0
2025-04-16,C02,5,497.0,0.0,False,0,0
2025-04-16,C03,0,125.2,0.0,False,0,0
2025-04-16,C04,2,444.9,0.0,False,0,0
2025-04-16,C05,5,326.0,0.0,False,0,0
2025-04-16,C06,0,399.0,0.0,False,0,0
2025-04-16,C07,0,469.0,0.0,False,0,0
2025-04-16,C08,0,86.0,0.0,False,0,0
2025-04-17,A01,30,1473.0,1090.0,False,0,0
2025-04-17,A02,323,5302.0,0.0,False,0,1
2025-04-17,A03,30,1270.0,0.0,False,0,0
2025-04-17,A04,5,0.0,544.0,False,5,0
2025-04-17,A05,75,2963.0,3635.0,False,0,1
2025-04-17,A06,286,12499.0,0.0,False,0,3
2025-04-17,A07,9,786.0,735.0,False,0,0
2025-04-17,A08,4,167.0,0.0,False,0,0
2025-04-17,A09,11,717.0,0.0,False,0,0
2025-04-17,A10,63,785.0,8386.0,False,0,0
2025-04-17,B01,4,279.0,0.0,False,0,0
2025-04-17,B02,13,1102.0,0.0,False,0,0
2025-04-17,B03,1,437.0,0.0,False,0,0
2025-04-17,B04,1,647.0,0.0,False,0,0
2025-04-17,B05,0,424.4,0.0,False,0,0
2025-04-17,B06,3,572.5,0.0,False,0,0
2025-04-17,B07,51,6136.0,0.0,False,0,1
2025-04-17,B08,24,1618.0,0.0,False,0,0
2025-04-17,B09,8,478.0,697.0,False,0,0
2025-04-17,B10,0,92.0,0.0,False,0,0
2025-04-17,B11,37,321.0,0.0,False,0,0
2025-04-17,B12,7,0.0,1782.0,False,7,0
2025-04-17,C01,0,36.0,24.0,False,0,0
2025-04-17,C02,1,496.0,0.0,False,0,0
2025-04-17,C03,2,113.0,0.0,False,0,0
2025-04-17,C04,2,401.0,0.0,False,0,0
2025-04-17,C05,0,326.0,0.0,False,0,0
2025-04-17,C06,3,371.2,0.0,False,0,0
2025-04-17,C07,3,466.0,0.0,False,0,0
2025-04-17,C08,1,85.0,0.0,False,0,0
2025-04-18,A01,50,1423.0,1090.0,False,0,0
2025-04-18,A02,0,5301.0,0.0,False,0,1
2025-04-18,A03,9,1261.0,0.0,False,0,0
2025-04-18,A04,2,0.0,544.0,False,2,0
2025-04-18,A05,9,2953.0,3635.0,False,0,1
2025-04-18,A06,132,12455.3,0.0,False,0,3
2025-04-18,A07,15,771.0,735.0,False,0,0
2025-04-18,A08,0,151.0,0.0,False,0,0
2025-04-18,A09,1,716.0,0.0,False,0,0
2025-04-18,A10,20,765.0,8386.0,False,0,0
2025-04-18,B01,1,278.0,0.0,False,0,0
2025-04-18,B02,6,1096.0,0.0,False,0,0
2025-04-18,B03,1,503.0,0.0,False,0,0
2025-04-18,B04,0,647.0,0.0,False,0,0
2025-04-18,B05,0,401.0,0.0,False,0,0
2025-04-18,B06,11,572.0,0.0,False,0,0
2025-04-18,B07,269,5961.8,0.0,False,0,1
2025-04-18,B08,4,1771.0,0.0,False,0,0
2025-04-18,B09,1,427.0,697.0,False,0,0
2025-04-18,B10,1,91.0,0.0,False,0,0
2025-04-18,B11,0,321.0,0.0,False,0,0
2025-04-18,B12,31,0.0,1782.0,False,31,0
2025-04-18,C01,0,60.0,0.0,False,0,0
2025-04-18,C02,5,491.0,0.0,False,0,0
2025-04-18,C03,0,113.0,0.0,False,0,0
2025-04-18,C04,0,401.0,0.0,False,0,0
2025-04-18,C05,1,309.5,0.0,False,0,0
2025-04-18,C06,0,396.0,0.0,False,0,0
2025-04-18,C07,4,462.0,0.0,False,0,0
2025-04-18,C08,0,85.0,0.0,False,0,0
2025-04-19,A01,102,1321.0,1090.0,False,0,0
2025-04-19,A02,129,5171.0,0.0,False,0,1
2025-04-19,A03,1,1260.0,0.0,False,0,0
2025-04-19,A04,1,0.0,544.0,False,1,0
2025-04-19,A05,68,2884.0,3635.0,False,0,1
2025-04-19,A06,609,11753.0,0.0,False,0,2
2025-04-19,A07,5,766.0,735.0,False,0,0
2025-04-19,A08,0,151.0,0.0,False,0,0
2025-04-19,A09,0,704.9,0.0,False,0,0
2025-04-19,A10,3,762.0,8386.0,False,0,0
2025-04-19,B01,7,271.0,0.0,False,0,0
2025-04-19,B02,2,1086.6,0.0,False,0,0
2025-04-19,B03,1,502.0,0.0,False,0,0
2025-04-19,B04,0,647.0,0.0,False,0,0
2025-04-19,B05,1,353.4,0.0,False,0,0
2025-04-19,B06,0,572.0,0.0,False,0,0
2025-04-19,B07,40,5825.0,0.0,False,0,1
2025-04-19,B08,13,1758.0,0.0,False,0,0
2025-04-19,B09,5,422.0,697.0,False,0,0
2025-04-19,B10,4,86.2,0.0,False,0,0
2025-04-19,B11,1,320.0,0.0,False,0,0
2025-04-19,B12,4,0.0,1782.0,False,4,0
2025-04-19,C01,0,60.0,0.0,False,0,0
2025-04-19,C02,1,490.0,0.0,False,0,0
2025-04-19,C03,0,117.9,0.0,False,0,0
2025-04-19,C04,0,401.0,0.0,False,0,0
2025-04-19,C05,1,324.0,0.0,False,0,0
2025-04-19,C06,0,396.0,0.0,False,0,0
2025-04-19,C07,1,461.0,0.0,False,0,0
2025-04-19,C08,0,85.0,0.0,False,0,0
2025-04-20,A01,59,1262.0,1090.0,False,0,0
2025-04-20,A02,14,5030.1,0.0,False,0,1
2025-04-20,A03,22,1238.0,0.0,False,0,0
2025-04-20,A04,1,0.0,544.0,False,1,0
2025-04-20,A05,1,3187.3,3635.0,False,0,1
2025-04-20,A06,55,11696.0,0.0,False,0,2
2025-04-20,A07,9,757.0,735.0,False,0,0
2025-04-20,A08,0,151.0,0.0,False,0,0
2025-04-20,A09,18,698.0,0.0,False,0,0
2025-04-20,A10,4,758.0,8386.0,False,0,0
2025-04-20,B01,4,267.0,0.0,False,0,0
2025-04-20,B02,8,1086.0,0.0,False,0,0
2025-04-20,B03,12,490.0,0.0,False,0,0
2025-04-20,B04,1,646.0,0.0,False,0,0
2025-04-20,B05,0,400.0,0.0,False,0,0
2025-04-20,B06,0,572.0,0.0,False,0,0
2025-04-20,B07,1,5823.0,0.0,False,0,1
2025-04-20,B08,5,1753.0,0.0,False,0,0
2025-04-20,B09,12,410.0,697.0,False,0,0
2025-04-20,B10,3,84.0,0.0,False,0,0
2025-04-20,B11,7,313.0,0.0,False,0,0
2025-04-20,B12,6,0.0,1782.0,False,6,0
2025-04-20,C01,1,59.0,0.0,False,0,0
2025-04-20,C02,1,489.0,0.0,False,0,0
2025-04-20,C03,1,120.9,0.0,False,0,0
2025-04-20,C04,2,344.6,0.0,False,0,0
2025-04-20,C05,0,324.0,0.0,False,0,0
2025-04-20,C06,0,396.0,0.0,False,0,0
2025-04-20,C07,4,457.0,0.0,False,0,0
2025-04-20,C08,0,85.0,0.0,False,0,0
2025-04-21,A01,0,1434.1,1090.0,False,0,0
2025-04-21,A02,26,5129.0,0.0,False,0,1
2025-04-21,A03,4,1234.0,0.0,False,0,0
2025-04-21,A04,0,0.0,544.0,False,0,0
2025-04-21,A05,115,2766.0,3635.0,False,0,1
2025-04-21,A06,304,11390.0,0.0,False,0,2
2025-04-21,A07,32,725.0,735.0,False,0,0
2025-04-21,A08,0,151.0,0.0,False,0,0
2025-04-21,A09,16,682.0,0.0,False,0,0
2025-04-21,A10,263,495.0,8386.0,False,0,0
2025-04-21,B01,1,266.0,0.0,False,0,0
2025-04-21,B02,6,1080.0,0.0,False,0,0
2025-04-21,B03,0,490.0,0.0,False,0,0
2025-04-21,B04,3,567.2,0.0,False,0,0
2025-04-21,B05,0,392.4,0.0,False,0,0
2025-04-21,B06,0,572.0,0.0,False,0,0
2025-04-21,B07,12,5810.0,0.0,False,0,1
2025-04-21,B08,49,1556.7,0.0,False,0,0
2025-04-21,B09,15,395.0,697.0,False,0,0
2025-04-21,B10,1,83.0,0.0,False,0,0
2025-04-21,B11,10,303.0,0.0,False,0,0
2025-04-21,B12,0,0.0,1782.0,False,0,0
2025-04-21,C01,0,59.0,0.0,False,0,0
2025-04-21,C02,0,489.0,0.0,False,0,0
2025-04-21,C03,0,125.7,0.0,False,0,0
2025-04-21,C04,1,398.0,0.0,False,0,0
2025-04-21,C05,0,324.0,0.0,False,0,0
2025-04-21,C06,4,392.0,0.0,False,0,0
2025-04-21,C07,5,459.1,0.0,False,0,0
2025-04-21,C08,0,85.0,0.0,False,0,0
2025-04-22,A01,1,1261.0,1090.0,False,0,0
2025-04-22,A02,31,5097.0,0.0,False,0,1
2025-04-22,A03,13,1221.0,0.0,False,0,0
2025-04-22,A04,0,0.0,544.0,False,0,0
2025-04-22,A05,18,2858.0,3635.0,False,0,1
2025-04-22,A06,167,11221.0,0.0,False,0,2
2025-04-22,A07,29,696.5,735.0,False,0,0
2025-04-22,A08,35,116.0,0.0,False,0,0
2025-04-22,A09,3,679.0,0.0,False,0,0
2025-04-22,A10,75,420.0,8386.0,False,0,0
2025-04-22,B01,0,266.0,0.0,False,0,0
2025-04-22,B02,81,999.0,0.0,False,0,0
2025-04-22,B03,2,488.0,0.0,False,0,0
2025-04-22,B04,12,631.0,0.0,False,0,0
2025-04-22,B05,2,398.0,0.0,False,0,0
2025-04-22,B06,1,571.0,0.0,False,0,0
2025-04-22,B07,386,5423.0,4944.0,True,0,1
2025-04-22,B08,14,1690.0,0.0,False,0,0
2025-04-22,B09,6,389.0,697.0,False,0,0
2025-04-22,B10,0,83.0,0.0,False,0,0
2025-04-22,B11,22,281.0,0.0,False,0,0
2025-04-22,B12,0,0.0,1782.0,False,0,0
2025-04-22,C01,0,59.0,0.0,False,0,0
2025-04-22,C02,1,488.0,0.0,False,0,0
2025-04-22,C03,0,112.0,0.0,False,0,0
2025-04-22,C04,3,395.0,0.0,False,0,0
2025-04-22,C05,0,324.0,0.0,False,0,0
2025-04-22,C06,4,388.0,0.0,False,0,0
2025-04-22,C07,2,450.0,0.0,False,0,0
2025-04-22,C08,0,85.0,0.0,False,0,0
2025-04-23,A01,1,1260.0,1090.0,False,0,0
2025-04-23,A02,5,5091.0,0.0,False,0,1
2025-04-23,A03,10,1211.0,0.0,False,0,0
2025-04-23,A04,1,0.0,544.0,False,1,0
2025-04-23,A05,1,2745.0,3635.0,False,0,1
2025-04-23,A06,173,11046.0,0.0,False,0,2
2025-04-23,A07,19,677.0,735.0,False,0,0
2025-04-23,A08,0,125.7,0.0,False,0,0
2025-04-23,A09,1,678.0,0.0,False,0,0
2025-04-23,A10,298,122.0,8386.0,False,0,0
2025-04-23,B01,0,290.6,0.0,False,0,0
2025-04-23,B02,20,979.0,0.0,False,0,0
2025-04-23,B03,4,484.0,0.0,False,0,0
2025-04-23,B04,0,631.0,0.0,False,0,0
2025-04-23,B05,1,397.0,0.0,False,0,0
2025-04-23,B06,13,558.0,0.0,False,0,0
2025-04-23,B07,102,5320.0,4944.0,False,0,1
2025-04-23,B08,48,1642.0,0.0,False,0,0
2025-04-23,B09,10,379.0,697.0,False,0,0
2025-04-23,B10,1,82.0,0.0,False,0,0
2025-04-23,B11,32,249.0,960.0,True,0,0
2025-04-23,B12,3,0.0,1782.0,False,3,0
2025-04-23,C01,0,59.0,0.0,False,0,0
2025-04-23,C02,3,524.2,0.0,False,0,0
2025-04-23,C03,0,112.0,0.0,False,0,0
2025-04-23,C04,3,392.0,0.0,False,0,0
2025-04-23,C05,0,324.0,0.0,False,0,0
2025-04-23,C06,4,386.1,0.0,False,0,0
2025-04-23,C07,1,449.0,0.0,False,0,0
2025-04-23,C08,0,85.0,0.0,False,0,0
2025-04-24,A01,0,1260.0,1090.0,False,0,0
2025-04-24,A02,9,5362.3,0.0,False,0,1
2025-04-24,A03,3,1208.0,0.0,False,0,0
2025-04-24,A04,2,0.0,544.0,False,2,0
2025-04-24,A05,21,2723.0,3635.0,False,0,1
2025-04-24,A06,6,11038.0,0.0,False,0,2
2025-04-24,A07,35,642.0,735.0,False,0,0
2025-04-24,A08,4,112.0,0.0,False,0,0
2025-04-24,A09,8,670.0,0.0,False,0,0
2025-04-24,A10,13,109.0,8386.0,False,0,0
2025-04-24,B01,3,263.0,0.0,False,0,0
2025-04-24,B02,2,977.0,0.0,False,0,0
2025-04-24,B03,1,483.0,0.0,False,0,0
2025-04-24,B04,4,627.0,0.0,False,0,0
2025-04-24,B05,3,394.0,0.0,False,0,0
2025-04-24,B06,0,558.0,0.0,False,0,0
2025-04-24,B07,75,5523.2,4944.0,False,0,1
2025-04-24,B08,5,1637.0,0.0,False,0,0
2025-04-24,B09,0,379.0,697.0,False,0,0
2025-04-24,B10,2,80.0,0.0,False,0,0
2025-04-24,B11,1,248.0,960.0,False,0,0
2025-04-24,B12,4,0.0,1782.0,False,4,0
2025-04-24,C01,0,59.0,0.0,False,0,0
2025-04-24,C02,1,484.0,0.0,False,0,0
2025-04-24,C03,0,112.0,0.0,False,0,0
2025-04-24,C04,1,391.0,0.0,False,0,0
2025-04-24,C05,1,323.0,0.0,False,0,0
2025-04-24,C06,2,382.0,0.0,False,0,0
2025-04-24,C07,10,439.0,0.0,False,0,0
2025-04-24,C08,0,85.0,0.0,False,0,0
2025-04-25,A01,108,2242.0,0.0,False,0,0
2025-04-25,A02,9,5071.0,0.0,False,0,1
2025-04-25,A03,3,1205.0,0.0,False,0,0
2025-04-25,A04,8,0.0,544.0,False,8,0
2025-04-25,A05,40,2682.0,3635.0,False,0,1
2025-04-25,A06,19,11017.0,0.0,False,0,2
2025-04-25,A07,8,634.0,735.0,False,0,0
2025-04-25,A08,4,108.0,0.0,False,0,0
2025-04-25,A09,3,667.0,0.0,False,0,0
2025-04-25,A10,291,0.0,8386.0,False,182,0
2025-04-25,B01,7,256.0,0.0,False,0,0
2025-04-25,B02,25,952.0,0.0,False,0,0
2025-04-25,B03,3,480.0,0.0,False,0,0
2025-04-25,B04,12,615.0,0.0,False,0,0
2025-04-25,B05,0,394.0,0.0,False,0,0
2025-04-25,B06,51,507.0,0.0,False,0,0
2025-04-25,B07,56,5187.0,4944.0,False,0,1
2025-04-25,B08,3,1634.0,0.0,False,0,0
2025-04-25,B09,4,375.0,697.0,False,0,0
2025-04-25,B10,3,77.0,0.0,False,0,0
2025-04-25,B11,7,241.0,960.0,False,0,0
2025-04-25,B12,2,0.0,1782.0,False,2,0
2025-04-25,C01,0,59.0,0.0,False,0,0
2025-04-25,C02,2,482.0,0.0,False,0,0
2025-04-25,C03,3,109.0,0.0,False,0,0
2025-04-25,C04,6,385.0,0.0,False,0,0
2025-04-25,C05,0,323.0,0.0,False,0,0
2025-04-25,C06,0,382.0,0.0,False,0,0
2025-04-25,C07,3,436.0,0.0,False,0,0
2025-04-25,C08,1,84.0,0.0,False,0,0
2025-04-26,A01,2,2240.0,0.0,False,0,0
2025-04-26,A02,5,5065.0,0.0,False,0,1
2025-04-26,A03,5,1200.0,0.0,False,0,0
2025-04-26,A04,0,0.0,544.0,False,0,0
2025-04-26,A05,2,2679.0,3635.0,False,0,1
2025-04-26,A06,191,9440.1,7292.0,True,0,2
2025-04-26,A07,5,629.0,735.0,False,0,0
2025-04-26,A08,0,100.8,0.0,False,0,0
2025-04-26,A09,7,660.0,0.0,False,0,0
2025-04-26,A10,62,0.0,8386.0,False,62,0
2025-04-26,B01,3,253.0,0.0,False,0,0
2025-04-26,B02,9,943.0,0.0,False,0,0
2025-04-26,B03,6,474.0,0.0,False,0,0
2025-04-26,B04,3,612.0,0.0,False,0,0
2025-04-26,B05,0,394.0,0.0,False,0,0
2025-04-26,B06,11,496.0,0.0,False,0,0
2025-04-26,B07,79,4613.8,4944.0,False,0,1
2025-04-26,B08,79,1555.0,0.0,False,0,0
2025-04-26,B09,34,341.0,697.0,False,0,0
2025-04-26,B10,2,75.0,0.0,False,0,0
2025-04-26,B11,7,267.9,960.0,False,0,0
2025-04-26,B12,0,0.0,1782.0,False,0,0
2025-04-26,C01,0,59.0,0.0,False,0,0
2025-04-26,C02,1,526.9,0.0,False,0,0
2025-04-26,C03,0,109.0,0.0,False,0,0
2025-04-26,C04,0,385.0,0.0,False,0,0
2025-04-26,C05,4,319.0,0.0,False,0,0
2025-04-26,C06,4,378.0,0.0,False,0,0
2025-04-26,C07,2,434.0,0.0,False,0,0
2025-04-26,C08,0,74.8,0.0,False,0,0
2025-04-27,A01,14,2226.0,0.0,False,0,0
2025-04-27,A02,69,4995.0,0.0,False,0,1
2025-04-27,A03,2,1198.0,0.0,False,0,0
2025-04-27,A04,1,0.0,544.0,False,1,0
2025-04-27,A05,29,2649.0,3635.0,False,0,1
2025-04-27,A06,493,10329.0,7292.0,False,0,2
2025-04-27,A07,57,572.0,735.0,False,0,0
2025-04-27,A08,0,108.0,0.0,False,0,0
2025-04-27,A09,3,657.0,0.0,False,0,0
2025-04-27,A10,302,0.0,8386.0,False,302,0
2025-04-27,B01,7,246.0,0.0,False,0,0
2025-04-27,B02,0,943.0,0.0,False,0,0
2025-04-27,B03,16,458.0,0.0,False,0,0
2025-04-27,B04,8,604.0,0.0,False,0,0
2025-04-27,B05,3,391.0,0.0,False,0,0
2025-04-27,B06,67,429.0,0.0,False,0,0
2025-04-27,B07,87,5066.4,4944.0,False,0,1
2025-04-27,B08,57,1498.0,1918.0,True,0,0
2025-04-27,B09,11,330.0,697.0,False,0,0
2025-04-27,B10,4,71.0,0.0,False,0,0
2025-04-27,B11,8,206.4,960.0,False,0,0
2025-04-27,B12,80,0.0,1782.0,False,80,0
2025-04-27,C01,0,59.0,0.0,False,0,0
2025-04-27,C02,13,468.0,0.0,False,0,0
2025-04-27,C03,0,109.0,0.0,False,0,0
2025-04-27,C04,1,384.0,0.0,False,0,0
2025-04-27,C05,0,319.0,0.0,False,0,0
2025-04-27,C06,4,374.0,0.0,False,0,0
2025-04-27,C07,1,433.0,0.0,False,0,0
2025-04-27,C08,1,83.0,0.0,False,0,0
2025-04-28,A01,0,2226.0,0.0,False,0,0
2025-04-28,A02,0,4994.0,0.0,False,0,1
2025-04-28,A03,10,1188.0,0.0,False,0,0
2025-04-28,A04,0,0.0,544.0,False,0,0
2025-04-28,A05,60,2962.4,3635.0,False,0,1
2025-04-28,A06,26,10301.0,7292.0,False,0,2
2025-04-28,A07,8,564.0,735.0,False,0,0
2025-04-28,A08,4,108.5,0.0,False,0,0
2025-04-28,A09,8,618.0,0.0,False,0,0
2025-04-28,A10,370,0.0,8386.0,False,370,0
2025-04-28,B01,1,245.0,0.0,False,0,0
2025-04-28,B02,1,942.0,0.0,False,0,0
2025-04-28,B03,0,458.0,0.0,False,0,0
2025-04-28,B04,2,602.0,0.0,False,0,0
2025-04-28,B05,0,391.0,0.0,False,0,0
2025-04-28,B06,9,420.0,0.0,False,0,0
2025-04-28,B07,24,4994.0,4944.0,False,0,1
2025-04-28,B08,43,1455.0,1918.0,False,0,0
2025-04-28,B09,27,303.0,697.0,False,0,0
2025-04-28,B10,2,69.0,0.0,False,0,0
2025-04-28,B11,10,216.0,960.0,False,0,0
2025-04-28,B12,20,0.0,1782.0,False,20,0
2025-04-28,C01,0,59.0,0.0,False,0,0
2025-04-28,C02,5,463.0,0.0,False,0,0
2025-04-28,C03,0,109.0,0.0,False,0,0
2025-04-28,C04,3,381.0,0.0,False,0,0
2025-04-28,C05,2,317.0,0.0,False,0,0
2025-04-28,C06,1,373.0,0.0,False,0,0
2025-04-28,C07,0,433.0,0.0,False,0,0
2025-04-28,C08,1,82.0,0.0,False,0,0
2025-04-29,A01,89,2137.0,0.0,False,0,0
2025-04-29,A02,139,4724.7,0.0,False,0,1
2025-04-29,A03,1,1318.9,0.0,False,0,0
2025-04-29,A04,2,0.0,544.0,False,2,0
2025-04-29,A05,11,2576.0,3635.0,False,0,1
2025-04-29,A06,46,10253.0,7292.0,False,0,2
2025-04-29,A07,62,502.0,735.0,False,0,0
2025-04-29,A08,9,95.0,332.0,True,0,0
2025-04-29,A09,1,648.0,0.0,False,0,0
2025-04-29,A10,0,0.0,8386.0,False,0,0
2025-04-29,B01,7,238.0,0.0,False,0,0
2025-04-29,B02,6,936.0,0.0,False,0,0
2025-04-29,B03,7,451.0,0.0,False,0,0
2025-04-29,B04,0,602.0,0.0,False,0,0
2025-04-29,B05,0,391.0,0.0,False,0,0
2025-04-29,B06,11,409.0,0.0,False,0,0
2025-04-29,B07,221,4772.0,4944.0,False,0,1
2025-04-29,B08,41,1414.0,1918.0,False,0,0
2025-04-29,B09,4,299.0,697.0,False,0,0
2025-04-29,B10,5,64.0,222.0,True,0,0
2025-04-29,B11,7,209.0,960.0,False,0,0
2025-04-29,B12,59,0.0,1782.0,False,59,0
2025-04-29,C01,0,59.0,0.0,False,0,0
2025-04-29,C02,1,462.0,0.0,False,0,0
2025-04-29,C03,0,109.0,0.0,False,0,0
2025-04-29,C04,2,379.0,0.0,False,0,0
2025-04-29,C05,1,316.0,0.0,False,0,0
2025-04-29,C06,5,368.0,0.0,False,0,0
2025-04-29,C07,5,428.0,0.0,False,0,0
2025-04-29,C08,0,82.0,0.0,False,0,0
2025-04-30,A01,44,2093.0,0.0,False,0,0
2025-04-30,A02,46,4807.0,0.0,False,0,1
2025-04-30,A03,17,1170.0,0.0,False,0,0
2025-04-30,A04,0,0.0,544.0,False,0,0
2025-04-30,A05,74,2501.0,3635.0,False,0,1
2025-04-30,A06,5,10246.0,7292.0,False,0,2
2025-04-30,A07,29,473.0,735.0,False,0,0
2025-04-30,A08,16,79.0,332.0,False,0,0
2025-04-30,A09,3,645.0,0.0,False,0,0
2025-04-30,A10,503,0.0,8386.0,False,503,0
2025-04-30,B01,1,237.0,0.0,False,0,0
2025-04-30,B02,23,913.0,0.0,False,0,0
2025-04-30,B03,0,451.0,0.0,False,0,0
2025-04-30,B04,5,597.0,0.0,False,0,0
2025-04-30,B05,0,391.0,0.0,False,0,0
2025-04-30,B06,97,336.3,0.0,False,0,0
2025-04-30,B07,294,4477.0,4944.0,False,0,1
2025-04-30,B08,37,1238.1,1918.0,False,0,0
2025-04-30,B09,8,291.0,697.0,False,0,0
2025-04-30,B10,5,59.0,222.0,False,0,0
2025-04-30,B11,52,157.0,960.0,False,0,0
2025-04-30,B12,9,0.0,1782.0,False,9,0
2025-04-30,C01,0,59.0,0.0,False,0,0
2025-04-30,C02,0,462.0,0.0,False,0,0
2025-04-30,C03,1,99.0,0.0,False,0,0
2025-04-30,C04,0,379.0,0.0,False,0,0
2025-04-30,C05,0,316.0,0.0,False,0,0
2025-04-30,C06,0,363.3,0.0,False,0,0
2025-04-30,C07,1,427.0,0.0,False,0,0
2025-04-30,C08,3,79.0,0.0,False,0,0
2025-05-01,A01,0,2093.0,0.0,False,0,0
2025-05-01,A02,31,4775.0,0.0,False,0,1
2025-05-01,A03,0,1170.0,0.0,False,0,0
2025-05-01,A04,0,0.0,544.0,False,0,0
2025-05-01,A05,162,2339.0,3635.0,False,0,0
2025-05-01,A06,24,10220.0,7292.0,False,0,2
2025-05-01,A07,69,404.0,735.0,False,0,0
2025-05-01,A08,1,78.0,332.0,False,0,0
2025-05-01,A09,4,641.0,0.0,False,0,0
2025-05-01,A10,27,0.0,8386.0,False,27,0
2025-05-01,B01,1,236.0,0.0,False,0,0
2025-05-01,B02,0,913.0,0.0,False,0,0
2025-05-01,B03,5,446.0,0.0,False,0,0
2025-05-01,B04,16,581.0,0.0,False,0,0
2025-05-01,B05,0,391.0,0.0,False,0,0
2025-05-01,B06,1,311.0,0.0,False,0,0
2025-05-01,B07,1,4475.0,4944.0,False,0,1
2025-05-01,B08,2,1375.0,1918.0,False,0,0
2025-05-01,B09,4,287.0,697.0,False,0,0
2025-05-01,B10,8,51.0,222.0,False,0,0
2025-05-01,B11,0,157.0,960.0,False,0,0
2025-05-01,B12,45,0.0,1782.0,False,45,0
2025-05-01,C01,0,59.0,0.0,False,0,0
2025-05-01,C02,10,452.0,0.0,False,0,0
2025-05-01,C03,0,108.0,0.0,False,0,0
2025-05-01,C04,0,377.4,0.0,False,0,0
2025-05-01,C05,3,313.0,0.0,False,0,0
2025-05-01,C06,0,368.0,0.0,False,0,0
2025-05-01,C07,0,427.0,0.0,False,0,0
2025-05-01,C08,0,79.0,0.0,False,0,0
2025-05-02,A01,153,1940.0,0.0,False,0,0
2025-05-02,A02,135,4639.0,0.0,False,0,1
2025-05-02,A03,3,1167.0,0.0,False,0,0
2025-05-02,A04,6,0.0,544.0,False,6,0
2025-05-02,A05,59,2280.0,3635.0,False,0,0
2025-05-02,A06,478,9740.0,7292.0,False,0,2
2025-05-02,A07,2,402.0,735.0,False,0,0
2025-05-02,A08,8,73.7,332.0,False,0,0
2025-05-02,A09,0,641.0,0.0,False,0,0
2025-05-02,A10,133,0.0,8386.0,False,133,0
2025-05-02,B01,2,234.0,0.0,False,0,0
2025-05-02,B02,44,788.8,1627.0,True,0,0
2025-05-02,B03,1,445.0,0.0,False,0,0
2025-05-02,B04,5,576.0,0.0,False,0,0
2025-05-02,B05,1,390.0,0.0,False,0,0
2025-05-02,B06,13,298.0,1162.0,True,0,0
2025-05-02,B07,67,4407.0,4944.0,False,0,1
2025-05-02,B08,5,1370.0,1918.0,False,0,0
2025-05-02,B09,13,274.0,697.0,False,0,0
2025-05-02,B10,2,49.0,222.0,False,0,0
2025-05-02,B11,62,89.3,960.0,False,0,0
2025-05-02,B12,12,0.0,1782.0,False,12,0
2025-05-02,C01,0,59.0,0.0,False,0,0
2025-05-02,C02,4,448.0,0.0,False,0,0
2025-05-02,C03,1,107.0,0.0,False,0,0
2025-05-02,C04,2,377.0,0.0,False,0,0
2025-05-02,C05,0,313.0,0.0,False,0,0
2025-05-02,C06,1,367.0,0.0,False,0,0
2025-05-02,C07,7,420.0,0.0,False,0,0
2025-05-02,C08,1,78.0,0.0,False,0,0
2025-05-03,A01,11,1929.0,1074.0,True,0,0
2025-05-03,A02,8,4630.0,0.0,False,0,1
2025-05-03,A03,0,1167.0,0.0,False,0,0
2025-05-03,A04,0,0.0,544.0,False,0,0
2025-05-03,A05,241,2039.0,3635.0,False,0,0
2025-05-03,A06,17,9721.0,7292.0,False,0,2
2025-05-03,A07,12,441.0,735.0,False,0,0
2025-05-03,A08,5,65.0,332.0,False,0,0
2025-05-03,A09,14,627.0,0.0,False,0,0
2025-05-03,A10,34,0.0,8386.0,False,34,0
2025-05-03,B01,10,224.0,0.0,False,0,0
2025-05-03,B02,0,773.8,1627.0,False,0,0
2025-05-03,B03,0,445.0,0.0,False,0,0
2025-05-03,B04,5,571.0,0.0,False,0,0
2025-05-03,B05,0,390.0,0.0,False,0,0
2025-05-03,B06,12,286.0,1162.0,False,0,0
2025-05-03,B07,37,4369.0,4944.0,False,0,1
2025-05-03,B08,2,1368.0,1918.0,False,0,0
2025-05-03,B09,0,274.0,697.0,False,0,0
2025-05-03,B10,0,49.0,222.0,False,0,0
2025-05-03,B11,7,88.0,960.0,False,0,0
2025-05-03,B12,0,0.0,1782.0,False,0,0
2025-05-03,C01,0,59.0,0.0,False,0,0
2025-05-03,C02,5,443.0,0.0,False,0,0
2025-05-03,C03,0,92.2,0.0,False,0,0
2025-05-03,C04,7,370.0,0.0,False,0,0
2025-05-03,C05,0,290.5,0.0,False,0,0
2025-05-03,C06,0,367.0,0.0,False,0,0
2025-05-03,C07,0,420.0,0.0,False,0,0
2025-05-03,C08,2,76.0,0.0,False,0,0
2025-05-04,A01,2,1927.0,1074.0,False,0,0
2025-05-04,A02,102,4527.0,0.0,False,0,1
2025-05-04,A03,6,1161.0,0.0,False,0,0
2025-05-04,A04,1,0.0,544.0,False,1,0
2025-05-04,A05,59,1980.0,3635.0,False,0,0
2025-05-04,A06,107,9612.0,7292.0,False,0,2
2025-05-04,A07,0,390.0,735.0,False,0,0
2025-05-04,A08,3,62.0,332.0,False,0,0
2025-05-04,A09,6,621.0,0.0,False,0,0
2025-05-04,A10,21,0.0,8386.0,False,21,0
2025-05-04,B01,7,210.2,0.0,False,0,0
2025-05-04,B02,1,868.0,1627.0,False,0,0
2025-05-04,B03,0,445.0,0.0,False,0,0
2025-05-04,B04,1,570.0,0.0,False,0,0
2025-05-04,B05,0,390.0,0.0,False,0,0
2025-05-04,B06,0,286.0,1162.0,False,0,0
2025-05-04,B07,27,4341.0,4944.0,False,0,1
2025-05-04,B08,41,1327.0,1918.0,False,0,0
2025-05-04,B09,0,274.0,697.0,False,0,0
2025-05-04,B10,0,49.0,222.0,False,0,0
2025-05-04,B11,9,79.0,960.0,False,0,0
2025-05-04,B12,1,0.0,1782.0,False,1,0
2025-05-04,C01,1,58.0,0.0,False,0,0
2025-05-04,C02,4,439.0,0.0,False,0,0
2025-05-04,C03,0,107.0,0.0,False,0,0
2025-05-04,C04,1,369.0,0.0,False,0,0
2025-05-04,C05,0,313.0,0.0,False,0,0
2025-05-04,C06,0,382.8,0.0,False,0,0
2025-05-04,C07,2,418.0,0.0,False,0,0
2025-05-04,C08,0,76.0,0.0,False,0,0
2025-05-05,A01,21,1906.0,1074.0,False,0,0
2025-05-05,A02,39,5151.5,0.0,False,0,1
2025-05-05,A03,51,1110.0,0.0,False,0,0
2025-05-05,A04,3,0.0,544.0,False,3,0
2025-05-05,A05,8,1972.0,3635.0,False,0,0
2025-05-05,A06,144,9466.0,7292.0,False,0,2
2025-05-05,A07,15,375.0,735.0,False,0,0
2025-05-05,A08,0,62.0,332.0,False,0,0
2025-05-05,A09,0,621.0,0.0,False,0,0
2025-05-05,A10,478,0.0,8386.0,False,478,0
2025-05-05,B01,1,216.0,0.0,False,0,0
2025-05-05,B02,27,841.0,1627.0,False,0,0
2025-05-05,B03,3,442.0,0.0,False,0,0
2025-05-05,B04,3,567.0,0.0,False,0,0
2025-05-05,B05,5,385.0,0.0,False,0,0
2025-05-05,B06,8,278.0,1162.0,False,0,0
2025-05-05,B07,70,3661.4,4944.0,False,0,1
2025-05-05,B08,28,1299.0,1918.0,False,0,0
2025-05-05,B09,2,272.0,697.0,False,0,0
2025-05-05,B10,3,46.0,222.0,False,0,0
2025-05-05,B11,9,70.0,960.0,False,0,0
2025-05-05,B12,0,0.0,1782.0,False,0,0
2025-05-05,C01,0,58.0,0.0,False,0,0
2025-05-05,C02,7,432.0,0.0,False,0,0
2025-05-05,C03,0,107.0,0.0,False,0,0
2025-05-05,C04,0,369.0,0.0,False,0,0
2025-05-05,C05,0,313.0,0.0,False,0,0
2025-05-05,C06,2,361.1,0.0,False,0,0
2025-05-05,C07,1,417.0,0.0,False,0,0
2025-05-05,C08,1,75.0,0.0,False,0,0
2025-05-06,A01,21,1885.0,1074.0,False,0,0
2025-05-06,A02,50,4436.0,0.0,False,0,1
2025-05-06,A03,0,989.0,0.0,False,0,0
2025-05-06,A04,0,0.0,544.0,False,0,0
2025-05-06,A05,11,1961.0,3635.0,False,0,0
2025-05-06,A06,37,9427.0,7292.0,False,0,2
2025-05-06,A07,23,352.0,735.0,False,0,0
2025-05-06,A08,9,53.0,332.0,False,0,0
2025-05-06,A09,1,620.0,0.0,False,0,0
2025-05-06,A10,530,0.0,8386.0,False,530,0
2025-05-06,B01,1,215.0,0.0,False,0,0
2025-05-06,B02,0,841.0,1627.0,False,0,0
2025-05-06,B03,9,433.0,0.0,False,0,0
2025-05-06,B04,7,560.0,0.0,False,0,0
2025-05-06,B05,0,385.0,0.0,False,0,0
2025-05-06,B06,6,272.0,1162.0,False,0,0
2025-05-06,B07,486,3783.0,4944.0,False,0,1
2025-05-06,B08,20,1279.0,1918.0,False,0,0
2025-05-06,B09,8,264.0,697.0,False,0,0
2025-05-06,B10,1,45.0,222.0,False,0,0
2025-05-06,B11,5,65.0,960.0,False,0,0
2025-05-06,B12,11,0.0,1782.0,False,11,0
2025-05-06,C01,1,57.0,0.0,False,0,0
2025-05-06,C02,0,432.0,0.0,False,0,0
2025-05-06,C03,0,107.0,0.0,False,0,0
2025-05-06,C04,0,387.4,0.0,False,0,0
2025-05-06,C05,0,313.0,0.0,False,0,0
2025-05-06,C06,3,362.0,0.0,False,0,0
2025-05-06,C07,6,411.0,0.0,False,0,0
2025-05-06,C08,0,75.0,0.0,False,0,0
2025-05-07,A01,15,1806.5,1074.0,False,0,0
2025-05-07,A02,36,4399.0,0.0,False,0,1
2025-05-07,A03,2,1108.0,0.0,False,0,0
2025-05-07,A04,1,0.0,544.0,False,1,0
2025-05-07,A05,19,1942.0,3635.0,False,0,0
2025-05-07,A06,185,9240.0,7292.0,False,0,2
2025-05-07,A07,20,332.0,735.0,False,0,0
2025-05-07,A08,4,49.0,332.0,False,0,0
2025-05-07,A09,6,614.0,0.0,False,0,0
2025-05-07,A10,247,0.0,8386.0,False,247,0
2025-05-07,B01,1,214.0,0.0,False,0,0
2025-05-07,B02,16,825.0,1627.0,False,0,0
2025-05-07,B03,10,423.0,0.0,False,0,0
2025-05-07,B04,2,558.0,0.0,False,0,0
2025-05-07,B05,1,384.0,0.0,False,0,0
2025-05-07,B06,19,253.0,1162.0,False,0,0
2025-05-07,B07,54,3728.0,4944.0,False,0,1
2025-05-07,B08,3,1276.0,1918.0,False,0,0
2025-05-07,B09,2,262.0,697.0,False,0,0
2025-05-07,B10,0,45.0,222.0,False,0,0
2025-05-07,B11,0,65.0,960.0,False,0,0
2025-05-07,B12,1,0.0,1782.0,False,1,0
2025-05-07,C01,0,57.0,0.0,False,0,0
2025-05-07,C02,11,421.0,0.0,False,0,0
2025-05-07,C03,0,107.0,0.0,False,0,0
2025-05-07,C04,0,369.0,0.0,False,0,0
2025-05-07,C05,1,312.0,0.0,False,0,0
2025-05-07,C06,3,345.5,0.0,False,0,0
2025-05-07,C07,8,425.6,0.0,False,0,0
2025-05-07,C08,0,75.0,0.0,False,0,0
2025-05-08,A01,101,1769.0,1074.0,False,0,0
2025-05-08,A02,83,4315.0,0.0,False,0,1
2025-05-08,A03,17,1153.2,0.0,False,0,0
2025-05-08,A04,1,0.0,544.0,False,1,0
2025-05-08,A05,67,1875.0,3635.0,False,0,0
2025-05-08,A06,26,9212.0,7292.0,False,0,2
2025-05-08,A07,4,328.0,735.0,False,0,0
2025-05-08,A08,2,50.7,332.0,False,0,0
2025-05-08,A09,3,611.0,0.0,False,0,0
2025-05-08,A10,56,0.0,8386.0,False,56,0
2025-05-08,B01,20,178.1,0.0,False,0,0
2025-05-08,B02,35,790.0,1627.0,False,0,0
2025-05-08,B03,1,422.0,0.0,False,0,0
2025-05-08,B04,2,556.0,0.0,False,0,0
2025-05-08,B05,0,384.0,0.0,False,0,0
2025-05-08,B06,15,238.0,1162.0,False,0,0
2025-05-08,B07,45,3682.0,4944.0,False,0,1
2025-05-08,B08,11,1265.0,1918.0,False,0,0
2025-05-08,B09,5,257.0,697.0,False,0,0
2025-05-08,B10,1,44.0,222.0,False,0,0
2025-05-08,B11,35,30.0,960.0,False,0,0
2025-05-08,B12,0,0.0,1782.0,False,0,0
2025-05-08,C01,8,41.9,37.0,True,0,0
2025-05-08,C02,30,391.0,0.0,False,0,0
2025-05-08,C03,0,107.0,0.0,False,0,0
2025-05-08,C04,0,369.0,0.0,False,0,0
2025-05-08,C05,1,311.0,0.0,False,0,0
2025-05-08,C06,1,358.0,0.0,False,0,0
2025-05-08,C07,3,400.0,0.0,False,0,0
2025-05-08,C08,1,74.0,0.0,False,0,0
2025-05-09,A01,1,1768.0,1074.0,False,0,0
2025-05-09,A02,41,4273.0,2375.0,True,0,1
2025-05-09,A03,5,1086.0,0.0,False,0,0
2025-05-09,A04,3,0.0,544.0,False,3,0
2025-05-09,A05,56,1819.0,3635.0,False,0,0
2025-05-09,A06,2,9560.5,7292.0,False,0,2
2025-05-09,A07,17,311.0,735.0,False,0,0
2025-05-09,A08,4,43.0,332.0,False,0,0
2025-05-09,A09,0,611.0,0.0,False,0,0
2025-05-09,A10,270,0.0,8386.0,False,270,0
2025-05-09,B01,2,192.0,0.0,False,0,0
2025-05-09,B02,3,787.0,1627.0,False,0,0
2025-05-09,B03,2,420.0,0.0,False,0,0
2025-05-09,B04,2,554.0,0.0,False,0,0
2025-05-09,B05,2,382.0,0.0,False,0,0
2025-05-09,B06,12,257.6,1162.0,False,0,0
2025-05-09,B07,40,3641.0,4944.0,False,0,1
2025-05-09,B08,0,1265.0,1918.0,False,0,0
2025-05-09,B09,0,257.0,697.0,False,0,0
2025-05-09,B10,1,43.0,222.0,False,0,0
2025-05-09,B11,4,26.0,960.0,False,0,0
2025-05-09,B12,6,0.0,1782.0,False,6,0
2025-05-09,C01,0,52.0,37.0,False,0,0
2025-05-09,C02,1,356.5,0.0,False,0,0
2025-05-09,C03,0,107.0,0.0,False,0,0
2025-05-09,C04,5,364.0,0.0,False,0,0
2025-05-09,C05,0,354.7,0.0,False,0,0
2025-05-09,C06,1,357.0,0.0,False,0,0
2025-05-09,C07,2,398.0,0.0,False,0,0
2025-05-09,C08,0,77.4,0.0,False,0,0
2025-05-10,A01,12,1756.0,1074.0,False,0,0
2025-05-10,A02,129,4143.0,2375.0,False,0,1
2025-05-10,A03,10,1076.0,0.0,False,0,0
2025-05-10,A04,1,0.0,544.0,False,1,0
2025-05-10,A05,278,1690.8,3635.0,False,0,0
2025-05-10,A06,454,8752.0,7292.0,False,0,2
2025-05-10,A07,7,304.0,735.0,False,0,0
2025-05-10,A08,7,36.0,332.0,False,0,0
2025-05-10,A09,1,610.0,0.0,False,0,0
2025-05-10,A10,134,0.0,8386.0,False,134,0
2025-05-10,B01,5,187.0,0.0,False,0,0
2025-05-10,B02,0,787.0,1627.0,False,0,0
2025-05-10,B03,3,417.0,0.0,False,0,0
2025-05-10,B04,0,554.0,0.0,False,0,0
2025-05-10,B05,0,382.0,0.0,False,0,0
2025-05-10,B06,10,216.0,1162.0,False,0,0
2025-05-10,B07,1,3639.0,4944.0,False,0,1
2025-05-10,B08,3,1262.0,1918.0,False,0,0
2025-05-10,B09,14,243.0,697.0,False,0,0
2025-05-10,B10,2,41.0,222.0,False,0,0
2025-05-10,B11,2,24.0,960.0,False,0,0
2025-05-10,B12,1,0.0,1782.0,False,1,0
2025-05-10,C01,3,46.0,37.0,False,0,0
2025-05-10,C02,11,379.0,0.0,False,0,0
2025-05-10,C03,0,107.0,0.0,False,0,0
2025-05-10,C04,0,364.0,0.0,False,0,0
2025-05-10,C05,3,308.0,0.0,False,0,0
2025-05-10,C06,6,351.0,0.0,False,0,0
2025-05-10,C07,6,392.0,0.0,False,0,0
2025-05-10,C08,0,74.0,0.0,False,0,0
2025-05-11,A01,71,1685.0,1074.0,False,0,0
2025-05-11,A02,84,3512.9,2375.0,False,0,1
2025-05-11,A03,6,1070.0,0.0,False,0,0
2025-05-11,A04,3,0.0,544.0,False,3,0
2025-05-11,A05,522,1019.0,7543.0,True,0,0
2025-05-11,A06,3,8747.0,7292.0,False,0,2
2025-05-11,A07,3,313.9,735.0,False,0,0
2025-05-11,A08,2,34.0,332.0,False,0,0
2025-05-11,A09,9,601.0,0.0,False,0,0
2025-05-11,A10,0,0.0,8386.0,False,0,0
2025-05-11,B01,2,185.0,0.0,False,0,0
2025-05-11,B02,4,814.4,1627.0,False,0,0
2025-05-11,B03,2,415.0,0.0,False,0,0
2025-05-11,B04,8,546.0,0.0,False,0,0
2025-05-11,B05,0,382.0,0.0,False,0,0
2025-05-11,B06,32,207.7,1162.0,False,0,0
2025-05-11,B07,416,3222.0,4944.0,False,0,1
2025-05-11,B08,46,1147.8,1918.0,False,0,0
2025-05-11,B09,0,253.7,697.0,False,0,0
2025-05-11,B10,1,40.0,222.0,False,0,0
2025-05-11,B11,9,15.0,960.0,False,0,0
2025-05-11,B12,6,0.0,1782.0,False,6,0
2025-05-11,C01,0,46.0,37.0,False,0,0
2025-05-11,C02,4,375.0,0.0,False,0,0
2025-05-11,C03,0,107.0,0.0,False,0,0
2025-05-11,C04,4,387.0,0.0,False,0,0
2025-05-11,C05,2,306.0,0.0,False,0,0
2025-05-11,C06,0,351.0,0.0,False,0,0
2025-05-11,C07,0,392.0,0.0,False,0,0
2025-05-11,C08,0,74.0,0.0,False,0,0
2025-05-12,A01,5,2753.0,0.0,False,0,1
2025-05-12,A02,141,3916.0,2375.0,False,0,1
2025-05-12,A03,2,1068.0,0.0,False,0,0
2025-05-12,A04,0,0.0,544.0,False,0,0
2025-05-12,A05,5,926.0,7543.0,False,0,0
2025-05-12,A06,571,8174.0,7292.0,False,0,2
2025-05-12,A07,12,289.0,735.0,False,0,0
2025-05-12,A08,3,31.0,332.0,False,0,0
2025-05-12,A09,4,640.4,0.0,False,0,0
2025-05-12,A10,10,0.0,8386.0,False,10,0
2025-05-12,B01,0,186.8,0.0,False,0,0
2025-05-12,B02,0,783.0,1627.0,False,0,0
2025-05-12,B03,3,412.0,0.0,False,0,0
2025-05-12,B04,13,533.0,0.0,False,0,0
2025-05-12,B05,0,382.0,0.0,False,0,0
2025-05-12,B06,75,109.0,1162.0,False,0,0
2025-05-12,B07,76,3145.0,4944.0,False,0,1
2025-05-12,B08,20,1196.0,1918.0,False,0,0
2025-05-12,B09,6,237.0,697.0,False,0,0
2025-05-12,B10,0,36.5,222.0,False,0,0
2025-05-12,B11,22,0.0,960.0,False,7,0
2025-05-12,B12,12,0.0,1782.0,False,12,0
2025-05-12,C01,1,45.0,37.0,False,0,0
2025-05-12,C02,4,371.0,0.0,False,0,0
2025-05-12,C03,1,106.0,0.0,False,0,0
2025-05-12,C04,3,357.0,0.0,False,0,0
2025-05-12,C05,0,336.2,0.0,False,0,0
2025-05-12,C06,0,351.0,0.0,False,0,0
2025-05-12,C07,0,392.0,0.0,False,0,0
2025-05-12,C08,0,74.0,0.0,False,0,0
2025-05-13,A01,98,2654.0,0.0,False,0,1
2025-05-13,A02,115,3372.3,2375.0,False,0,1
2025-05-13,A03,2,1066.0,0.0,False,0,0
2025-05-13,A04,4,0.0,544.0,False,4,0
2025-05-13,A05,28,986.0,7543.0,False,0,0
2025-05-13,A06,11,8161.0,7292.0,False,0,2
2025-05-13,A07,15,274.0,735.0,False,0,0
2025-05-13,A08,2,29.0,332.0,False,0,0
2025-05-13,A09,9,588.0,0.0,False,0,0
2025-05-13,A10,221,0.0,8386.0,False,221,0
2025-05-13,B01,24,161.0,0.0,False,0,0
2025-05-13,B02,41,742.0,1627.0,False,0,0
2025-05-13,B03,1,411.0,0.0,False,0,0
2025-05-13,B04,2,529.1,0.0,False,0,0
2025-05-13,B05,0,382.0,0.0,False,0,0
2025-05-13,B06,3,95.0,1162.0,False,0,0
2025-05-13,B07,31,3113.0,4944.0,False,0,1
2025-05-13,B08,69,1127.0,1918.0,False,0,0
2025-05-13,B09,4,233.0,697.0,False,0,0
2025-05-13,B10,0,40.0,222.0,False,0,0
2025-05-13,B11,15,0.0,960.0,False,15,0
2025-05-13,B12,18,0.0,1782.0,False,18,0
2025-05-13,C01,2,43.0,37.0,False,0,0
2025-05-13,C02,10,361.0,0.0,False,0,0
2025-05-13,C03,0,106.0,0.0,False,0,0
2025-05-13,C04,1,356.0,0.0,False,0,0
2025-05-13,C05,1,305.0,0.0,False,0,0
2025-05-13,C06,5,346.0,0.0,False,0,0
2025-05-13,C07,0,392.0,0.0,False,0,0
2025-05-13,C08,0,74.0,0.0,False,0,0
2025-05-14,A01,15,2638.0,0.0,False,0,1
2025-05-14,A02,44,3755.0,2375.0,False,0,1
2025-05-14,A03,28,1038.0,0.0,False,0,0
2025-05-14,A04,1,0.0,544.0,False,1,0
2025-05-14,A05,43,943.0,7543.0,False,0,0
2025-05-14,A06,704,7455.0,7292.0,False,0,2
2025-05-14,A07,27,247.0,1469.0,True,0,0
2025-05-14,A08,1,28.0,332.0,False,0,0
2025-05-14,A09,15,558.6,0.0,False,0,0
2025-05-14,A10,213,0.0,8386.0,False,213,0
2025-05-14,B01,4,157.0,351.0,True,0,0
2025-05-14,B02,3,739.0,1627.0,False,0,0
2025-05-14,B03,1,410.0,0.0,False,0,0
2025-05-14,B04,15,516.0,0.0,False,0,0
2025-05-14,B05,0,382.0,0.0,False,0,0
2025-05-14,B06,3,118.0,1162.0,False,0,0
2025-05-14,B07,57,3055.0,4944.0,False,0,1
2025-05-14,B08,84,1164.7,1918.0,False,0,0
2025-05-14,B09,0,233.0,697.0,False,0,0
2025-05-14,B10,2,38.0,222.0,False,0,0
2025-05-14,B11,18,0.0,960.0,False,18,0
2025-05-14,B12,9,0.0,1782.0,False,9,0
2025-05-14,C01,1,42.0,37.0,False,0,0
2025-05-14,C02,3,358.0,0.0,False,0,0
2025-05-14,C03,0,106.0,0.0,False,0,0
2025-05-14,C04,6,350.0,0.0,False,0,0
2025-05-14,C05,1,304.0,0.0,False,0,0
2025-05-14,C06,1,345.0,0.0,False,0,0
2025-05-14,C07,1,391.0,0.0,False,0,0
2025-05-14,C08,1,73.0,0.0,False,0,0
2025-05-15,A01,0,2637.0,0.0,False,0,1
2025-05-15,A02,83,3671.0,2375.0,False,0,1
2025-05-15,A03,4,1053.7,0.0,False,0,0
2025-05-15,A04,0,0.0,544.0,False,0,0
2025-05-15,A05,261,682.0,7543.0,False,0,0
2025-05-15,A06,484,6970.0,7292.0,False,0,1
2025-05-15,A07,3,244.0,1469.0,False,0,0
2025-05-15,A08,8,20.0,332.0,False,0,0
2025-05-15,A09,3,570.0,0.0,False,0,0
2025-05-15,A10,52,0.0,8386.0,False,52,0
2025-05-15,B01,0,171.3,351.0,False,0,0
2025-05-15,B02,6,729.8,1627.0,False,0,0
2025-05-15,B03,8,402.0,0.0,False,0,0
2025-05-15,B04,0,582.2,0.0,False,0,0
2025-05-15,B05,5,377.0,0.0,False,0,0
2025-05-15,B06,9,94.0,1162.0,False,0,0
2025-05-15,B07,14,3040.0,4944.0,False,0,1
2025-05-15,B08,2,944.3,1918.0,False,0,0
2025-05-15,B09,1,232.0,697.0,False,0,0
2025-05-15,B10,2,36.0,222.0,False,0,0
2025-05-15,B11,8,0.0,960.0,False,8,0
2025-05-15,B12,9,0.0,1782.0,False,9,0
2025-05-15,C01,0,42.0,37.0,False,0,0
2025-05-15,C02,1,357.0,0.0,False,0,0
2025-05-15,C03,2,104.0,0.0,False,0,0
2025-05-15,C04,14,336.0,0.0,False,0,0
2025-05-15,C05,1,303.0,0.0,False,0,0
2025-05-15,C06,1,344.0,0.0,False,0,0
2025-05-15,C07,2,389.0,0.0,False,0,0
2025-05-15,C08,1,72.0,0.0,False,0,0
2025-05-16,A01,1,2635.0,0.0,False,0,1
2025-05-16,A02,0,3670.0,2375.0,False,0,1
2025-05-16,A03,16,1018.0,0.0,False,0,0
2025-05-16,A04,0,0.0,544.0,False,0,0
2025-05-16,A05,2,680.0,7543.0,False,0,0
2025-05-16,A06,211,6758.0,7292.0,False,0,1
2025-05-16,A07,1,243.0,1469.0,False,0,0
2025-05-16,A08,0,20.0,332.0,False,0,0
2025-05-16,A09,14,556.0,0.0,False,0,0
2025-05-16,A10,116,0.0,8386.0,False,116,0
2025-05-16,B01,0,157.0,351.0,False,0,0
2025-05-16,B02,32,701.0,1627.0,False,0,0
2025-05-16,B03,6,396.0,0.0,False,0,0
2025-05-16,B04,1,527.0,0.0,False,0,0
2025-05-16,B05,5,372.0,0.0,False,0,0
2025-05-16,B06,11,83.0,1162.0,False,0,0
2025-05-16,B07,86,2715.1,4944.0,False,0,1
2025-05-16,B08,0,1041.0,1918.0,False,0,0
2025-05-16,B09,4,925.0,0.0,False,0,0
2025-05-16,B10,0,36.0,222.0,False,0,0
2025-05-16,B11,5,0.0,960.0,False,5,0
2025-05-16,B12,17,0.0,1782.0,False,17,0
2025-05-16,C01,0,42.0,37.0,False,0,0
2025-05-16,C02,7,350.0,0.0,False,0,0
2025-05-16,C03,0,104.0,0.0,False,0,0
2025-05-16,C04,3,333.0,0.0,False,0,0
2025-05-16,C05,2,301.0,0.0,False,0,0
2025-05-16,C06,1,343.0,0.0,False,0,0
2025-05-16,C07,5,384.0,0.0,False,0,0
2025-05-16,C08,0,72.0,0.0,False,0,0
2025-05-17,A01,28,2606.0,0.0,False,0,1
2025-05-17,A02,35,3634.0,2375.0,False,0,1
2025-05-17,A03,2,1016.0,0.0,False,0,0
2025-05-17,A04,2,0.0,544.0,False,2,0
2025-05-17,A05,58,622.0,7543.0,False,0,0
2025-05-17,A06,411,6346.0,7292.0,False,0,1
2025-05-17,A07,25,218.0,1469.0,False,0,0
2025-05-17,A08,2,18.0,332.0,False,0,0
2025-05-17,A09,23,533.0,0.0,False,0,0
2025-05-17,A10,192,0.0,8386.0,False,192,0
2025-05-17,B01,0,157.0,351.0,False,0,0
2025-05-17,B02,9,692.0,1627.0,False,0,0
2025-05-17,B03,11,385.0,0.0,False,0,0
2025-05-17,B04,0,515.0,0.0,False,0,0
2025-05-17,B05,1,381.3,0.0,False,0,0
2025-05-17,B06,1,82.0,1162.0,False,0,0
2025-05-17,B07,201,2751.0,4944.0,False,0,1
2025-05-17,B08,11,1030.0,1918.0,False,0,0
2025-05-17,B09,3,819.1,0.0,False,0,0
2025-05-17,B10,0,36.0,222.0,False,0,0
2025-05-17,B11,0,0.0,960.0,False,0,0
2025-05-17,B12,2,0.0,1782.0,False,2,0
2025-05-17,C01,1,41.0,37.0,False,0,0
2025-05-17,C02,5,345.0,0.0,False,0,0
2025-05-17,C03,0,104.0,0.0,False,0,0
2025-05-17,C04,1,332.0,0.0,False,0,0
2025-05-17,C05,1,300.0,0.0,False,0,0
2025-05-17,C06,0,343.0,0.0,False,0,0
2025-05-17,C07,0,384.0,0.0,False,0,0
2025-05-17,C08,0,72.0,0.0,False,0,0
2025-05-18,A01,20,2585.0,0.0,False,0,1
2025-05-18,A02,5,3628.0,2375.0,False,0,1
2025-05-18,A03,1,1015.0,0.0,False,0,0
2025-05-18,A04,1,0.0,544.0,False,1,0
2025-05-18,A05,24,569.6,7543.0,False,0,0
2025-05-18,A06,754,5591.0,7292.0,False,0,1
2025-05-18,A07,11,206.3,1469.0,False,0,0
2025-05-18,A08,3,15.0,332.0,False,0,0
2025-05-18,A09,11,522.0,0.0,False,0,0
2025-05-18,A10,124,0.0,8386.0,False,124,0
2025-05-18,B01,1,156.0,351.0,False,0,0
2025-05-18,B02,31,661.0,1627.0,False,0,0
2025-05-18,B03,18,367.0,0.0,False,0,0
2025-05-18,B04,3,512.0,0.0,False,0,0
2025-05-18,B05,0,371.0,0.0,False,0,0
2025-05-18,B06,3,79.0,1162.0,False,0,0
2025-05-18,B07,155,2595.0,4944.0,False,0,1
2025-05-18,B08,20,1010.0,1918.0,False,0,0
2025-05-18,B09,0,922.0,0.0,False,0,0
2025-05-18,B10,3,33.0,222.0,False,0,0
2025-05-18,B11,27,0.0,960.0,False,27,0
2025-05-18,B12,2,0.0,1782.0,False,2,0
2025-05-18,C01,0,41.0,37.0,False,0,0
2025-05-18,C02,1,344.0,0.0,False,0,0
2025-05-18,C03,1,103.0,0.0,False,0,0
2025-05-18,C04,6,326.0,0.0,False,0,0
2025-05-18,C05,1,299.0,0.0,False,0,0
2025-05-18,C06,2,341.0,0.0,False,0,0
2025-05-18,C07,0,384.0,0.0,False,0,0
2025-05-18,C08,0,72.0,0.0,False,0,0
2025-05-19,A01,60,2194.4,0.0,False,0,1
2025-05-19,A02,15,3612.0,2375.0,False,0,1
2025-05-19,A03,1,1014.0,0.0,False,0,0
2025-05-19,A04,0,0.0,544.0,False,0,0
2025-05-19,A05,109,489.0,7543.0,False,0,0
2025-05-19,A06,128,5806.0,7292.0,False,0,1
2025-05-19,A07,7,200.0,1469.0,False,0,0
2025-05-19,A08,0,13.1,332.0,False,0,0
2025-05-19,A09,1,521.0,0.0,False,0,0
2025-05-19,A10,13,0.0,8386.0,False,13,0
2025-05-19,B01,0,156.0,351.0,False,0,0
2025-05-19,B02,4,657.0,1627.0,False,0,0
2025-05-19,B03,5,362.0,747.0,True,0,0
2025-05-19,B04,1,524.9,0.0,False,0,0
2025-05-19,B05,1,370.0,0.0,False,0,0
2025-05-19,B06,74,5.0,1162.0,False,0,0
2025-05-19,B07,409,2186.0,4944.0,False,0,0
2025-05-19,B08,59,908.3,1918.0,False,0,0
2025-05-19,B09,7,915.0,0.0,False,0,0
2025-05-19,B10,2,31.0,222.0,False,0,0
2025-05-19,B11,2,0.0,960.0,False,2,0
2025-05-19,B12,7,1775.0,0.0,False,0,0
2025-05-19,C01,0,41.0,37.0,False,0,0
2025-05-19,C02,0,344.0,0.0,False,0,0
2025-05-19,C03,1,96.1,0.0,False,0,0
2025-05-19,C04,0,326.0,0.0,False,0,0
2025-05-19,C05,0,342.4,0.0,False,0,0
2025-05-19,C06,0,341.0,0.0,False,0,0
2025-05-19,C07,0,384.0,0.0,False,0,0
2025-05-19,C08,0,72.0,0.0,False,0,0
2025-05-20,A01,52,2471.0,0.0,False,0,1
2025-05-20,A02,5,3606.0,2375.0,False,0,1
2025-05-20,A03,0,1014.0,0.0,False,0,0
2025-05-20,A04,1,0.0,544.0,False,1,0
2025-05-20,A05,23,466.0,7543.0,False,0,0
2025-05-20,A06,83,5378.0,7292.0,False,0,1
2025-05-20,A07,1,199.0,1469.0,False,0,0
2025-05-20,A08,11,4.0,332.0,False,0,0
2025-05-20,A09,14,507.0,0.0,False,0,0
2025-05-20,A10,1,0.0,8386.0,False,1,0
2025-05-20,B01,7,149.0,351.0,False,0,0
2025-05-20,B02,3,654.0,1627.0,False,0,0
2025-05-20,B03,10,352.0,747.0,False,0,0
2025-05-20,B04,0,585.1,0.0,False,0,0
2025-05-20,B05,0,370.0,0.0,False,0,0
2025-05-20,B06,41,0.0,1162.0,False,36,0
2025-05-20,B07,15,2248.0,4944.0,False,0,0
2025-05-20,B08,24,800.4,1918.0,False,0,0
2025-05-20,B09,4,911.0,0.0,False,0,0
2025-05-20,B10,1,30.0,222.0,False,0,0
2025-05-20,B11,3,0.0,960.0,False,3,0
2025-05-20,B12,3,1772.0,0.0,False,0,0
2025-05-20,C01,2,39.0,37.0,False,0,0
2025-05-20,C02,2,386.0,0.0,False,0,0
2025-05-20,C03,1,101.0,0.0,False,0,0
2025-05-20,C04,7,319.0,0.0,False,0,0
2025-05-20,C05,4,295.0,0.0,False,0,0
2025-05-20,C06,0,341.0,0.0,False,0,0
2025-05-20,C07,2,382.0,0.0,False,0,0
2025-05-20,C08,0,72.0,0.0,False,0,0
2025-05-21,A01,28,2442.0,0.0,False,0,1
2025-05-21,A02,62,3543.0,2375.0,False,0,1
2025-05-21,A03,7,930.8,0.0,False,0,0
2025-05-21,A04,0,0.0,544.0,False,0,0
2025-05-21,A05,9,457.0,7543.0,False,0,0
2025-05-21,A06,177,5572.4,7292.0,False,0,1
2025-05-21,A07,10,189.0,1469.0,False,0,0
2025-05-21,A08,1,3.0,332.0,False,0,0
2025-05-21,A09,0,507.0,0.0,False,0,0
2025-05-21,A10,80,0.0,8386.0,False,80,0
2025-05-21,B01,1,148.0,351.0,False,0,0
2025-05-21,B02,12,621.3,1627.0,False,0,0
2025-05-21,B03,0,385.8,747.0,False,0,0
2025-05-21,B04,24,487.0,0.0,False,0,0
2025-05-21,B05,3,367.0,0.0,False,0,0
2025-05-21,B06,4,0.0,1162.0,False,4,0
2025-05-21,B07,21,2150.0,4944.0,False,0,0
2025-05-21,B08,2,925.0,1918.0,False,0,0
2025-05-21,B09,9,902.0,0.0,False,0,0
2025-05-21,B10,2,28.0,222.0,False,0,0
2025-05-21,B11,4,0.0,960.0,False,4,0
2025-05-21,B12,18,1754.0,0.0,False,0,0
2025-05-21,C01,0,39.0,37.0,False,0,0
2025-05-21,C02,2,364.3,0.0,False,0,0
2025-05-21,C03,0,101.0,0.0,False,0,0
2025-05-21,C04,12,307.0,0.0,False,0,0
2025-05-21,C05,2,293.0,0.0,False,0,0
2025-05-21,C06,0,341.0,0.0,False,0,0
2025-05-21,C07,0,382.0,0.0,False,0,0
2025-05-21,C08,2,70.0,0.0,False,0,0
2025-05-22,A01,15,2427.0,0.0,False,0,0
2025-05-22,A02,36,3506.0,2375.0,False,0,1
2025-05-22,A03,2,1005.0,0.0,False,0,0
2025-05-22,A04,4,0.0,544.0,False,4,0
2025-05-22,A05,22,492.8,7543.0,False,0,0
2025-05-22,A06,105,5094.0,7292.0,False,0,1
2025-05-22,A07,10,914.0,734.0,False,0,0
2025-05-22,A08,5,0.0,332.0,False,2,0
2025-05-22,A09,5,502.0,0.0,False,0,0
2025-05-22,A10,32,0.0,8386.0,False,32,0
2025-05-22,B01,3,145.0,351.0,False,0,0
2025-05-22,B02,4,638.0,1627.0,False,0,0
2025-05-22,B03,4,348.0,747.0,False,0,0
2025-05-22,B04,8,479.0,0.0,False,0,0
2025-05-22,B05,2,365.0,0.0,False,0,0
2025-05-22,B06,32,0.0,1162.0,False,32,0
2025-05-22,B07,33,2117.0,4944.0,False,0,0
2025-05-22,B08,5,920.0,1918.0,False,0,0
2025-05-22,B09,2,900.0,0.0,False,0,0
2025-05-22,B10,7,21.0,222.0,False,0,0
2025-05-22,B11,2,0.0,960.0,False,2,0
2025-05-22,B12,1,1753.0,0.0,False,0,0
2025-05-22,C01,2,37.0,37.0,False,0,0
2025-05-22,C02,5,335.0,0.0,False,0,0
2025-05-22,C03,0,101.0,0.0,False,0,0
2025-05-22,C04,0,307.0,0.0,False,0,0
2025-05-22,C05,2,267.8,0.0,False,0,0
2025-05-22,C06,5,336.0,0.0,False,0,0
2025-05-22,C07,1,381.0,0.0,False,0,0
2025-05-22,C08,0,70.0,0.0,False,0,0
2025-05-23,A01,2,2425.0,0.0,False,0,0
2025-05-23,A02,1,3504.0,2375.0,False,0,1
2025-05-23,A03,20,985.0,0.0,False,0,0
2025-05-23,A04,2,0.0,544.0,False,2,0
2025-05-23,A05,107,328.0,7543.0,False,0,0
2025-05-23,A06,298,4559.4,7292.0,False,0,1
2025-05-23,A07,15,899.0,734.0,False,0,0
2025-05-23,A08,10,0.0,332.0,False,10,0
2025-05-23,A09,0,502.0,0.0,False,0,0
2025-05-23,A10,6,0.0,8386.0,False,6,0
2025-05-23,B01,6,139.0,351.0,False,0,0
2025-05-23,B02,7,716.1,1627.0,False,0,0
2025-05-23,B03,9,339.0,747.0,False,0,0
2025-05-23,B04,0,501.6,0.0,False,0,0
2025-05-23,B05,1,364.0,0.0,False,0,0
2025-05-23,B06,1,0.0,1162.0,False,1,0
2025-05-23,B07,150,1714.1,4944.0,False,0,0
2025-05-23,B08,52,868.0,1918.0,False,0,0
2025-05-23,B09,16,884.0,0.0,False,0,0
2025-05-23,B10,7,14.0,222.0,False,0,0
2025-05-23,B11,13,0.0,960.0,False,13,0
2025-05-23,B12,12,1741.0,0.0,False,0,0
2025-05-23,C01,0,37.0,37.0,False,0,0
2025-05-23,C02,11,324.0,0.0,False,0,0
2025-05-23,C03,0,101.0,0.0,False,0,0
2025-05-23,C04,0,307.0,0.0,False,0,0
2025-05-23,C05,0,291.0,0.0,False,0,0
2025-05-23,C06,7,329.0,0.0,False,0,0
2025-05-23,C07,2,379.0,0.0,False,0,0
2025-05-23,C08,2,63.8,0.0,False,0,0
2025-05-24,A01,30,2395.0,0.0,False,0,0
2025-05-24,A02,4,3499.0,2375.0,False,0,1
2025-05-24,A03,2,841.7,0.0,False,0,0
2025-05-24,A04,0,0.0,544.0,False,0,0
2025-05-24,A05,16,312.0,7543.0,False,0,0
2025-05-24,A06,1,4793.0,7292.0,False,0,1
2025-05-24,A07,0,899.0,734.0,False,0,0
2025-05-24,A08,3,0.0,332.0,False,3,0
2025-05-24,A09,7,495.0,0.0,False,0,0
2025-05-24,A10,80,0.0,8386.0,False,80,0
2025-05-24,B01,2,137.0,351.0,False,0,0
2025-05-24,B02,13,618.0,1627.0,False,0,0
2025-05-24,B03,6,333.0,747.0,False,0,0
2025-05-24,B04,5,474.0,0.0,False,0,0
2025-05-24,B05,1,363.0,0.0,False,0,0
2025-05-24,B06,3,0.0,1162.0,False,3,0
2025-05-24,B07,36,1931.0,4944.0,False,0,0
2025-05-24,B08,10,858.0,1918.0,False,0,0
2025-05-24,B09,3,881.0,0.0,False,0,0
2025-05-24,B10,0,14.0,222.0,False,0,0
2025-05-24,B11,7,0.0,960.0,False,7,0
2025-05-24,B12,20,1721.0,0.0,False,0,0
2025-05-24,C01,1,36.0,37.0,False,0,0
2025-05-24,C02,2,319.7,0.0,False,0,0
2025-05-24,C03,0,101.0,0.0,False,0,0
2025-05-24,C04,3,304.0,0.0,False,0,0
2025-05-24,C05,2,289.0,0.0,False,0,0
2025-05-24,C06,0,329.0,0.0,False,0,0
2025-05-24,C07,0,379.0,0.0,False,0,0
2025-05-24,C08,9,59.0,0.0,False,0,0
2025-05-25,A01,24,2371.0,0.0,False,0,0
2025-05-25,A02,140,3358.0,2375.0,False,0,1
2025-05-25,A03,20,963.0,0.0,False,0,0
2025-05-25,A04,0,0.0,544.0,False,0,0
2025-05-25,A05,9,261.5,7543.0,False,0,0
2025-05-25,A06,137,4655.0,7292.0,False,0,1
2025-05-25,A07,1,898.0,734.0,False,0,0
2025-05-25,A08,16,0.0,332.0,False,16,0
2025-05-25,A09,0,495.0,0.0,False,0,0
2025-05-25,A10,71,0.0,8386.0,False,71,0
2025-05-25,B01,1,136.0,351.0,False,0,0
2025-05-25,B02,14,604.0,1627.0,False,0,0
2025-05-25,B03,3,1077.0,0.0,False,0,0
2025-05-25,B04,2,472.0,0.0,False,0,0
2025-05-25,B05,2,361.0,0.0,False,0,0
2025-05-25,B06,5,0.0,1162.0,False,5,0
2025-05-25,B07,113,1818.0,4944.0,False,0,0
2025-05-25,B08,1,857.0,1918.0,False,0,0
2025-05-25,B09,25,936.4,0.0,False,0,0
2025-05-25,B10,0,14.0,222.0,False,0,0
2025-05-25,B11,2,0.0,960.0,False,2,0
2025-05-25,B12,1,1720.0,0.0,False,0,0
2025-05-25,C01,1,35.0,37.0,False,0,0
2025-05-25,C02,1,321.0,0.0,False,0,0
2025-05-25,C03,1,100.0,0.0,False,0,0
2025-05-25,C04,6,298.0,0.0,False,0,0
2025-05-25,C05,0,289.0,0.0,False,0,0
2025-05-25,C06,7,322.0,0.0,False,0,0
2025-05-25,C07,1,378.0,0.0,False,0,0
2025-05-25,C08,1,56.4,0.0,False,0,0
2025-05-26,A01,117,2253.9,0.0,False,0,0
2025-05-26,A02,16,3478.3,2375.0,False,0,1
2025-05-26,A03,13,950.0,0.0,False,0,0
2025-05-26,A04,2,0.0,544.0,False,2,0
2025-05-26,A05,139,164.0,7543.0,False,0,0
2025-05-26,A06,168,4421.2,7292.0,False,0,1
2025-05-26,A07,87,811.0,734.0,False,0,0
2025-05-26,A08,6,0.0,332.0,False,6,0
2025-05-26,A09,0,495.0,0.0,False,0,0
2025-05-26,A10,48,0.0,8386.0,False,48,0
2025-05-26,B01,0,136.0,351.0,False,0,0
2025-05-26,B02,8,596.0,1627.0,False,0,0
2025-05-26,B03,1,1076.0,0.0,False,0,0
2025-05-26,B04,0,472.0,0.0,False,0,0
2025-05-26,B05,4,357.0,0.0,False,0,0
2025-05-26,B06,30,0.0,1162.0,False,30,0
2025-05-26,B07,24,1794.0,4944.0,False,0,0
2025-05-26,B08,0,857.0,1918.0,False,0,0
2025-05-26,B09,3,853.0,0.0,False,0,0
2025-05-26,B10,2,12.0,222.0,False,0,0
2025-05-26,B11,5,0.0,960.0,False,5,0
2025-05-26,B12,19,1701.0,0.0,False,0,0
2025-05-26,C01,0,35.0,37.0,False,0,0
2025-05-26,C02,6,315.0,0.0,False,0,0
2025-05-26,C03,1,99.0,0.0,False,0,0
2025-05-26,C04,8,290.0,0.0,False,0,0
2025-05-26,C05,0,289.0,0.0,False,0,0
2025-05-26,C06,4,318.0,0.0,False,0,0
2025-05-26,C07,0,378.0,0.0,False,0,0
2025-05-26,C08,2,56.0,0.0,False,0,0
2025-05-27,A01,1,2253.0,0.0,False,0,0
2025-05-27,A02,18,3322.0,2375.0,False,0,1
2025-05-27,A03,18,932.0,0.0,False,0,0
2025-05-27,A04,0,0.0,544.0,False,0,0
2025-05-27,A05,55,109.0,7543.0,False,0,0
2025-05-27,A06,89,4396.0,7292.0,False,0,1
2025-05-27,A07,14,771.7,734.0,False,0,0
2025-05-27,A08,2,0.0,332.0,False,2,0
2025-05-27,A09,3,492.0,0.0,False,0,0
2025-05-27,A10,375,0.0,8386.0,False,375,0
2025-05-27,B01,0,136.0,351.0,False,0,0
2025-05-27,B02,24,572.0,1627.0,False,0,0
2025-05-27,B03,4,1072.0,0.0,False,0,0
2025-05-27,B04,2,470.0,0.0,False,0,0
2025-05-27,B05,3,354.0,0.0,False,0,0
2025-05-27,B06,37,0.0,1162.0,False,37,0
2025-05-27,B07,172,1622.0,4944.0,False,0,0
2025-05-27,B08,11,846.0,1918.0,False,0,0
2025-05-27,B09,9,844.0,0.0,False,0,0
2025-05-27,B10,0,12.0,222.0,False,0,0
2025-05-27,B11,2,0.0,960.0,False,2,0
2025-05-27,B12,26,1675.0,0.0,False,0,0
2025-05-27,C01,0,35.0,37.0,False,0,0
2025-05-27,C02,16,299.0,0.0,False,0,0
2025-05-27,C03,0,99.0,0.0,False,0,0
2025-05-27,C04,0,290.0,0.0,False,0,0
2025-05-27,C05,0,289.0,0.0,False,0,0
2025-05-27,C06,4,314.0,0.0,False,0,0
2025-05-27,C07,5,373.0,0.0,False,0,0
2025-05-27,C08,0,56.0,0.0,False,0,0
2025-05-28,A01,42,2428.7,0.0,False,0,0
2025-05-28,A02,7,3314.0,2375.0,False,0,1
2025-05-28,A03,9,923.0,0.0,False,0,0
2025-05-28,A04,4,0.0,544.0,False,4,0
2025-05-28,A05,53,56.0,7543.0,False,0,0
2025-05-28,A06,1,3814.8,7292.0,False,0,1
2025-05-28,A07,27,770.0,734.0,False,0,0
2025-05-28,A08,10,0.0,332.0,False,10,0
2025-05-28,A09,2,490.0,0.0,False,0,0
2025-05-28,A10,28,0.0,8386.0,False,28,0
2025-05-28,B01,2,134.0,351.0,False,0,0
2025-05-28,B02,1,571.0,1627.0,False,0,0
2025-05-28,B03,2,1078.6,0.0,False,0,0
2025-05-28,B04,12,449.6,0.0,False,0,0
2025-05-28,B05,1,358.1,0.0,False,0,0
2025-05-28,B06,9,0.0,1162.0,False,9,0
2025-05-28,B07,55,1567.0,4944.0,False,0,0
2025-05-28,B08,1,845.0,1918.0,False,0,0
2025-05-28,B09,1,843.0,0.0,False,0,0
2025-05-28,B10,0,12.1,222.0,False,0,0
2025-05-28,B11,3,0.0,960.0,False,3,0
2025-05-28,B12,15,1660.0,0.0,False,0,0
2025-05-28,C01,0,35.0,37.0,False,0,0
2025-05-28,C02,3,296.0,0.0,False,0,0
2025-05-28,C03,0,99.0,0.0,False,0,0
2025-05-28,C04,1,289.0,0.0,False,0,0
2025-05-28,C05,1,288.0,0.0,False,0,0
2025-05-28,C06,0,314.0,0.0,False,0,0
2025-05-28,C07,5,368.0,0.0,False,0,0
2025-05-28,C08,0,56.0,0.0,False,0,0
2025-05-29,A01,144,2162.5,0.0,False,0,0
2025-05-29,A02,10,3303.0,2375.0,False,0,1
2025-05-29,A03,0,923.0,0.0,False,0,0
2025-05-29,A04,0,0.0,544.0,False,0,0
2025-05-29,A05,118,0.0,7543.0,False,62,0
2025-05-29,A06,177,4216.0,7292.0,False,0,1
2025-05-29,A07,0,770.0,734.0,False,0,0
2025-05-29,A08,12,0.0,332.0,False,12,0
2025-05-29,A09,1,489.0,0.0,False,0,0
2025-05-29,A10,86,0.0,8386.0,False,86,0
2025-05-29,B01,7,127.0,351.0,False,0,0
2025-05-29,B02,1,570.0,1627.0,False,0,0
2025-05-29,B03,6,1064.0,0.0,False,0,0
2025-05-29,B04,7,451.0,0.0,False,0,0
2025-05-29,B05,2,351.0,0.0,False,0,0
2025-05-29,B06,0,0.0,1162.0,False,0,0
2025-05-29,B07,1,1566.0,4944.0,False,0,0
2025-05-29,B08,31,814.0,1918.0,False,0,0
2025-05-29,B09,1,842.0,0.0,False,0,0
2025-05-29,B10,0,234.0,0.0,False,0,0
2025-05-29,B11,5,0.0,960.0,False,5,0
2025-05-29,B12,1,1659.0,0.0,False,0,0
2025-05-29,C01,2,33.0,37.0,False,0,0
2025-05-29,C02,4,292.0,0.0,False,0,0
2025-05-29,C03,0,99.0,0.0,False,0,0
2025-05-29,C04,0,289.0,0.0,False,0,0
2025-05-29,C05,9,279.0,0.0,False,0,0
2025-05-29,C06,2,358.5,0.0,False,0,0
2025-05-29,C07,4,364.0,0.0,False,0,0
2025-05-29,C08,1,55.0,0.0,False,0,0
2025-05-30,A01,12,2055.0,0.0,False,0,0
2025-05-30,A02,298,3004.0,2375.0,False,0,1
2025-05-30,A03,0,923.0,0.0,False,0,0
2025-05-30,A04,0,0.0,544.0,False,0,0
2025-05-30,A05,15,0.0,7543.0,False,15,0
2025-05-30,A06,505,3710.0,7292.0,False,0,1
2025-05-30,A07,0,770.0,734.0,False,0,0
2025-05-30,A08,6,0.0,332.0,False,6,0
2025-05-30,A09,1,488.0,0.0,False,0,0
2025-05-30,A10,30,0.0,8386.0,False,30,0
2025-05-30,B01,3,124.0,351.0,False,0,0
2025-05-30,B02,38,532.0,1627.0,False,0,0
2025-05-30,B03,21,1043.0,0.0,False,0,0
2025-05-30,B04,5,446.0,0.0,False,0,0
2025-05-30,B05,1,393.9,0.0,False,0,0
2025-05-30,B06,1,0.0,1162.0,False,1,0
2025-05-30,B07,77,1489.0,4944.0,False,0,0
2025-05-30,B08,84,730.0,1918.0,False,0,0
2025-05-30,B09,25,817.0,0.0,False,0,0
2025-05-30,B10,3,233.8,0.0,False,0,0
2025-05-30,B11,3,0.0,960.0,False,3,0
2025-05-30,B12,22,1617.7,0.0,False,0,0
2025-05-30,C01,0,33.0,37.0,False,0,0
2025-05-30,C02,2,290.0,0.0,False,0,0
2025-05-30,C03,1,98.0,0.0,False,0,0
2025-05-30,C04,6,283.0,0.0,False,0,0
2025-05-30,C05,0,279.0,0.0,False,0,0
2025-05-30,C06,2,310.0,0.0,False,0,0
2025-05-30,C07,1,363.0,0.0,False,0,0
2025-05-30,C08,3,52.0,0.0,False,0,0
2025-05-31,A01,16,2114.4,0.0,False,0,0
2025-05-31,A02,2,3001.0,2375.0,False,0,1
2025-05-31,A03,3,920.0,0.0,False,0,0
2025-05-31,A04,0,0.0,544.0,False,0,0
2025-05-31,A05,158,0.0,7543.0,False,158,0
2025-05-31,A06,796,2913.0,13819.0,True,0,1
2025-05-31,A07,8,762.0,734.0,False,0,0
2025-05-31,A08,0,0.0,332.0,False,0,0
2025-05-31,A09,0,488.0,0.0,False,0,0
2025-05-31,A10,46,0.0,8386.0,False,46,0
2025-05-31,B01,0,124.0,351.0,False,0,0
2025-05-31,B02,5,527.0,1627.0,False,0,0
2025-05-31,B03,0,1043.0,0.0,False,0,0
2025-05-31,B04,18,490.4,0.0,False,0,0
2025-05-31,B05,1,349.0,0.0,False,0,0
2025-05-31,B06,73,0.0,1162.0,False,73,0
2025-05-31,B07,29,1460.0,4944.0,False,0,0
2025-05-31,B08,10,720.0,1918.0,False,0,0
2025-05-31,B09,6,811.0,0.0,False,0,0
2025-05-31,B10,0,231.0,0.0,False,0,0
2025-05-31,B11,5,0.0,960.0,False,5,0
2025-05-31,B12,27,1610.0,0.0,False,0,0
2025-05-31,C01,0,33.0,37.0,False,0,0
2025-05-31,C02,11,279.0,0.0,False,0,0
2025-05-31,C03,2,96.0,0.0,False,0,0
2025-05-31,C04,0,283.0,0.0,False,0,0
2025-05-31,C05,0,279.0,0.0,False,0,0
2025-05-31,C06,3,307.0,0.0,False,0,0
2025-05-31,C07,1,362.0,0.0,False,0,0
2025-05-31,C08,0,59.3,0.0,False,0,0
2025-06-01,A01,66,1973.0,0.0,False,0,0
2025-06-01,A02,104,2896.0,2375.0,False,0,1
2025-06-01,A03,17,903.0,0.0,False,0,0
2025-06-01,A04,0,0.0,544.0,False,0,0
2025-06-01,A05,55,0.0,7543.0,False,55,0
2025-06-01,A06,962,1951.0,13819.0,False,0,0
2025-06-01,A07,1,761.0,734.0,False,0,0
2025-06-01,A08,8,0.0,332.0,False,8,0
2025-06-01,A09,2,549.6,0.0,False,0,0
2025-06-01,A10,145,0.0,8386.0,False,145,0
2025-06-01,B01,6,118.0,351.0,False,0,0
2025-06-01,B02,0,527.0,1627.0,False,0,0
2025-06-01,B03,3,1040.0,0.0,False,0,0
2025-06-01,B04,7,421.0,0.0,False,0,0
2025-06-01,B05,1,348.0,0.0,False,0,0
2025-06-01,B06,10,0.0,1162.0,False,10,0
2025-06-01,B07,33,1427.0,4944.0,False,0,0
2025-06-01,B08,54,666.0,1918.0,False,0,0
2025-06-01,B09,2,809.0,0.0,False,0,0
2025-06-01,B10,1,232.9,0.0,False,0,0
2025-06-01,B11,11,0.0,960.0,False,11,0
2025-06-01,B12,26,1584.0,0.0,False,0,0
2025-06-01,C01,0,33.0,37.0,False,0,0
2025-06-01,C02,4,275.0,0.0,False,0,0
2025-06-01,C03,0,108.4,0.0,False,0,0
2025-06-01,C04,0,283.0,0.0,False,0,0
2025-06-01,C05,0,279.0,0.0,False,0,0
2025-06-01,C06,0,307.0,0.0,False,0,0
2025-06-01,C07,1,361.0,0.0,False,0,0
2025-06-01,C08,0,52.0,0.0,False,0,0
2025-06-02,A01,89,1884.0,1119.0,True,0,0
2025-06-02,A02,118,3177.8,2375.0,False,0,1
2025-06-02,A03,8,895.0,0.0,False,0,0
2025-06-02,A04,18,0.0,544.0,False,18,0
2025-06-02,A05,16,0.0,7543.0,False,16,0
2025-06-02,A06,20,9221.0,6527.0,False,0,2
2025-06-02,A07,2,759.0,734.0,False,0,0
2025-06-02,A08,2,0.0,332.0,False,2,0
2025-06-02,A09,2,484.0,0.0,False,0,0
2025-06-02,A10,80,0.0,8386.0,False,80,0
2025-06-02,B01,2,117.2,351.0,False,0,0
2025-06-02,B02,0,527.0,1627.0,False,0,0
2025-06-02,B03,8,1032.0,0.0,False,0,0
2025-06-02,B04,2,419.0,0.0,False,0,0
2025-06-02,B05,3,345.0,0.0,False,0,0
2025-06-02,B06,5,0.0,1162.0,False,5,0
2025-06-02,B07,46,1381.0,4944.0,False,0,0
2025-06-02,B08,27,639.0,1918.0,False,0,0
2025-06-02,B09,28,781.0,0.0,False,0,0
2025-06-02,B10,14,216.0,0.0,False,0,0
2025-06-02,B11,3,0.0,960.0,False,3,0
2025-06-02,B12,7,1577.0,0.0,False,0,0
2025-06-02,C01,2,31.0,37.0,False,0,0
2025-06-02,C02,1,274.0,0.0,False,0,0
2025-06-02,C03,0,96.0,0.0,False,0,0
2025-06-02,C04,0,283.0,0.0,False,0,0
2025-06-02,C05,3,276.0,0.0,False,0,0
2025-06-02,C06,0,307.0,0.0,False,0,0
2025-06-02,C07,1,360.0,0.0,False,0,0
2025-06-02,C08,0,52.0,0.0,False,0,0
2025-06-03,A01,6,2105.1,1119.0,False,0,0
2025-06-03,A02,24,2752.0,2375.0,False,0,1
2025-06-03,A03,61,834.0,0.0,False,0,0
2025-06-03,A04,11,0.0,544.0,False,11,0
2025-06-03,A05,1,0.0,7543.0,False,1,0
2025-06-03,A06,5,9214.0,6527.0,False,0,2
2025-06-03,A07,29,730.0,734.0,False,0,0
2025-06-03,A08,21,0.0,332.0,False,21,0
2025-06-03,A09,8,476.0,0.0,False,0,0
2025-06-03,A10,9,0.0,8386.0,False,9,0
2025-06-03,B01,1,115.0,351.0,False,0,0
2025-06-03,B02,15,512.0,1627.0,False,0,0
2025-06-03,B03,3,1029.0,0.0,False,0,0
2025-06-03,B04,0,419.0,0.0,False,0,0
2025-06-03,B05,0,384.4,0.0,False,0,0
2025-06-03,B06,0,0.0,1162.0,False,0,0
2025-06-03,B07,9,1372.0,4944.0,False,0,0
2025-06-03,B08,4,635.0,1918.0,False,0,0
2025-06-03,B09,4,777.0,0.0,False,0,0
2025-06-03,B10,2,185.8,0.0,False,0,0
2025-06-03,B11,12,0.0,960.0,False,12,0
2025-06-03,B12,0,1577.0,0.0,False,0,0
2025-06-03,C01,0,31.0,37.0,False,0,0
2025-06-03,C02,1,238.9,0.0,False,0,0
2025-06-03,C03,0,96.0,0.0,False,0,0
2025-06-03,C04,0,283.0,0.0,False,0,0
2025-06-03,C05,1,275.0,0.0,False,0,0
2025-06-03,C06,5,302.0,0.0,False,0,0
2025-06-03,C07,2,314.8,0.0,False,0,0
2025-06-03,C08,0,51.2,0.0,False,0,0
2025-06-04,A01,10,1868.0,1119.0,False,0,0
2025-06-04,A02,7,2744.0,2375.0,False,0,1
2025-06-04,A03,7,827.0,0.0,False,0,0
2025-06-04,A04,0,0.0,544.0,False,0,0
2025-06-04,A05,65,0.0,7543.0,False,65,0
2025-06-04,A06,180,9205.8,6527.0,False,0,2
2025-06-04,A07,26,706.0,734.0,False,0,0
2025-06-04,A08,4,0.0,332.0,False,4,0
2025-06-04,A09,39,437.0,0.0,False,0,0
2025-06-04,A10,95,0.0,8386.0,False,95,0
2025-06-04,B01,0,115.0,351.0,False,0,0
2025-06-04,B02,1,492.7,1627.0,False,0,0
2025-06-04,B03,6,1023.0,0.0,False,0,0
2025-06-04,B04,6,413.0,0.0,False,0,0
2025-06-04,B05,0,345.0,0.0,False,0,0
2025-06-04,B06,1,0.0,1162.0,False,1,0
2025-06-04,B07,50,1322.0,4944.0,False,0,0
2025-06-04,B08,2,633.0,1918.0,False,0,0
2025-06-04,B09,1,776.0,0.0,False,0,0
2025-06-04,B10,0,214.0,0.0,False,0,0
2025-06-04,B11,28,932.0,0.0,False,0,0
2025-06-04,B12,3,1450.5,0.0,False,0,0
2025-06-04,C01,0,31.0,37.0,False,0,0
2025-06-04,C02,11,262.0,0.0,False,0,0
2025-06-04,C03,0,96.0,0.0,False,0,0
2025-06-04,C04,3,280.0,0.0,False,0,0
2025-06-04,C05,2,273.0,0.0,False,0,0
2025-06-04,C06,1,301.0,0.0,False,0,0
2025-06-04,C07,0,358.0,0.0,False,0,0
2025-06-04,C08,0,52.0,0.0,False,0,0
2025-06-05,A01,29,1839.0,1119.0,False,0,0
2025-06-05,A02,53,2690.0,2375.0,False,0,1
2025-06-05,A03,21,806.0,0.0,False,0,0
2025-06-05,A04,4,0.0,544.0,False,4,0
2025-06-05,A05,207,0.0,7543.0,False,207,0
2025-06-05,A06,3,9027.0,6527.0,False,0,2
2025-06-05,A07,0,619.5,734.0,False,0,0
2025-06-05,A08,4,0.0,332.0,False,4,0
2025-06-05,A09,12,425.0,669.0,True,0,0
2025-06-05,A10,159,0.0,8386.0,False,159,0
2025-06-05,B01,0,115.0,351.0,False,0,0
2025-06-05,B02,12,499.0,1627.0,False,0,0
2025-06-05,B03,3,1020.0,0.0,False,0,0
2025-06-05,B04,0,413.0,0.0,False,0,0
2025-06-05,B05,2,343.0,0.0,False,0,0
2025-06-05,B06,3,0.0,1162.0,False,3,0
2025-06-05,B07,37,1285.0,4944.0,False,0,0
2025-06-05,B08,48,585.0,1918.0,False,0,0
2025-06-05,B09,14,762.0,0.0,False,0,0
2025-06-05,B10,6,200.4,0.0,False,0,0
2025-06-05,B11,3,929.0,0.0,False,0,0
2025-06-05,B12,20,1554.0,0.0,False,0,0
2025-06-05,C01,0,31.0,37.0,False,0,0
2025-06-05,C02,0,262.0,0.0,False,0,0
2025-06-05,C03,0,96.0,0.0,False,0,0
2025-06-05,C04,1,279.0,0.0,False,0,0
2025-06-05,C05,0,239.0,0.0,False,0,0
2025-06-05,C06,5,296.0,0.0,False,0,0
2025-06-05,C07,0,358.0,0.0,False,0,0
2025-06-05,C08,0,52.0,0.0,False,0,0
2025-06-06,A01,2,1837.0,1119.0,False,0,0
2025-06-06,A02,2,2687.0,2375.0,False,0,1
2025-06-06,A03,4,802.0,0.0,False,0,0
2025-06-06,A04,1,0.0,544.0,False,1,0
2025-06-06,A05,6,0.0,7543.0,False,6,0
2025-06-06,A06,43,8982.0,6527.0,False,0,2
2025-06-06,A07,18,686.0,734.0,False,0,0
2025-06-06,A08,1,319.2,0.0,False,0,0
2025-06-06,A09,1,424.0,669.0,False,0,0
2025-06-06,A10,19,0.0,8386.0,False,19,0
2025-06-06,B01,0,115.0,351.0,False,0,0
2025-06-06,B02,18,481.0,1627.0,False,0,0
2025-06-06,B03,2,1018.0,0.0,False,0,0
2025-06-06,B04,8,405.0,0.0,False,0,0
2025-06-06,B05,0,343.0,0.0,False,0,0
2025-06-06,B06,7,0.0,1162.0,False,7,0
2025-06-06,B07,8,1277.0,4944.0,False,0,0
2025-06-06,B08,1,584.0,1918.0,False,0,0
2025-06-06,B09,5,757.0,0.0,False,0,0
2025-06-06,B10,0,208.0,0.0,False,0,0
2025-06-06,B11,37,892.0,0.0,False,0,0
2025-06-06,B12,22,1532.0,0.0,False,0,0
2025-06-06,C01,0,31.0,37.0,False,0,0
2025-06-06,C02,1,261.0,0.0,False,0,0
2025-06-06,C03,0,96.0,0.0,False,0,0
2025-06-06,C04,2,277.0,0.0,False,0,0
2025-06-06,C05,2,233.3,0.0,False,0,0
2025-06-06,C06,6,290.0,0.0,False,0,0
2025-06-06,C07,0,358.0,0.0,False,0,0
2025-06-06,C08,0,52.0,0.0,False,0,0
2025-06-07,A01,42,1795.0,1119.0,False,0,0
2025-06-07,A02,127,2559.0,2375.0,False,0,1
2025-06-07,A03,3,799.0,0.0,False,0,0
2025-06-07,A04,2,0.0,544.0,False,2,0
2025-06-07,A05,46,0.0,7543.0,False,46,0
2025-06-07,A06,137,8843.0,6527.0,False,0,2
2025-06-07,A07,15,671.0,734.0,False,0,0
2025-06-07,A08,51,280.0,0.0,False,0,0
2025-06-07,A09,12,412.0,669.0,False,0,0
2025-06-07,A10,4,0.0,8386.0,False,4,0
2025-06-07,B01,1,114.0,351.0,False,0,0
2025-06-07,B02,7,443.3,1627.0,False,0,0
2025-06-07,B03,4,1116.0,0.0,False,0,0
2025-06-07,B04,4,401.0,0.0,False,0,0
2025-06-07,B05,3,340.0,0.0,False,0,0
2025-06-07,B06,6,1156.0,0.0,False,0,0
2025-06-07,B07,2,1275.0,4944.0,False,0,0
2025-06-07,B08,19,565.0,1918.0,False,0,0
2025-06-07,B09,0,757.0,0.0,False,0,0
2025-06-07,B10,5,203.0,0.0,False,0,0
2025-06-07,B11,5,887.0,0.0,False,0,0
2025-06-07,B12,7,1525.0,0.0,False,0,0
2025-06-07,C01,0,26.6,37.0,False,0,0
2025-06-07,C02,1,251.3,0.0,False,0,0
2025-06-07,C03,0,96.0,0.0,False,0,0
2025-06-07,C04,0,277.0,0.0,False,0,0
2025-06-07,C05,0,271.0,0.0,False,0,0
2025-06-07,C06,2,288.0,0.0,False,0,0
2025-06-07,C07,3,355.0,0.0,False,0,0
2025-06-07,C08,0,45.8,0.0,False,0,0
2025-06-08,A01,83,1681.5,1119.0,False,0,0
2025-06-08,A02,8,2877.6,2375.0,False,0,1
2025-06-08,A03,0,799.0,0.0,False,0,0
2025-06-08,A04,0,0.0,544.0,False,0,0
2025-06-08,A05,47,0.0,7543.0,False,47,0
2025-06-08,A06,1,8840.0,6527.0,False,0,2
2025-06-08,A07,2,669.0,734.0,False,0,0
2025-06-08,A08,1,279.0,0.0,False,0,0
2025-06-08,A09,0,412.0,669.0,False,0,0
2025-06-08,A10,35,0.0,8386.0,False,35,0
2025-06-08,B01,0,114.0,351.0,False,0,0
2025-06-08,B02,4,470.0,1627.0,False,0,0
2025-06-08,B03,4,1010.0,0.0,False,0,0
2025-06-08,B04,7,394.0,0.0,False,0,0
2025-06-08,B05,0,340.0,0.0,False,0,0
2025-06-08,B06,8,1148.0,0.0,False,0,0
2025-06-08,B07,68,1207.0,4944.0,False,0,0
2025-06-08,B08,0,565.0,1918.0,False,0,0
2025-06-08,B09,4,753.0,0.0,False,0,0
2025-06-08,B10,2,201.0,0.0,False,0,0
2025-06-08,B11,10,877.0,0.0,False,0,0
2025-06-08,B12,37,1488.0,0.0,False,0,0
2025-06-08,C01,0,32.8,37.0,False,0,0
2025-06-08,C02,3,257.0,0.0,False,0,0
2025-06-08,C03,0,96.0,0.0,False,0,0
2025-06-08,C04,6,271.0,0.0,False,0,0
2025-06-08,C05,0,271.0,0.0,False,0,0
2025-06-08,C06,0,247.5,0.0,False,0,0
2025-06-08,C07,5,350.0,0.0,False,0,0
2025-06-08,C08,0,47.5,0.0,False,0,0
2025-06-09,A01,28,1684.0,1119.0,False,0,0
2025-06-09,A02,280,2270.0,2375.0,False,0,0
2025-06-09,A03,17,782.0,0.0,False,0,0
2025-06-09,A04,1,0.0,544.0,False,1,0
2025-06-09,A05,116,0.0,7543.0,False,116,0
2025-06-09,A06,17,9562.9,6527.0,False,0,2
2025-06-09,A07,4,665.0,734.0,False,0,0
2025-06-09,A08,2,277.0,0.0,False,0,0
2025-06-09,A09,9,413.1,669.0,False,0,0
2025-06-09,A10,12,0.0,8386.0,False,12,0
2025-06-09,B01,3,111.0,351.0,False,0,0
2025-06-09,B02,5,417.0,1627.0,False,0,0
2025-06-09,B03,0,1010.0,0.0,False,0,0
2025-06-09,B04,11,383.0,0.0,False,0,0
2025-06-09,B05,6,334.0,0.0,False,0,0
2025-06-09,B06,0,1148.0,0.0,False,0,0
2025-06-09,B07,40,1167.0,4944.0,False,0,0
2025-06-09,B08,4,561.0,1918.0,False,0,0
2025-06-09,B09,1,752.0,0.0,False,0,0
2025-06-09,B10,0,201.0,0.0,False,0,0
2025-06-09,B11,0,877.0,0.0,False,0,0
2025-06-09,B12,24,1464.0,0.0,False,0,0
2025-06-09,C01,0,31.0,37.0,False,0,0
2025-06-09,C02,2,255.0,0.0,False,0,0
2025-06-09,C03,0,96.0,0.0,False,0,0
2025-06-09,C04,2,269.0,0.0,False,0,0
2025-06-09,C05,0,271.0,0.0,False,0,0
2025-06-09,C06,1,287.0,0.0,False,0,0
2025-06-09,C07,5,345.0,0.0,False,0,0
2025-06-09,C08,0,52.0,0.0,False,0,0
2025-06-10,A01,0,1684.0,1119.0,False,0,0
2025-06-10,A02,283,1987.0,2375.0,False,0,0
2025-06-10,A03,4,778.0,0.0,False,0,0
2025-06-10,A04,0,0.0,544.0,False,0,0
2025-06-10,A05,122,0.0,7543.0,False,122,0
2025-06-10,A06,78,8741.0,6527.0,False,0,2
2025-06-10,A07,4,661.0,734.0,False,0,0
2025-06-10,A08,3,274.0,0.0,False,0,0
2025-06-10,A09,0,403.0,669.0,False,0,0
2025-06-10,A10,425,0.0,8386.0,False,425,0
2025-06-10,B01,1,110.0,351.0,False,0,0
2025-06-10,B02,8,457.0,1627.0,False,0,0
2025-06-10,B03,3,1007.0,0.0,False,0,0
2025-06-10,B04,0,383.0,0.0,False,0,0
2025-06-10,B05,1,333.0,0.0,False,0,0
2025-06-10,B06,16,1132.0,0.0,False,0,0
2025-06-10,B07,158,1009.0,4944.0,False,0,0
2025-06-10,B08,6,555.0,1918.0,False,0,0
2025-06-10,B09,1,751.0,0.0,False,0,0
2025-06-10,B10,7,194.0,0.0,False,0,0
2025-06-10,B11,16,861.0,0.0,False,0,0
2025-06-10,B12,17,1447.0,0.0,False,0,0
2025-06-10,C01,0,31.0,37.0,False,0,0
2025-06-10,C02,0,255.0,0.0,False,0,0
2025-06-10,C03,0,96.0,0.0,False,0,0
2025-06-10,C04,0,296.6,0.0,False,0,0
2025-06-10,C05,0,271.0,0.0,False,0,0
2025-06-10,C06,3,284.0,0.0,False,0,0
2025-06-10,C07,1,344.0,0.0,False,0,0
2025-06-10,C08,0,52.0,0.0,False,0,0
2025-06-11,A01,93,1591.0,1119.0,False,0,0
2025-06-11,A02,0,1987.0,2375.0,False,0,0
2025-06-11,A03,1,808.9,0.0,False,0,0
2025-06-11,A04,2,0.0,544.0,False,2,0
2025-06-11,A05,13,0.0,7543.0,False,13,0
2025-06-11,A06,90,8649.0,6527.0,False,0,2
2025-06-11,A07,41,620.0,734.0,False,0,0
2025-06-11,A08,0,274.0,0.0,False,0,0
2025-06-11,A09,4,399.0,669.0,False,0,0
2025-06-11,A10,120,0.0,8386.0,False,120,0
2025-06-11,B01,4,106.0,351.0,False,0,0
2025-06-11,B02,12,445.0,1627.0,False,0,0
2025-06-11,B03,0,1007.0,0.0,False,0,0
2025-06-11,B04,1,382.0,0.0,False,0,0
2025-06-11,B05,2,331.0,0.0,False,0,0
2025-06-11,B06,8,1124.0,0.0,False,0,0
2025-06-11,B07,120,889.0,4944.0,False,0,0
2025-06-11,B08,70,441.4,1918.0,False,0,0
2025-06-11,B09,6,745.0,0.0,False,0,0
2025-06-11,B10,0,194.0,0.0,False,0,0
2025-06-11,B11,12,849.0,0.0,False,0,0
2025-06-11,B12,1,1446.0,0.0,False,0,0
2025-06-11,C01,2,29.0,37.0,False,0,0
2025-06-11,C02,2,253.0,0.0,False,0,0
2025-06-11,C03,0,96.0,0.0,False,0,0
2025-06-11,C04,1,268.0,0.0,False,0,0
2025-06-11,C05,0,271.0,0.0,False,0,0
2025-06-11,C06,3,281.0,0.0,False,0,0
2025-06-11,C07,0,344.0,0.0,False,0,0
2025-06-11,C08,0,52.0,0.0,False,0,0
2025-06-12,A01,7,1584.0,1119.0,False,0,0
2025-06-12,A02,27,1960.0,2375.0,False,0,0
2025-06-12,A03,3,774.0,0.0,False,0,0
2025-06-12,A04,0,0.0,544.0,False,0,0
2025-06-12,A05,136,0.0,7543.0,False,136,0
2025-06-12,A06,104,8543.0,6527.0,False,0,2
2025-06-12,A07,0,620.0,734.0,False,0,0
2025-06-12,A08,6,268.0,0.0,False,0,0
2025-06-12,A09,2,397.0,669.0,False,0,0
2025-06-12,A10,191,0.0,8386.0,False,191,0
2025-06-12,B01,2,104.0,351.0,False,0,0
2025-06-12,B02,0,445.0,1627.0,False,0,0
2025-06-12,B03,7,1000.0,0.0,False,0,0
2025-06-12,B04,2,380.0,0.0,False,0,0
2025-06-12,B05,1,330.0,0.0,False,0,0
2025-06-12,B06,4,1120.0,0.0,False,0,0
2025-06-12,B07,26,863.0,4944.0,False,0,0
2025-06-12,B08,6,544.3,1918.0,False,0,0
2025-06-12,B09,31,714.0,0.0,False,0,0
2025-06-12,B10,1,193.0,0.0,False,0,0
2025-06-12,B11,38,811.0,0.0,False,0,0
2025-06-12,B12,2,1444.0,0.0,False,0,0
2025-06-12,C01,0,29.0,37.0,False,0,0
2025-06-12,C02,11,242.0,0.0,False,0,0
2025-06-12,C03,0,96.0,0.0,False,0,0
2025-06-12,C04,1,234.0,0.0,False,0,0
2025-06-12,C05,5,227.7,0.0,False,0,0
2025-06-12,C06,0,281.0,0.0,False,0,0
2025-06-12,C07,2,342.0,0.0,False,0,0
2025-06-12,C08,0,52.0,0.0,False,0,0
2025-06-13,A01,8,1576.0,1119.0,False,0,0
2025-06-13,A02,142,1818.0,4830.0,True,0,0
2025-06-13,A03,6,768.0,0.0,False,0,0
2025-06-13,A04,5,0.0,544.0,False,5,0
2025-06-13,A05,49,0.0,7543.0,False,49,0
2025-06-13,A06,133,8408.0,6527.0,False,0,2
2025-06-13,A07,12,667.5,734.0,False,0,0
2025-06-13,A08,1,267.0,0.0,False,0,0
2025-06-13,A09,4,393.0,669.0,False,0,0
2025-06-13,A10,48,0.0,8386.0,False,48,0
2025-06-13,B01,3,101.0,351.0,False,0,0
2025-06-13,B02,55,390.0,1627.0,False,0,0
2025-06-13,B03,1,999.0,0.0,False,0,0
2025-06-13,B04,0,380.0,0.0,False,0,0
2025-06-13,B05,2,328.0,0.0,False,0,0
2025-06-13,B06,0,1120.0,0.0,False,0,0
2025-06-13,B07,26,837.0,4944.0,False,0,0
2025-06-13,B08,4,475.0,1918.0,False,0,0
2025-06-13,B09,2,712.0,0.0,False,0,0
2025-06-13,B10,4,189.0,0.0,False,0,0
2025-06-13,B11,8,803.0,0.0,False,0,0
2025-06-13,B12,53,1391.0,0.0,False,0,0
2025-06-13,C01,0,29.0,37.0,False,0,0
2025-06-13,C02,1,241.0,0.0,False,0,0
2025-06-13,C03,0,96.0,0.0,False,0,0
2025-06-13,C04,0,267.0,0.0,False,0,0
2025-06-13,C05,0,266.0,0.0,False,0,0
2025-06-13,C06,2,300.0,0.0,False,0,0
2025-06-13,C07,0,311.6,0.0,False,0,0
2025-06-13,C08,3,49.0,0.0,False,0,0
2025-06-14,A01,3,1573.0,1119.0,False,0,0
2025-06-14,A02,11,1591.7,4830.0,False,0,0
2025-06-14,A03,40,728.0,0.0,False,0,0
2025-06-14,A04,1,0.0,544.0,False,1,0
2025-06-14,A05,3,0.0,7543.0,False,3,0
2025-06-14,A06,183,8223.0,6527.0,False,0,2
2025-06-14,A07,30,578.0,734.0,False,0,0
2025-06-14,A08,0,267.0,0.0,False,0,0
2025-06-14,A09,6,387.0,669.0,False,0,0
2025-06-14,A10,5,0.0,8386.0,False,5,0
2025-06-14,B01,2,99.0,351.0,False,0,0
2025-06-14,B02,9,381.0,1627.0,False,0,0
2025-06-14,B03,2,997.0,0.0,False,0,0
2025-06-14,B04,12,404.6,0.0,False,0,0
2025-06-14,B05,1,327.0,0.0,False,0,0
2025-06-14,B06,3,1117.0,0.0,False,0,0
2025-06-14,B07,6,831.0,4944.0,False,0,0
2025-06-14,B08,3,437.1,1918.0,False,0,0
2025-06-14,B09,0,712.0,0.0,False,0,0
2025-06-14,B10,1,188.0,0.0,False,0,0
2025-06-14,B11,28,775.0,0.0,False,0,0
2025-06-14,B12,9,1382.0,0.0,False,0,0
2025-06-14,C01,0,29.0,37.0,False,0,0
2025-06-14,C02,6,235.0,0.0,False,0,0
2025-06-14,C03,0,96.0,0.0,False,0,0
2025-06-14,C04,0,267.0,0.0,False,0,0
2025-06-14,C05,0,266.0,0.0,False,0,0
2025-06-14,C06,2,277.0,0.0,False,0,0
2025-06-14,C07,0,342.0,0.0,False,0,0
2025-06-14,C08,0,49.0,0.0,False,0,0
2025-06-15,A01,86,2605.0,0.0,False,0,1
2025-06-15,A02,40,1767.0,4830.0,False,0,0
2025-06-15,A03,19,709.0,0.0,False,0,0
2025-06-15,A04,0,0.0,544.0,False,0,0
2025-06-15,A05,48,0.0,7543.0,False,48,0
2025-06-15,A06,5,8216.0,6527.0,False,0,2
2025-06-15,A07,7,581.1,734.0,False,0,0
2025-06-15,A08,0,267.0,0.0,False,0,0
2025-06-15,A09,0,387.0,669.0,False,0,0
2025-06-15,A10,26,0.0,8386.0,False,26,0
2025-06-15,B01,0,99.0,351.0,False,0,0
2025-06-15,B02,11,370.0,1627.0,False,0,0
2025-06-15,B03,4,993.0,0.0,False,0,0
2025-06-15,B04,2,366.0,0.0,False,0,0
2025-06-15,B05,1,326.0,0.0,False,0,0
2025-06-15,B06,23,1103.0,0.0,False,0,0
2025-06-15,B07,31,800.0,4944.0,False,0,0
2025-06-15,B08,6,466.0,1918.0,False,0,0
2025-06-15,B09,5,800.4,0.0,False,0,0
2025-06-15,B10,1,187.8,0.0,False,0,0
2025-06-15,B11,1,774.0,0.0,False,0,0
2025-06-15,B12,23,1359.0,0.0,False,0,0
2025-06-15,C01,1,28.0,37.0,False,0,0
2025-06-15,C02,0,235.0,0.0,False,0,0
2025-06-15,C03,0,96.0,0.0,False,0,0
2025-06-15,C04,3,264.0,0.0,False,0,0
2025-06-15,C05,0,266.0,0.0,False,0,0
2025-06-15,C06,4,273.0,0.0,False,0,0
2025-06-15,C07,0,342.0,0.0,False,0,0
2025-06-15,C08,0,49.0,0.0,False,0,0
2025-06-16,A01,53,2551.0,0.0,False,0,1
2025-06-16,A02,138,1629.0,4830.0,False,0,0
2025-06-16,A03,1,708.0,0.0,False,0,0
2025-06-16,A04,2,0.0,544.0,False,2,0
2025-06-16,A05,1,0.0,7543.0,False,1,0
2025-06-16,A06,110,7745.6,6527.0,False,0,2
2025-06-16,A07,29,542.0,734.0,False,0,0
2025-06-16,A08,1,266.0,0.0,False,0,0
2025-06-16,A09,0,387.0,669.0,False,0,0
2025-06-16,A10,481,0.0,8386.0,False,481,0
2025-06-16,B01,2,97.0,351.0,False,0,0
2025-06-16,B02,10,360.0,1627.0,False,0,0
2025-06-16,B03,4,860.4,0.0,False,0,0
2025-06-16,B04,4,362.0,0.0,False,0,0
2025-06-16,B05,5,321.0,0.0,False,0,0
2025-06-16,B06,2,1092.0,0.0,False,0,0
2025-06-16,B07,17,783.0,4944.0,False,0,0
2025-06-16,B08,2,464.0,1918.0,False,0,0
2025-06-16,B09,13,694.0,0.0,False,0,0
2025-06-16,B10,1,185.5,0.0,False,0,0
2025-06-16,B11,13,761.0,0.0,False,0,0
2025-06-16,B12,29,1418.2,0.0,False,0,0
2025-06-16,C01,0,28.0,37.0,False,0,0
2025-06-16,C02,2,233.0,0.0,False,0,0
2025-06-16,C03,1,95.0,0.0,False,0,0
2025-06-16,C04,7,241.4,0.0,False,0,0
2025-06-16,C05,0,266.0,0.0,False,0,0
2025-06-16,C06,0,273.0,0.0,False,0,0
2025-06-16,C07,8,291.4,0.0,False,0,0
2025-06-16,C08,1,48.0,0.0,False,0,0
2025-06-17,A01,2,2548.0,0.0,False,0,1
2025-06-17,A02,153,1476.0,4830.0,False,0,0
2025-06-17,A03,5,703.0,0.0,False,0,0
2025-06-17,A04,2,0.0,544.0,False,2,0
2025-06-17,A05,157,0.0,7543.0,False,157,0
2025-06-17,A06,9,8093.0,6527.0,False,0,2
2025-06-17,A07,19,523.0,734.0,False,0,0
2025-06-17,A08,0,236.9,0.0,False,0,0
2025-06-17,A09,4,383.0,669.0,False,0,0
2025-06-17,A10,141,0.0,8386.0,False,141,0
2025-06-17,B01,4,93.0,351.0,False,0,0
2025-06-17,B02,14,346.0,1627.0,False,0,0
2025-06-17,B03,13,921.2,0.0,False,0,0
2025-06-17,B04,6,356.0,0.0,False,0,0
2025-06-17,B05,0,321.0,0.0,False,0,0
2025-06-17,B06,49,1043.0,0.0,False,0,0
2025-06-17,B07,105,678.0,4944.0,False,0,0
2025-06-17,B08,10,454.0,1918.0,False,0,0
2025-06-17,B09,2,692.0,0.0,False,0,0
2025-06-17,B10,2,184.0,0.0,False,0,0
2025-06-17,B11,2,759.0,0.0,False,0,0
2025-06-17,B12,0,1330.0,0.0,False,0,0
2025-06-17,C01,0,28.5,37.0,False,0,0
2025-06-17,C02,2,231.0,0.0,False,0,0
2025-06-17,C03,0,95.0,0.0,False,0,0
2025-06-17,C04,1,256.0,0.0,False,0,0
2025-06-17,C05,3,263.0,0.0,False,0,0
2025-06-17,C06,0,273.0,0.0,False,0,0
2025-06-17,C07,0,334.0,0.0,False,0,0
2025-06-17,C08,0,48.0,0.0,False,0,0
2025-06-18,A01,17,2530.0,0.0,False,0,1
2025-06-18,A02,14,1462.0,4830.0,False,0,0
2025-06-18,A03,4,699.0,0.0,False,0,0
2025-06-18,A04,1,0.0,544.0,False,1,0
2025-06-18,A05,5,0.0,7543.0,False,5,0
2025-06-18,A06,362,7729.0,6527.0,False,0,2
2025-06-18,A07,11,512.0,734.0,False,0,0
2025-06-18,A08,0,266.0,0.0,False,0,0
2025-06-18,A09,5,378.0,669.0,False,0,0
2025-06-18,A10,100,0.0,8386.0,False,100,0
2025-06-18,B01,12,86.3,351.0,False,0,0
2025-06-18,B02,2,344.0,1627.0,False,0,0
2025-06-18,B03,1,975.0,0.0,False,0,0
2025-06-18,B04,0,356.0,0.0,False,0,0
2025-06-18,B05,3,318.0,0.0,False,0,0
2025-06-18,B06,2,1080.8,0.0,False,0,0
2025-06-18,B07,18,660.0,4944.0,False,0,0
2025-06-18,B08,33,421.0,1918.0,False,0,0
2025-06-18,B09,8,684.0,0.0,False,0,0
2025-06-18,B10,0,184.0,0.0,False,0,0
2025-06-18,B11,37,722.0,0.0,False,0,0
2025-06-18,B12,56,1207.6,0.0,False,0,0
2025-06-18,C01,2,26.0,37.0,False,0,0
2025-06-18,C02,3,228.0,0.0,False,0,0
2025-06-18,C03,0,95.0,0.0,False,0,0
2025-06-18,C04,6,250.0,0.0,False,0,0
2025-06-18,C05,0,263.0,0.0,False,0,0
2025-06-18,C06,3,270.0,0.0,False,0,0
2025-06-18,C07,9,325.0,0.0,False,0,0
2025-06-18,C08,0,48.0,0.0,False,0,0
2025-06-19,A01,38,2491.0,0.0,False,0,1
2025-06-19,A02,51,1411.0,4830.0,False,0,0
2025-06-19,A03,0,699.0,0.0,False,0,0
2025-06-19,A04,7,0.0,544.0,False,7,0
2025-06-19,A05,7,0.0,7543.0,False,7,0
2025-06-19,A06,233,7494.0,6527.0,False,0,2
2025-06-19,A07,13,499.0,734.0,False,0,0
2025-06-19,A08,24,242.0,0.0,False,0,0
2025-06-19,A09,10,368.0,669.0,False,0,0
2025-06-19,A10,154,0.0,8386.0,False,154,0
2025-06-19,B01,5,76.0,351.0,False,0,0
2025-06-19,B02,0,344.0,1627.0,False,0,0
2025-06-19,B03,6,969.0,0.0,False,0,0
2025-06-19,B04,1,355.0,0.0,False,0,0
2025-06-19,B05,0,339.0,0.0,False,0,0
2025-06-19,B06,24,1017.0,0.0,False,0,0
2025-06-19,B07,29,631.0,4944.0,False,0,0
2025-06-19,B08,1,2338.0,0.0,False,0,0
2025-06-19,B09,0,684.0,0.0,False,0,0
2025-06-19,B10,1,183.0,0.0,False,0,0
2025-06-19,B11,0,722.0,0.0,False,0,0
2025-06-19,B12,10,1264.0,0.0,False,0,0
2025-06-19,C01,0,26.0,37.0,False,0,0
2025-06-19,C02,0,228.0,0.0,False,0,0
2025-06-19,C03,0,95.0,0.0,False,0,0
2025-06-19,C04,8,242.0,0.0,False,0,0
2025-06-19,C05,3,260.0,0.0,False,0,0
2025-06-19,C06,0,297.3,0.0,False,0,0
2025-06-19,C07,0,325.0,0.0,False,0,0
2025-06-19,C08,0,48.0,0.0,False,0,0
2025-06-20,A01,53,2556.0,0.0,False,0,1
2025-06-20,A02,13,1398.0,4830.0,False,0,0
2025-06-20,A03,15,684.0,0.0,False,0,0
2025-06-20,A04,0,0.0,544.0,False,0,0
2025-06-20,A05,105,0.0,7543.0,False,105,0
2025-06-20,A06,110,7382.0,6527.0,False,0,2
2025-06-20,A07,3,496.0,734.0,False,0,0
2025-06-20,A08,0,242.0,0.0,False,0,0
2025-06-20,A09,0,368.0,669.0,False,0,0
2025-06-20,A10,67,0.0,8386.0,False,67,0
2025-06-20,B01,0,76.0,351.0,False,0,0
2025-06-20,B02,26,318.0,1627.0,False,0,0
2025-06-20,B03,1,968.0,0.0,False,0,0
2025-06-20,B04,5,350.0,0.0,False,0,0
2025-06-20,B05,0,271.5,0.0,False,0,0
2025-06-20,B06,10,1007.0,0.0,False,0,0
2025-06-20,B07,158,5416.0,4951.0,True,0,1
2025-06-20,B08,20,2318.0,0.0,False,0,0
2025-06-20,B09,1,683.0,0.0,False,0,0
2025-06-20,B10,2,181.0,0.0,False,0,0
2025-06-20,B11,3,719.0,0.0,False,0,0
2025-06-20,B12,1,1361.4,0.0,False,0,0
2025-06-20,C01,0,26.0,37.0,False,0,0
2025-06-20,C02,30,198.0,0.0,False,0,0
2025-06-20,C03,1,94.0,0.0,False,0,0
2025-06-20,C04,0,242.0,0.0,False,0,0
2025-06-20,C05,0,260.0,0.0,False,0,0
2025-06-20,C06,0,270.0,0.0,False,0,0
2025-06-20,C07,0,325.0,0.0,False,0,0
2025-06-20,C08,0,48.0,0.0,False,0,0
2025-06-21,A01,8,2429.0,0.0,False,0,0
2025-06-21,A02,3,1395.0,4830.0,False,0,0
2025-06-21,A03,8,596.6,0.0,False,0,0
2025-06-21,A04,4,0.0,544.0,False,4,0
2025-06-21,A05,69,0.0,7543.0,False,69,0
2025-06-21,A06,1160,6221.0,6527.0,False,0,1
2025-06-21,A07,11,485.0,734.0,False,0,0
2025-06-21,A08,3,239.0,0.0,False,0,0
2025-06-21,A09,16,352.0,669.0,False,0,0
2025-06-21,A10,34,0.0,8386.0,False,34,0
2025-06-21,B01,5,71.0,351.0,False,0,0
2025-06-21,B02,13,305.0,1627.0,False,0,0
2025-06-21,B03,0,968.0,0.0,False,0,0
2025-06-21,B04,0,350.0,0.0,False,0,0
2025-06-21,B05,5,313.0,0.0,False,0,0
2025-06-21,B06,18,1134.6,0.0,False,0,0
2025-06-21,B07,56,5359.0,4951.0,False,0,1
2025-06-21,B08,4,2314.0,0.0,False,0,0
2025-06-21,B09,13,670.0,0.0,False,0,0
2025-06-21,B10,0,181.0,0.0,False,0,0
2025-06-21,B11,6,708.4,0.0,False,0,0
2025-06-21,B12,2,1261.0,0.0,False,0,0
2025-06-21,C01,0,26.0,37.0,False,0,0
2025-06-21,C02,6,192.0,0.0,False,0,0
2025-06-21,C03,1,93.0,0.0,False,0,0
2025-06-21,C04,0,244.9,0.0,False,0,0
2025-06-21,C05,1,259.0,0.0,False,0,0
2025-06-21,C06,0,270.0,0.0,False,0,0
2025-06-21,C07,1,325.1,0.0,False,0,0
2025-06-21,C08,0,48.0,0.0,False,0,0
2025-06-22,A01,5,2424.0,0.0,False,0,0
2025-06-22,A02,25,3824.0,2375.0,False,0,1
2025-06-22,A03,1,675.0,0.0,False,0,0
2025-06-22,A04,1,0.0,544.0,False,1,0
2025-06-22,A05,26,0.0,7543.0,False,26,0
2025-06-22,A06,432,5788.0,6527.0,False,0,1
2025-06-22,A07,6,479.0,734.0,False,0,0
2025-06-22,A08,0,239.0,0.0,False,0,0
2025-06-22,A09,3,349.0,669.0,False,0,0
2025-06-22,A10,8,0.0,8386.0,False,8,0
2025-06-22,B01,2,73.5,351.0,False,0,0
2025-06-22,B02,27,278.0,1627.0,False,0,0
2025-06-22,B03,1,967.0,0.0,False,0,0
2025-06-22,B04,1,349.0,0.0,False,0,0
2025-06-22,B05,0,313.0,0.0,False,0,0
2025-06-22,B06,4,985.0,0.0,False,0,0
2025-06-22,B07,151,5207.0,4951.0,False,0,1
2025-06-22,B08,68,2246.0,0.0,False,0,0
2025-06-22,B09,5,742.0,0.0,False,0,0
2025-06-22,B10,5,176.0,0.0,False,0,0
2025-06-22,B11,4,709.0,0.0,False,0,0
2025-06-22,B12,6,1255.0,0.0,False,0,0
2025-06-22,C01,1,25.0,37.0,False,0,0
2025-06-22,C02,4,188.0,0.0,False,0,0
2025-06-22,C03,0,92.3,0.0,False,0,0
2025-06-22,C04,1,241.0,0.0,False,0,0
2025-06-22,C05,0,259.0,0.0,False,0,0
2025-06-22,C06,1,269.0,0.0,False,0,0
2025-06-22,C07,0,355.0,0.0,False,0,0
2025-06-22,C08,3,45.0,0.0,False,0,0
2025-06-23,A01,0,2424.0,0.0,False,0,0
2025-06-23,A02,39,3784.0,2375.0,False,0,1
2025-06-23,A03,17,658.0,0.0,False,0,0
2025-06-23,A04,0,0.0,544.0,False,0,0
2025-06-23,A05,0,0.0,7543.0,False,0,0
2025-06-23,A06,0,5787.0,6527.0,False,0,1
2025-06-23,A07,0,479.0,734.0,False,0,0
2025-06-23,A08,10,195.5,0.0,False,0,0
2025-06-23,A09,0,355.0,669.0,False,0,0
2025-06-23,A10,2,0.0,8386.0,False,2,0
2025-06-23,B01,2,67.0,351.0,False,0,0
2025-06-23,B02,16,262.0,1627.0,False,0,0
2025-06-23,B03,2,965.0,0.0,False,0,0
2025-06-23,B04,0,375.6,0.0,False,0,0
2025-06-23,B05,1,312.0,0.0,False,0,0
2025-06-23,B06,0,985.0,0.0,False,0,0
2025-06-23,B07,45,5161.0,4951.0,False,0,1
2025-06-23,B08,3,2243.0,0.0,False,0,0
2025-06-23,B09,1,664.0,0.0,False,0,0
2025-06-23,B10,1,194.7,0.0,False,0,0
2025-06-23,B11,10,699.0,0.0,False,0,0
2025-06-23,B12,13,1242.0,0.0,False,0,0
2025-06-23,C01,1,24.0,37.0,False,0,0
2025-06-23,C02,0,188.0,0.0,False,0,0
2025-06-23,C03,1,92.0,0.0,False,0,0
2025-06-23,C04,0,241.0,0.0,False,0,0
2025-06-23,C05,10,249.0,0.0,False,0,0
2025-06-23,C06,1,265.6,0.0,False,0,0
2025-06-23,C07,1,323.0,0.0,False,0,0
2025-06-23,C08,0,45.0,0.0,False,0,0
2025-06-24,A01,47,2377.0,0.0,False,0,0
2025-06-24,A02,18,3765.0,2375.0,False,0,1
2025-06-24,A03,5,653.0,0.0,False,0,0
2025-06-24,A04,6,0.0,544.0,False,6,0
2025-06-24,A05,197,0.0,7543.0,False,197,0
2025-06-24,A06,77,5709.0,6527.0,False,0,1
2025-06-24,A07,1,478.0,734.0,False,0,0
2025-06-24,A08,2,223.9,0.0,False,0,0
2025-06-24,A09,7,320.0,669.0,False,0,0
2025-06-24,A10,81,0.0,8386.0,False,81,0
2025-06-24,B01,5,62.0,351.0,False,0,0
2025-06-24,B02,1,261.0,1627.0,False,0,0
2025-06-24,B03,2,963.0,0.0,False,0,0
2025-06-24,B04,0,382.3,0.0,False,0,0
2025-06-24,B05,1,311.0,0.0,False,0,0
2025-06-24,B06,28,957.0,0.0,False,0,0
2025-06-24,B07,19,5141.0,4951.0,False,0,1
2025-06-24,B08,43,2200.0,0.0,False,0,0
2025-06-24,B09,0,664.0,0.0,False,0,0
2025-06-24,B10,2,173.0,0.0,False,0,0
2025-06-24,B11,4,695.0,0.0,False,0,0
2025-06-24,B12,8,1117.6,0.0,False,0,0
2025-06-24,C01,0,24.0,37.0,False,0,0
2025-06-24,C02,0,188.0,0.0,False,0,0
2025-06-24,C03,0,92.0,0.0,False,0,0
2025-06-24,C04,0,241.0,0.0,False,0,0
2025-06-24,C05,0,273.7,0.0,False,0,0
2025-06-24,C06,0,268.0,0.0,False,0,0
2025-06-24,C07,8,315.0,0.0,False,0,0
2025-06-24,C08,2,43.0,0.0,False,0,0
2025-06-25,A01,11,2366.0,0.0,False,0,0
2025-06-25,A02,73,3691.0,2375.0,False,0,1
2025-06-25,A03,12,641.0,0.0,False,0,0
2025-06-25,A04,1,0.0,544.0,False,1,0
2025-06-25,A05,151,0.0,7543.0,False,151,0
2025-06-25,A06,129,5579.0,6527.0,False,0,1
2025-06-25,A07,0,478.0,734.0,False,0,0
2025-06-25,A08,4,211.0,0.0,False,0,0
2025-06-25,A09,2,340.0,669.0,False,0,0
2025-06-25,A10,73,0.0,8386.0,False,73,0
2025-06-25,B01,4,58.0,351.0,False,0,0
2025-06-25,B02,5,256.0,1627.0,False,0,0
2025-06-25,B03,2,961.0,0.0,False,0,0
2025-06-25,B04,1,348.0,0.0,False,0,0
2025-06-25,B05,0,311.0,0.0,False,0,0
2025-06-25,B06,7,950.0,0.0,False,0,0
2025-06-25,B07,8,5132.0,4951.0,False,0,1
2025-06-25,B08,16,2046.3,0.0,False,0,0
2025-06-25,B09,7,657.0,0.0,False,0,0
2025-06-25,B10,0,173.0,0.0,False,0,0
2025-06-25,B11,11,684.0,0.0,False,0,0
2025-06-25,B12,0,1234.0,0.0,False,0,0
2025-06-25,C01,1,23.0,37.0,False,0,0
2025-06-25,C02,0,188.0,0.0,False,0,0
2025-06-25,C03,0,92.0,0.0,False,0,0
2025-06-25,C04,1,240.0,0.0,False,0,0
2025-06-25,C05,1,248.0,0.0,False,0,0
2025-06-25,C06,7,269.8,0.0,False,0,0
2025-06-25,C07,0,315.0,0.0,False,0,0
2025-06-25,C08,1,42.0,0.0,False,0,0
2025-06-26,A01,75,2291.0,0.0,False,0,0
2025-06-26,A02,75,3615.0,2375.0,False,0,1
2025-06-26,A03,0,576.0,0.0,False,0,0
2025-06-26,A04,2,0.0,544.0,False,2,0
2025-06-26,A05,172,0.0,7543.0,False,172,0
2025-06-26,A06,92,5486.0,6527.0,False,0,1
2025-06-26,A07,29,503.7,734.0,False,0,0
2025-06-26,A08,18,205.0,0.0,False,0,0
2025-06-26,A09,4,336.0,669.0,False,0,0
2025-06-26,A10,192,0.0,8386.0,False,192,0
2025-06-26,B01,3,55.0,351.0,False,0,0
2025-06-26,B02,3,253.0,1627.0,False,0,0
2025-06-26,B03,1,960.0,0.0,False,0,0
2025-06-26,B04,1,347.0,0.0,False,0,0
2025-06-26,B05,4,307.0,0.0,False,0,0
2025-06-26,B06,3,947.0,0.0,False,0,0
2025-06-26,B07,44,5087.0,4951.0,False,0,1
2025-06-26,B08,22,2162.0,0.0,False,0,0
2025-06-26,B09,4,653.0,0.0,False,0,0
2025-06-26,B10,4,169.0,0.0,False,0,0
2025-06-26,B11,1,683.0,0.0,False,0,0
2025-06-26,B12,0,1234.0,0.0,False,0,0
2025-06-26,C01,0,23.0,37.0,False,0,0
2025-06-26,C02,1,187.0,0.0,False,0,0
2025-06-26,C03,0,92.0,0.0,False,0,0
2025-06-26,C04,0,240.0,0.0,False,0,0
2025-06-26,C05,1,247.0,0.0,False,0,0
2025-06-26,C06,5,256.0,0.0,False,0,0
2025-06-26,C07,10,305.0,0.0,False,0,0
2025-06-26,C08,0,42.0,0.0,False,0,0
2025-06-27,A01,79,2212.0,0.0,False,0,0
2025-06-27,A02,19,3595.0,2375.0,False,0,1
2025-06-27,A03,8,633.0,0.0,False,0,0
2025-06-27,A04,0,0.0,544.0,False,0,0
2025-06-27,A05,286,0.0,7543.0,False,286,0
2025-06-27,A06,294,5191.0,6527.0,False,0,1
2025-06-27,A07,7,442.0,734.0,False,0,0
2025-06-27,A08,4,193.3,0.0,False,0,0
2025-06-27,A09,3,333.0,669.0,False,0,0
2025-06-27,A10,54,0.0,8386.0,False,54,0
2025-06-27,B01,1,54.0,351.0,False,0,0
2025-06-27,B02,13,240.0,1627.0,False,0,0
2025-06-27,B03,0,960.0,0.0,False,0,0
2025-06-27,B04,1,346.0,0.0,False,0,0
2025-06-27,B05,0,307.0,0.0,False,0,0
2025-06-27,B06,13,934.0,0.0,False,0,0
2025-06-27,B07,158,4928.0,4951.0,False,0,1
2025-06-27,B08,60,2102.0,0.0,False,0,0
2025-06-27,B09,0,653.0,0.0,False,0,0
2025-06-27,B10,7,162.0,0.0,False,0,0
2025-06-27,B11,0,683.0,0.0,False,0,0
2025-06-27,B12,2,1232.0,0.0,False,0,0
2025-06-27,C01,1,22.0,37.0,False,0,0
2025-06-27,C02,3,184.0,0.0,False,0,0
2025-06-27,C03,0,92.0,0.0,False,0,0
2025-06-27,C04,3,237.0,0.0,False,0,0
2025-06-27,C05,1,246.0,0.0,False,0,0
2025-06-27,C06,12,244.0,0.0,False,0,0
2025-06-27,C07,0,305.0,0.0,False,0,0
2025-06-27,C08,2,40.0,0.0,False,0,0
2025-06-28,A01,30,2182.0,0.0,False,0,0
2025-06-28,A02,9,3585.0,2375.0,False,0,1
2025-06-28,A03,8,625.0,0.0,False,0,0
2025-06-28,A04,0,0.0,544.0,False,0,0
2025-06-28,A05,1,3906.0,3635.0,False,0,1
2025-06-28,A06,126,5064.0,6527.0,False,0,1
2025-06-28,A07,3,439.0,734.0,False,0,0
2025-06-28,A08,1,200.0,0.0,False,0,0
2025-06-28,A09,0,333.0,669.0,False,0,0
2025-06-28,A10,0,0.0,8386.0,False,0,0
2025-06-28,B01,1,53.0,351.0,False,0,0
2025-06-28,B02,5,234.7,1627.0,False,0,0
2025-06-28,B03,17,943.0,0.0,False,0,0
2025-06-28,B04,13,333.0,0.0,False,0,0
2025-06-28,B05,0,307.0,0.0,False,0,0
2025-06-28,B06,0,934.0,0.0,False,0,0
2025-06-28,B07,47,4880.0,4951.0,False,0,1
2025-06-28,B08,3,2099.0,0.0,False,0,0
2025-06-28,B09,2,651.0,0.0,False,0,0
2025-06-28,B10,1,161.0,0.0,False,0,0
2025-06-28,B11,0,683.0,0.0,False,0,0
2025-06-28,B12,5,1227.0,0.0,False,0,0
2025-06-28,C01,0,22.0,37.0,False,0,0
2025-06-28,C02,1,183.0,0.0,False,0,0
2025-06-28,C03,0,92.0,0.0,False,0,0
2025-06-28,C04,2,235.0,0.0,False,0,0
2025-06-28,C05,0,246.0,0.0,False,0,0
2025-06-28,C06,1,243.0,0.0,False,0,0
2025-06-28,C07,0,305.0,0.0,False,0,0
2025-06-28,C08,0,38.6,0.0,False,0,0
2025-06-29,A01,49,2133.0,0.0,False,0,0
2025-06-29,A02,18,3566.0,2375.0,False,0,1
2025-06-29,A03,3,622.0,0.0,False,0,0
2025-06-29,A04,0,0.0,544.0,False,0,0
2025-06-29,A05,258,3647.0,3635.0,False,0,1
2025-06-29,A06,34,5029.0,6527.0,False,0,1
2025-06-29,A07,14,425.0,734.0,False,0,0
2025-06-29,A08,1,199.0,0.0,False,0,0
2025-06-29,A09,1,315.6,669.0,False,0,0
2025-06-29,A10,48,0.0,8386.0,False,48,0
2025-06-29,B01,0,53.0,351.0,False,0,0
2025-06-29,B02,12,223.0,1627.0,False,0,0
2025-06-29,B03,0,1058.5,0.0,False,0,0
2025-06-29,B04,0,333.0,0.0,False,0,0
2025-06-29,B05,0,307.0,0.0,False,0,0
2025-06-29,B06,10,924.0,0.0,False,0,0
2025-06-29,B07,21,4858.0,4951.0,False,0,1
2025-06-29,B08,11,2088.0,0.0,False,0,0
2025-06-29,B09,2,604.4,0.0,False,0,0
2025-06-29,B10,0,161.0,0.0,False,0,0
2025-06-29,B11,1,682.0,0.0,False,0,0
2025-06-29,B12,4,1223.0,0.0,False,0,0
2025-06-29,C01,2,20.0,37.0,False,0,0
2025-06-29,C02,0,188.8,0.0,False,0,0
2025-06-29,C03,0,92.0,0.0,False,0,0
2025-06-29,C04,0,235.0,0.0,False,0,0
2025-06-29,C05,2,244.7,0.0,False,0,0
2025-06-29,C06,1,242.0,0.0,False,0,0
2025-06-29,C07,7,298.0,0.0,False,0,0
2025-06-29,C08,0,40.0,0.0,False,0,0
2025-06-30,A01,21,2112.0,0.0,False,0,0
2025-06-30,A02,144,3421.0,2375.0,False,0,1
2025-06-30,A03,0,622.0,0.0,False,0,0
2025-06-30,A04,2,0.0,544.0,False,2,0
2025-06-30,A05,68,3229.2,3635.0,False,0,1
2025-06-30,A06,0,5146.9,6527.0,False,0,1
2025-06-30,A07,22,403.0,734.0,False,0,0
2025-06-30,A08,0,199.0,0.0,False,0,0
2025-06-30,A09,0,332.0,669.0,False,0,0
2025-06-30,A10,2,0.0,8386.0,False,2,0
2025-06-30,B01,0,53.0,351.0,False,0,0
2025-06-30,B02,11,212.0,1627.0,False,0,0
2025-06-30,B03,5,938.0,0.0,False,0,0
2025-06-30,B04,7,326.0,0.0,False,0,0
2025-06-30,B05,0,307.0,0.0,False,0,0
2025-06-30,B06,2,922.0,0.0,False,0,0
2025-06-30,B07,182,4675.0,4951.0,False,0,1
2025-06-30,B08,8,2080.0,0.0,False,0,0
2025-06-30,B09,1,643.2,0.0,False,0,0
2025-06-30,B10,3,158.0,0.0,False,0,0
2025-06-30,B11,11,671.0,0.0,False,0,0
2025-06-30,B12,59,1164.0,0.0,False,0,0
2025-06-30,C01,1,19.0,37.0,False,0,0
2025-06-30,C02,3,180.0,0.0,False,0,0
2025-06-30,C03,0,92.0,0.0,False,0,0
2025-06-30,C04,2,233.0,0.0,False,0,0
2025-06-30,C05,3,241.0,0.0,False,0,0
2025-06-30,C06,0,219.3,0.0,False,0,0
2025-06-30,C07,1,297.0,0.0,False,0,0
2025-06-30,C08,0,40.0,0.0,False,0,0
2025-07-01,A01,0,2112.0,0.0,False,0,0
2025-07-01,A02,87,3333.0,2375.0,False,0,1
2025-07-01,A03,6,616.0,0.0,False,0,0
2025-07-01,A04,2,0.0,544.0,False,2,0
2025-07-01,A05,0,3577.0,3635.0,False,0,1
2025-07-01,A06,299,4728.0,6527.0,False,0,1
2025-07-01,A07,25,378.0,734.0,False,0,0
2025-07-01,A08,0,199.0,0.0,False,0,0
2025-07-01,A09,9,323.0,669.0,False,0,0
2025-07-01,A10,11,0.0,8386.0,False,11,0
2025-07-01,B01,0,53.0,351.0,False,0,0
2025-07-01,B02,2,210.0,1627.0,False,0,0
2025-07-01,B03,7,931.0,0.0,False,0,0
2025-07-01,B04,0,326.0,0.0,False,0,0
2025-07-01,B05,3,304.0,0.0,False,0,0
2025-07-01,B06,13,909.0,0.0,False,0,0
2025-07-01,B07,10,4664.0,4951.0,False,0,1
2025-07-01,B08,6,2074.0,0.0,False,0,0
2025-07-01,B09,7,699.4,0.0,False,0,0
2025-07-01,B10,1,157.0,0.0,False,0,0
2025-07-01,B11,7,664.0,0.0,False,0,0
2025-07-01,B12,25,1139.0,0.0,False,0,0
2025-07-01,C01,0,19.0,37.0,False,0,0
2025-07-01,C02,1,179.0,0.0,False,0,0
2025-07-01,C03,0,92.0,0.0,False,0,0
2025-07-01,C04,1,232.0,0.0,False,0,0
2025-07-01,C05,5,236.0,0.0,False,0,0
2025-07-01,C06,10,232.0,0.0,False,0,0
2025-07-01,C07,2,338.8,0.0,False,0,0
2025-07-01,C08,1,39.0,0.0,False,0,0
2025-07-02,A01,8,2104.0,0.0,False,0,0
2025-07-02,A02,4,3328.0,2375.0,False,0,1
2025-07-02,A03,3,613.0,0.0,False,0,0
2025-07-02,A04,2,0.0,544.0,False,2,0
2025-07-02,A05,0,3576.0,3635.0,False,0,1
2025-07-02,A06,11,4716.0,6527.0,False,0,1
2025-07-02,A07,14,364.0,734.0,False,0,0
2025-07-02,A08,15,184.0,0.0,False,0,0
2025-07-02,A09,0,323.0,669.0,False,0,0
2025-07-02,A10,11,0.0,8386.0,False,11,0
2025-07-02,B01,0,53.0,351.0,False,0,0
2025-07-02,B02,3,207.0,1627.0,False,0,0
2025-07-02,B03,11,920.0,0.0,False,0,0
2025-07-02,B04,2,324.0,0.0,False,0,0
2025-07-02,B05,0,304.0,0.0,False,0,0
2025-07-02,B06,21,888.0,0.0,False,0,0
2025-07-02,B07,21,4642.0,4951.0,False,0,1
2025-07-02,B08,41,2033.0,0.0,False,0,0
2025-07-02,B09,0,641.0,0.0,False,0,0
2025-07-02,B10,0,157.0,0.0,False,0,0
2025-07-02,B11,9,655.0,0.0,False,0,0
2025-07-02,B12,8,1131.0,0.0,False,0,0
2025-07-02,C01,0,19.0,37.0,False,0,0
2025-07-02,C02,0,179.0,0.0,False,0,0
2025-07-02,C03,0,92.0,0.0,False,0,0
2025-07-02,C04,1,231.0,0.0,False,0,0
2025-07-02,C05,0,236.0,0.0,False,0,0
2025-07-02,C06,1,231.0,0.0,False,0,0
2025-07-02,C07,2,332.1,0.0,False,0,0
2025-07-02,C08,0,39.0,0.0,False,0,0
2025-07-03,A01,0,2104.0,0.0,False,0,0
2025-07-03,A02,2,3325.0,2375.0,False,0,1
2025-07-03,A03,2,611.0,0.0,False,0,0
2025-07-03,A04,1,0.0,544.0,False,1,0
2025-07-03,A05,8,3556.7,3635.0,False,0,1
2025-07-03,A06,110,4605.0,6527.0,False,0,1
2025-07-03,A07,24,340.0,734.0,False,0,0
2025-07-03,A08,26,158.0,0.0,False,0,0
2025-07-03,A09,1,322.0,669.0,False,0,0
2025-07-03,A10,23,0.0,8386.0,False,23,0
2025-07-03,B01,1,52.0,351.0,False,0,0
2025-07-03,B02,11,196.0,1627.0,False,0,0
2025-07-03,B03,8,912.0,0.0,False,0,0
2025-07-03,B04,3,321.0,0.0,False,0,0
2025-07-03,B05,0,304.0,0.0,False,0,0
2025-07-03,B06,2,886.0,0.0,False,0,0
2025-07-03,B07,38,4603.0,4951.0,False,0,1
2025-07-03,B08,18,2015.0,0.0,False,0,0
2025-07-03,B09,0,641.0,0.0,False,0,0
2025-07-03,B10,0,157.0,0.0,False,0,0
2025-07-03,B11,14,641.0,0.0,False,0,0
2025-07-03,B12,44,1087.0,0.0,False,0,0
2025-07-03,C01,1,18.0,61.0,True,0,0
2025-07-03,C02,5,174.0,0.0,False,0,0
2025-07-03,C03,0,92.0,0.0,False,0,0
2025-07-03,C04,2,229.0,0.0,False,0,0
2025-07-03,C05,2,234.0,0.0,False,0,0
2025-07-03,C06,0,231.0,0.0,False,0,0
2025-07-03,C07,19,257.6,0.0,False,0,0
2025-07-03,C08,0,39.0,0.0,False,0,0
2025-07-04,A01,4,2271.8,0.0,False,0,0
2025-07-04,A02,94,3230.0,2375.0,False,0,1
2025-07-04,A03,24,630.5,0.0,False,0,0
2025-07-04,A04,0,0.0,544.0,False,0,0
2025-07-04,A05,40,3526.0,3635.0,False,0,1
2025-07-04,A06,77,4527.0,6527.0,False,0,1
2025-07-04,A07,6,334.0,734.0,False,0,0
2025-07-04,A08,1,157.0,0.0,False,0,0
2025-07-04,A09,0,322.0,669.0,False,0,0
2025-07-04,A10,422,0.0,8386.0,False,422,0
2025-07-04,B01,0,52.0,351.0,False,0,0
2025-07-04,B02,0,196.0,1627.0,False,0,0
2025-07-04,B03,4,908.0,0.0,False,0,0
2025-07-04,B04,6,315.0,0.0,False,0,0
2025-07-04,B05,0,304.0,0.0,False,0,0
2025-07-04,B06,5,881.0,0.0,False,0,0
2025-07-04,B07,112,4490.0,4951.0,False,0,1
2025-07-04,B08,4,2011.0,0.0,False,0,0
2025-07-04,B09,4,637.0,0.0,False,0,0
2025-07-04,B10,15,142.0,0.0,False,0,0
2025-07-04,B11,5,636.0,0.0,False,0,0
2025-07-04,B12,14,1101.6,0.0,False,0,0
2025-07-04,C01,1,54.0,24.0,False,0,0
2025-07-04,C02,8,166.0,0.0,False,0,0
2025-07-04,C03,0,92.0,0.0,False,0,0
2025-07-04,C04,0,229.0,0.0,False,0,0
2025-07-04,C05,0,234.0,0.0,False,0,0
2025-07-04,C06,8,223.0,0.0,False,0,0
2025-07-04,C07,6,268.0,0.0,False,0,0
2025-07-04,C08,0,39.0,0.0,False,0,0
2025-07-05,A01,23,2077.0,0.0,False,0,0
2025-07-05,A02,135,3094.0,2375.0,False,0,1
2025-07-05,A03,5,582.0,0.0,False,0,0
2025-07-05,A04,3,0.0,544.0,False,3,0
2025-07-05,A05,41,3484.0,3635.0,False,0,1
2025-07-05,A06,307,4219.0,12513.0,True,0,1
2025-07-05,A07,5,329.0,734.0,False,0,0
2025-07-05,A08,0,157.0,0.0,False,0,0
2025-07-05,A09,0,322.0,669.0,False,0,0
2025-07-05,A10,57,0.0,8386.0,False,57,0
2025-07-05,B01,0,52.0,351.0,False,0,0
2025-07-05,B02,3,193.0,1627.0,False,0,0
2025-07-05,B03,61,847.0,0.0,False,0,0
2025-07-05,B04,3,312.0,0.0,False,0,0
2025-07-05,B05,0,275.1,0.0,False,0,0
2025-07-05,B06,0,837.6,0.0,False,0,0
2025-07-05,B07,103,4386.0,4951.0,False,0,1
2025-07-05,B08,14,1997.0,0.0,False,0,0
2025-07-05,B09,1,636.0,0.0,False,0,0
2025-07-05,B10,0,142.0,0.0,False,0,0
2025-07-05,B11,10,626.0,0.0,False,0,0
2025-07-05,B12,10,1063.0,0.0,False,0,0
2025-07-05,C01,6,48.0,24.0,False,0,0
2025-07-05,C02,2,139.6,0.0,False,0,0
2025-07-05,C03,1,91.0,0.0,False,0,0
2025-07-05,C04,1,228.0,0.0,False,0,0
2025-07-05,C05,0,234.0,0.0,False,0,0
2025-07-05,C06,4,219.0,0.0,False,0,0
2025-07-05,C07,0,268.0,0.0,False,0,0
2025-07-05,C08,0,39.0,0.0,False,0,0
2025-07-06,A01,3,2074.0,0.0,False,0,0
2025-07-06,A02,257,2836.0,2375.0,False,0,1
2025-07-06,A03,2,580.0,0.0,False,0,0
2025-07-06,A04,5,0.0,544.0,False,5,0
2025-07-06,A05,26,3457.0,3635.0,False,0,1
2025-07-06,A06,60,3931.7,12513.0,False,0,1
2025-07-06,A07,6,323.0,734.0,False,0,0
2025-07-06,A08,15,142.0,0.0,False,0,0
2025-07-06,A09,12,310.0,669.0,False,0,0
2025-07-06,A10,29,0.0,8386.0,False,29,0
2025-07-06,B01,15,37.0,351.0,False,0,0
2025-07-06,B02,3,190.0,1627.0,False,0,0
2025-07-06,B03,3,924.4,0.0,False,0,0
2025-07-06,B04,2,310.0,0.0,False,0,0
2025-07-06,B05,2,302.0,0.0,False,0,0
2025-07-06,B06,17,864.0,0.0,False,0,0
2025-07-06,B07,284,4101.0,4951.0,False,0,1
2025-07-06,B08,15,1982.0,0.0,False,0,0
2025-07-06,B09,9,627.0,0.0,False,0,0
2025-07-06,B10,4,138.0,0.0,False,0,0
2025-07-06,B11,7,619.0,0.0,False,0,0
2025-07-06,B12,33,1030.0,0.0,False,0,0
2025-07-06,C01,0,48.0,24.0,False,0,0
2025-07-06,C02,1,163.0,0.0,False,0,0
2025-07-06,C03,1,90.0,0.0,False,0,0
2025-07-06,C04,2,226.0,0.0,False,0,0
2025-07-06,C05,2,232.0,0.0,False,0,0
2025-07-06,C06,1,217.3,0.0,False,0,0
2025-07-06,C07,7,261.0,0.0,False,0,0
2025-07-06,C08,1,38.0,0.0,False,0,0
2025-07-07,A01,3,2071.0,0.0,False,0,0
2025-07-07,A02,170,2665.0,2375.0,False,0,1
2025-07-07,A03,4,576.0,0.0,False,0,0
2025-07-07,A04,0,0.0,544.0,False,0,0
2025-07-07,A05,158,3298.0,3635.0,False,0,1
2025-07-07,A06,22,4135.0,12513.0,False,0,1
2025-07-07,A07,2,321.0,734.0,False,0,0
2025-07-07,A08,4,138.0,0.0,False,0,0
2025-07-07,A09,14,296.0,669.0,False,0,0
2025-07-07,A10,86,0.0,8386.0,False,86,0
2025-07-07,B01,4,33.0,351.0,False,0,0
2025-07-07,B02,23,167.0,1627.0,False,0,0
2025-07-07,B03,5,839.0,0.0,False,0,0
2025-07-07,B04,0,310.0,0.0,False,0,0
2025-07-07,B05,2,300.0,0.0,False,0,0
2025-07-07,B06,25,839.0,0.0,False,0,0
2025-07-07,B07,93,4074.0,4951.0,False,0,1
2025-07-07,B08,2,1980.0,0.0,False,0,0
2025-07-07,B09,15,612.0,0.0,False,0,0
2025-07-07,B10,3,135.0,0.0,False,0,0
2025-07-07,B11,4,615.0,0.0,False,0,0
2025-07-07,B12,27,1003.0,1072.0,True,0,0
2025-07-07,C01,0,50.9,24.0,False,0,0
2025-07-07,C02,5,158.0,0.0,False,0,0
2025-07-07,C03,0,90.0,0.0,False,0,0
2025-07-07,C04,9,195.2,0.0,False,0,0
2025-07-07,C05,2,230.0,0.0,False,0,0
2025-07-07,C06,7,211.0,0.0,False,0,0
2025-07-07,C07,1,260.0,0.0,False,0,0
2025-07-07,C08,1,37.0,0.0,False,0,0
2025-07-08,A01,20,2051.0,0.0,False,0,0
2025-07-08,A02,14,5025.0,0.0,False,0,1
2025-07-08,A03,7,569.0,0.0,False,0,0
2025-07-08,A04,0,0.0,544.0,False,0,0
2025-07-08,A05,4,3293.0,3635.0,False,0,1
2025-07-08,A06,123,4011.0,12513.0,False,0,1
2025-07-08,A07,1,320.0,734.0,False,0,0
2025-07-08,A08,13,125.0,0.0,False,0,0
2025-07-08,A09,14,282.0,669.0,False,0,0
2025-07-08,A10,96,0.0,8386.0,False,96,0
2025-07-08,B01,0,33.0,351.0,False,0,0
2025-07-08,B02,6,161.0,1627.0,False,0,0
2025-07-08,B03,2,837.0,0.0,False,0,0
2025-07-08,B04,1,309.0,0.0,False,0,0
2025-07-08,B05,3,297.0,0.0,False,0,0
2025-07-08,B06,1,838.0,0.0,False,0,0
2025-07-08,B07,339,3667.0,4951.0,False,0,1
2025-07-08,B08,23,1957.0,0.0,False,0,0
2025-07-08,B09,7,605.0,0.0,False,0,0
2025-07-08,B10,1,134.0,0.0,False,0,0
2025-07-08,B11,0,615.0,0.0,False,0,0
2025-07-08,B12,18,985.0,1072.0,False,0,0
2025-07-08,C01,0,48.0,24.0,False,0,0
2025-07-08,C02,11,147.0,0.0,False,0,0
2025-07-08,C03,0,101.4,0.0,False,0,0
2025-07-08,C04,0,217.0,0.0,False,0,0
2025-07-08,C05,0,201.0,0.0,False,0,0
2025-07-08,C06,1,207.0,0.0,False,0,0
2025-07-08,C07,0,260.0,0.0,False,0,0
2025-07-08,C08,1,36.0,0.0,False,0,0
2025-07-09,A01,0,2051.0,0.0,False,0,0
2025-07-09,A02,84,4940.0,0.0,False,0,1
2025-07-09,A03,41,528.0,798.0,True,0,0
2025-07-09,A04,9,0.0,544.0,False,9,0
2025-07-09,A05,19,3273.0,3635.0,False,0,1
2025-07-09,A06,49,3961.0,12513.0,False,0,1
2025-07-09,A07,5,315.0,734.0,False,0,0
2025-07-09,A08,12,113.0,0.0,False,0,0
2025-07-09,A09,2,280.0,669.0,False,0,0
2025-07-09,A10,8,0.0,8386.0,False,8,0
2025-07-09,B01,1,32.0,351.0,False,0,0
2025-07-09,B02,17,144.0,1627.0,False,0,0
2025-07-09,B03,1,836.0,0.0,False,0,0
2025-07-09,B04,0,309.0,0.0,False,0,0
2025-07-09,B05,0,297.0,0.0,False,0,0
2025-07-09,B06,2,836.0,0.0,False,0,0
2025-07-09,B07,33,3633.0,4951.0,False,0,1
2025-07-09,B08,22,1935.0,0.0,False,0,0
2025-07-09,B09,1,604.0,0.0,False,0,0
2025-07-09,B10,2,132.0,0.0,False,0,0
2025-07-09,B11,4,643.3,0.0,False,0,0
2025-07-09,B12,1,984.0,1072.0,False,0,0
2025-07-09,C01,0,48.0,24.0,False,0,0
2025-07-09,C02,0,147.0,0.0,False,0,0
2025-07-09,C03,1,83.3,0.0,False,0,0
2025-07-09,C04,0,217.0,0.0,False,0,0
2025-07-09,C05,1,229.0,0.0,False,0,0
2025-07-09,C06,13,197.0,0.0,False,0,0
2025-07-09,C07,0,260.0,0.0,False,0,0
2025-07-09,C08,0,36.0,0.0,False,0,0
2025-07-10,A01,23,2028.0,0.0,False,0,0
2025-07-10,A02,2,4937.0,0.0,False,0,1
2025-07-10,A03,0,517.8,798.0,False,0,0
2025-07-10,A04,0,0.0,544.0,False,0,0
2025-07-10,A05,122,2885.3,3635.0,False,0,1
2025-07-10,A06,240,3720.0,12513.0,False,0,1
2025-07-10,A07,11,304.0,734.0,False,0,0
2025-07-10,A08,6,107.0,0.0,False,0,0
2025-07-10,A09,0,280.0,669.0,False,0,0
2025-07-10,A10,36,0.0,8386.0,False,36,0
2025-07-10,B01,7,25.0,351.0,False,0,0
2025-07-10,B02,13,131.0,1627.0,False,0,0
2025-07-10,B03,0,836.0,0.0,False,0,0
2025-07-10,B04,16,293.0,0.0,False,0,0
2025-07-10,B05,0,297.0,0.0,False,0,0
2025-07-10,B06,19,817.0,0.0,False,0,0
2025-07-10,B07,141,3491.0,4951.0,False,0,1
2025-07-10,B08,3,1932.0,0.0,False,0,0
2025-07-10,B09,6,598.0,0.0,False,0,0
2025-07-10,B10,1,131.0,0.0,False,0,0
2025-07-10,B11,5,559.0,0.0,False,0,0
2025-07-10,B12,17,862.1,1072.0,False,0,0
2025-07-10,C01,2,46.0,24.0,False,0,0
2025-07-10,C02,0,147.0,0.0,False,0,0
2025-07-10,C03,0,89.0,0.0,False,0,0
2025-07-10,C04,2,215.0,0.0,False,0,0
2025-07-10,C05,0,229.0,0.0,False,0,0
2025-07-10,C06,0,215.8,0.0,False,0,0
2025-07-10,C07,0,260.0,0.0,False,0,0
2025-07-10,C08,0,36.0,0.0,False,0,0
2025-07-11,A01,60,1968.0,0.0,False,0,0
2025-07-11,A02,45,4891.0,0.0,False,0,1
2025-07-11,A03,2,549.8,798.0,False,0,0
2025-07-11,A04,2,0.0,544.0,False,2,0
2025-07-11,A05,178,3242.0,3635.0,False,0,1
2025-07-11,A06,150,3569.0,12513.0,False,0,1
2025-07-11,A07,1,303.0,734.0,False,0,0
2025-07-11,A08,10,97.0,330.0,True,0,0
2025-07-11,A09,0,280.0,669.0,False,0,0
2025-07-11,A10,186,0.0,8386.0,False,186,0
2025-07-11,B01,0,25.0,351.0,False,0,0
2025-07-11,B02,28,103.0,1627.0,False,0,0
2025-07-11,B03,0,836.0,0.0,False,0,0
2025-07-11,B04,2,291.0,0.0,False,0,0
2025-07-11,B05,0,297.0,0.0,False,0,0
2025-07-11,B06,1,816.0,0.0,False,0,0
2025-07-11,B07,111,3379.0,4951.0,False,0,1
2025-07-11,B08,13,1919.0,0.0,False,0,0
2025-07-11,B09,4,594.0,0.0,False,0,0
2025-07-11,B10,0,131.0,0.0,False,0,0
2025-07-11,B11,1,605.0,0.0,False,0,0
2025-07-11,B12,48,919.0,1072.0,False,0,0
2025-07-11,C01,2,44.0,24.0,False,0,0
2025-07-11,C02,0,147.0,0.0,False,0,0
2025-07-11,C03,0,89.0,0.0,False,0,0
2025-07-11,C04,1,214.0,0.0,False,0,0
2025-07-11,C05,1,228.0,0.0,False,0,0
2025-07-11,C06,8,189.0,0.0,False,0,0
2025-07-11,C07,2,258.0,0.0,False,0,0
2025-07-11,C08,0,36.0,0.0,False,0,0
2025-07-12,A01,22,1946.0,0.0,False,0,0
2025-07-12,A02,17,4873.0,0.0,False,0,1
2025-07-12,A03,1,525.0,798.0,False,0,0
2025-07-12,A04,0,0.0,544.0,False,0,0
2025-07-12,A05,7,2963.0,3635.0,False,0,1
2025-07-12,A06,62,3506.0,12513.0,False,0,1
2025-07-12,A07,23,280.0,734.0,False,0,0
2025-07-12,A08,6,91.0,330.0,False,0,0
2025-07-12,A09,2,278.0,669.0,False,0,0
2025-07-12,A10,0,0.0,8386.0,False,0,0
2025-07-12,B01,0,25.0,351.0,False,0,0
2025-07-12,B02,2,101.0,1627.0,False,0,0
2025-07-12,B03,0,836.0,0.0,False,0,0
2025-07-12,B04,1,290.0,0.0,False,0,0
2025-07-12,B05,1,296.0,0.0,False,0,0
2025-07-12,B06,0,737.1,0.0,False,0,0
2025-07-12,B07,89,3289.0,4951.0,False,0,1
2025-07-12,B08,17,1902.0,0.0,False,0,0
2025-07-12,B09,0,594.0,0.0,False,0,0
2025-07-12,B10,2,129.0,0.0,False,0,0
2025-07-12,B11,4,601.0,0.0,False,0,0
2025-07-12,B12,8,911.0,1072.0,False,0,0
2025-07-12,C01,0,41.1,24.0,False,0,0
2025-07-12,C02,1,146.0,0.0,False,0,0
2025-07-12,C03,0,89.0,0.0,False,0,0
2025-07-12,C04,3,211.0,0.0,False,0,0
2025-07-12,C05,1,227.0,0.0,False,0,0
2025-07-12,C06,0,210.0,0.0,False,0,0
2025-07-12,C07,0,258.0,0.0,False,0,0
2025-07-12,C08,0,36.0,0.0,False,0,0
2025-07-13,A01,9,1937.0,0.0,False,0,0
2025-07-13,A02,110,4762.0,0.0,False,0,1
2025-07-13,A03,13,512.0,798.0,False,0,0
2025-07-13,A04,7,0.0,544.0,False,7,0
2025-07-13,A05,34,2928.0,3635.0,False,0,1
2025-07-13,A06,61,3221.0,12513.0,False,0,1
2025-07-13,A07,0,319.7,734.0,False,0,0
2025-07-13,A08,8,83.0,330.0,False,0,0
2025-07-13,A09,0,947.0,0.0,False,0,0
2025-07-13,A10,40,0.0,8386.0,False,40,0
2025-07-13,B01,9,16.0,351.0,False,0,0
2025-07-13,B02,0,101.0,1627.0,False,0,0
2025-07-13,B03,0,836.0,0.0,False,0,0
2025-07-13,B04,19,233.3,845.0,True,0,0
2025-07-13,B05,1,295.0,0.0,False,0,0
2025-07-13,B06,2,814.0,0.0,False,0,0
2025-07-13,B07,255,3033.0,4951.0,False,0,1
2025-07-13,B08,4,1898.0,0.0,False,0,0
2025-07-13,B09,1,593.0,0.0,False,0,0
2025-07-13,B10,10,119.0,0.0,False,0,0
2025-07-13,B11,1,600.0,0.0,False,0,0
2025-07-13,B12,16,895.0,1072.0,False,0,0
2025-07-13,C01,0,44.0,24.0,False,0,0
2025-07-13,C02,3,143.0,0.0,False,0,0
2025-07-13,C03,1,88.0,0.0,False,0,0
2025-07-13,C04,8,203.0,0.0,False,0,0
2025-07-13,C05,0,227.0,0.0,False,0,0
2025-07-13,C06,1,188.0,0.0,False,0,0
2025-07-13,C07,0,258.0,0.0,False,0,0
2025-07-13,C08,1,35.0,0.0,False,0,0
2025-07-14,A01,50,1887.0,1116.0,True,0,0
2025-07-14,A02,207,4554.0,0.0,False,0,1
2025-07-14,A03,6,506.0,798.0,False,0,0
2025-07-14,A04,3,0.0,544.0,False,3,0
2025-07-14,A05,67,2860.0,3635.0,False,0,1
2025-07-14,A06,46,3397.0,12513.0,False,0,1
2025-07-14,A07,19,274.8,734.0,False,0,0
2025-07-14,A08,23,65.6,330.0,False,0,0
2025-07-14,A09,0,947.0,0.0,False,0,0
2025-07-14,A10,292,0.0,8386.0,False,292,0
2025-07-14,B01,6,10.0,351.0,False,0,0
2025-07-14,B02,6,95.0,1627.0,False,0,0
2025-07-14,B03,2,834.0,0.0,False,0,0
2025-07-14,B04,4,236.6,845.0,False,0,0
2025-07-14,B05,0,322.8,0.0,False,0,0
2025-07-14,B06,3,811.0,0.0,False,0,0
2025-07-14,B07,152,2720.2,4951.0,False,0,1
2025-07-14,B08,26,1872.0,0.0,False,0,0
2025-07-14,B09,1,592.0,0.0,False,0,0
2025-07-14,B10,3,116.0,0.0,False,0,0
2025-07-14,B11,6,594.0,0.0,False,0,0
2025-07-14,B12,18,877.0,1072.0,False,0,0
2025-07-14,C01,0,44.0,24.0,False,0,0
2025-07-14,C02,7,136.0,0.0,False,0,0
2025-07-14,C03,0,88.0,0.0,False,0,0
2025-07-14,C04,1,202.0,0.0,False,0,0
2025-07-14,C05,2,225.0,0.0,False,0,0
2025-07-14,C06,2,186.0,0.0,False,0,0
2025-07-14,C07,4,254.0,0.0,False,0,0
2025-07-14,C08,0,35.0,0.0,False,0,0
2025-07-15,A01,78,1809.0,1116.0,False,0,0
2025-07-15,A02,5,4548.0,0.0,False,0,1
2025-07-15,A03,0,506.0,798.0,False,0,0
2025-07-15,A04,0,0.0,544.0,False,0,0
2025-07-15,A05,70,2789.0,3635.0,False,0,1
2025-07-15,A06,100,3664.8,12513.0,False,0,1
2025-07-15,A07,17,244.0,1472.0,True,0,0
2025-07-15,A08,6,54.0,330.0,False,0,0
2025-07-15,A09,4,943.0,0.0,False,0,0
2025-07-15,A10,24,0.0,8386.0,False,24,0
2025-07-15,B01,6,4.3,351.0,False,0,0
2025-07-15,B02,18,77.0,1627.0,False,0,0
2025-07-15,B03,1,833.0,0.0,False,0,0
2025-07-15,B04,14,253.0,845.0,False,0,0
2025-07-15,B05,0,295.0,0.0,False,0,0
2025-07-15,B06,13,798.0,0.0,False,0,0
2025-07-15,B07,18,2861.0,4951.0,False,0,1
2025-07-15,B08,7,1865.0,0.0,False,0,0
2025-07-15,B09,13,609.3,0.0,False,0,0
2025-07-15,B10,4,112.7,0.0,False,0,0
2025-07-15,B11,25,569.0,0.0,False,0,0
2025-07-15,B12,35,842.0,1072.0,False,0,0
2025-07-15,C01,0,44.0,24.0,False,0,0
2025-07-15,C02,4,132.0,0.0,False,0,0
2025-07-15,C03,1,87.0,0.0,False,0,0
2025-07-15,C04,2,200.0,0.0,False,0,0
2025-07-15,C05,1,224.0,0.0,False,0,0
2025-07-15,C06,0,186.0,0.0,False,0,0
2025-07-15,C07,9,245.0,0.0,False,0,0
2025-07-15,C08,1,34.0,0.0,False,0,0
2025-07-16,A01,50,1759.0,1116.0,False,0,0
2025-07-16,A02,83,4464.0,0.0,False,0,1
2025-07-16,A03,7,1297.0,0.0,False,0,0
2025-07-16,A04,1,0.0,544.0,False,1,0
2025-07-16,A05,74,2714.0,3635.0,False,0,1
2025-07-16,A06,141,9680.0,5986.0,False,0,2
2025-07-16,A07,37,207.0,1472.0,False,0,0
2025-07-16,A08,15,39.0,330.0,False,0,0
2025-07-16,A09,11,932.0,0.0,False,0,0
2025-07-16,A10,64,0.0,8386.0,False,64,0
2025-07-16,B01,3,0.9,351.0,False,0,0
2025-07-16,B02,19,58.6,1627.0,False,0,0
2025-07-16,B03,0,833.0,0.0,False,0,0
2025-07-16,B04,1,252.0,845.0,False,0,0
2025-07-16,B05,1,294.0,0.0,False,0,0
2025-07-16,B06,9,789.0,0.0,False,0,0
2025-07-16,B07,6,2854.0,4951.0,False,0,1
2025-07-16,B08,8,1857.0,0.0,False,0,0
2025-07-16,B09,2,570.9,0.0,False,0,0
2025-07-16,B10,6,106.0,0.0,False,0,0
2025-07-16,B11,24,545.0,0.0,False,0,0
2025-07-16,B12,0,842.0,1072.0,False,0,0
2025-07-16,C01,1,43.0,24.0,False,0,0
2025-07-16,C02,4,128.0,0.0,False,0,0
2025-07-16,C03,0,87.0,0.0,False,0,0
2025-07-16,C04,10,195.6,0.0,False,0,0
2025-07-16,C05,1,223.0,0.0,False,0,0
2025-07-16,C06,2,184.0,0.0,False,0,0
2025-07-16,C07,3,242.0,0.0,False,0,0
2025-07-16,C08,1,33.0,0.0,False,0,0
2025-07-17,A01,5,1754.0,1116.0,False,0,0
2025-07-17,A02,36,4676.4,0.0,False,0,1
2025-07-17,A03,3,1294.0,0.0,False,0,0
2025-07-17,A04,0,0.0,544.0,False,0,0
2025-07-17,A05,0,2713.0,3635.0,False,0,1
2025-07-17,A06,261,9417.0,5986.0,False,0,2
2025-07-17,A07,33,174.0,1472.0,False,0,0
2025-07-17,A08,0,39.0,330.0,False,0,0
2025-07-17,A09,1,931.0,0.0,False,0,0
2025-07-17,A10,100,0.0,8386.0,False,100,0
2025-07-17,B01,0,1.0,351.0,False,0,0
2025-07-17,B02,20,38.0,1627.0,False,0,0
2025-07-17,B03,13,820.0,0.0,False,0,0
2025-07-17,B04,0,252.0,845.0,False,0,0
2025-07-17,B05,0,294.0,0.0,False,0,0
2025-07-17,B06,7,782.0,0.0,False,0,0
2025-07-17,B07,139,2714.0,4951.0,False,0,1
2025-07-17,B08,7,1850.0,0.0,False,0,0
2025-07-17,B09,1,576.0,0.0,False,0,0
2025-07-17,B10,0,111.2,0.0,False,0,0
2025-07-17,B11,1,544.0,0.0,False,0,0
2025-07-17,B12,10,832.0,1072.0,False,0,0
2025-07-17,C01,1,42.0,24.0,False,0,0
2025-07-17,C02,5,123.0,0.0,False,0,0
2025-07-17,C03,0,87.0,0.0,False,0,0
2025-07-17,C04,0,190.0,0.0,False,0,0
2025-07-17,C05,1,222.0,0.0,False,0,0
2025-07-17,C06,5,179.0,0.0,False,0,0
2025-07-17,C07,0,242.0,0.0,False,0,0
2025-07-17,C08,0,33.0,0.0,False,0,0
2025-07-18,A01,72,1682.0,1116.0,False,0,0
2025-07-18,A02,141,4285.0,2363.0,True,0,1
2025-07-18,A03,0,1294.0,0.0,False,0,0
2025-07-18,A04,5,0.0,544.0,False,5,0
2025-07-18,A05,29,3061.7,3635.0,False,0,1
2025-07-18,A06,44,9371.0,5986.0,False,0,2
2025-07-18,A07,7,167.0,1472.0,False,0,0
2025-07-18,A08,3,36.0,330.0,False,0,0
2025-07-18,A09,12,919.0,0.0,False,0,0
2025-07-18,A10,215,0.0,8386.0,False,215,0
2025-07-18,B01,6,0.0,351.0,False,5,0
2025-07-18,B02,0,38.0,1627.0,False,0,0
2025-07-18,B03,1,819.0,0.0,False,0,0
2025-07-18,B04,3,249.0,845.0,False,0,0
2025-07-18,B05,0,294.0,0.0,False,0,0
2025-07-18,B06,14,768.0,0.0,False,0,0
2025-07-18,B07,100,7563.0,0.0,False,0,2
2025-07-18,B08,27,1823.0,0.0,False,0,0
2025-07-18,B09,27,549.0,0.0,False,0,0
2025-07-18,B10,0,106.0,0.0,False,0,0
2025-07-18,B11,5,539.0,0.0,False,0,0
2025-07-18,B12,2,830.0,1072.0,False,0,0
2025-07-18,C01,0,42.0,24.0,False,0,0
2025-07-18,C02,0,123.0,0.0,False,0,0
2025-07-18,C03,0,87.0,0.0,False,0,0
2025-07-18,C04,3,187.0,0.0,False,0,0
2025-07-18,C05,1,221.0,0.0,False,0,0
2025-07-18,C06,12,167.0,0.0,False,0,0
2025-07-18,C07,0,243.8,0.0,False,0,0
2025-07-18,C08,0,33.0,0.0,False,0,0
2025-07-19,A01,17,1665.0,1116.0,False,0,0
2025-07-19,A02,0,4284.0,2363.0,False,0,1
2025-07-19,A03,2,1292.0,0.0,False,0,0
2025-07-19,A04,1,0.0,544.0,False,1,0
2025-07-19,A05,87,2595.0,3635.0,False,0,1
2025-07-19,A06,1733,7636.0,5986.0,False,0,2
2025-07-19,A07,4,163.0,1472.0,False,0,0
2025-07-19,A08,0,36.0,330.0,False,0,0
2025-07-19,A09,4,915.0,0.0,False,0,0
2025-07-19,A10,8,0.0,8386.0,False,8,0
2025-07-19,B01,3,0.0,351.0,False,3,0
2025-07-19,B02,5,33.0,1627.0,False,0,0
2025-07-19,B03,3,816.0,0.0,False,0,0
2025-07-19,B04,1,248.0,845.0,False,0,0
2025-07-19,B05,0,294.0,0.0,False,0,0
2025-07-19,B06,0,768.0,0.0,False,0,0
2025-07-19,B07,57,7504.0,0.0,False,0,2
2025-07-19,B08,8,1815.0,0.0,False,0,0
2025-07-19,B09,0,521.9,0.0,False,0,0
2025-07-19,B10,0,106.0,0.0,False,0,0
2025-07-19,B11,2,537.0,0.0,False,0,0
2025-07-19,B12,10,820.0,1072.0,False,0,0
2025-07-19,C01,1,45.9,24.0,False,0,0
2025-07-19,C02,0,125.1,0.0,False,0,0
2025-07-19,C03,0,87.0,0.0,False,0,0
2025-07-19,C04,2,185.0,0.0,False,0,0
2025-07-19,C05,0,221.0,0.0,False,0,0
2025-07-19,C06,8,159.0,0.0,False,0,0
2025-07-19,C07,3,239.0,0.0,False,0,0
2025-07-19,C08,3,30.0,0.0,False,0,0
2025-07-20,A01,64,1601.0,1116.0,False,0,0
2025-07-20,A02,3,4280.0,2363.0,False,0,1
2025-07-20,A03,1,1291.0,0.0,False,0,0
2025-07-20,A04,0,0.0,544.0,False,0,0
2025-07-20,A05,21,2573.0,3635.0,False,0,1
2025-07-20,A06,245,7389.0,5986.0,False,0,2
2025-07-20,A07,9,154.0,1472.0,False,0,0
2025-07-20,A08,29,7.0,330.0,False,0,0
2025-07-20,A09,1,914.0,0.0,False,0,0
2025-07-20,A10,262,0.0,8386.0,False,262,0
2025-07-20,B01,22,0.0,351.0,False,22,0
2025-07-20,B02,11,22.0,1627.0,False,0,0
2025-07-20,B03,0,816.0,0.0,False,0,0
2025-07-20,B04,5,243.0,845.0,False,0,0
2025-07-20,B05,0,294.0,0.0,False,0,0
2025-07-20,B06,16,752.0,0.0,False,0,0
2025-07-20,B07,87,7415.0,0.0,False,0,2
2025-07-20,B08,5,1810.0,0.0,False,0,0
2025-07-20,B09,9,540.0,0.0,False,0,0
2025-07-20,B10,0,99.1,0.0,False,0,0
2025-07-20,B11,14,523.0,0.0,False,0,0
2025-07-20,B12,25,795.0,1072.0,False,0,0
2025-07-20,C01,2,39.0,24.0,False,0,0
2025-07-20,C02,0,123.0,0.0,False,0,0
2025-07-20,C03,0,87.0,0.0,False,0,0
2025-07-20,C04,2,183.0,0.0,False,0,0
2025-07-20,C05,0,221.0,0.0,False,0,0
2025-07-20,C06,0,159.0,0.0,False,0,0
2025-07-20,C07,0,239.0,0.0,False,0,0
2025-07-20,C08,0,30.0,0.0,False,0,0
2025-07-21,A01,135,1466.0,1116.0,False,0,0
2025-07-21,A02,17,4262.0,2363.0,False,0,1
2025-07-21,A03,0,1291.0,0.0,False,0,0
2025-07-21,A04,0,0.0,544.0,False,0,0
2025-07-21,A05,41,2531.0,3635.0,False,0,1
2025-07-21,A06,342,7046.0,5986.0,False,0,1
2025-07-21,A07,25,129.0,1472.0,False,0,0
2025-07-21,A08,2,5.0,330.0,False,0,0
2025-07-21,A09,9,905.0,0.0,False,0,0
2025-07-21,A10,453,0.0,8386.0,False,453,0
2025-07-21,B01,5,0.0,351.0,False,5,0
2025-07-21,B02,18,4.0,1627.0,False,0,0
2025-07-21,B03,17,799.0,0.0,False,0,0
2025-07-21,B04,5,238.0,845.0,False,0,0
2025-07-21,B05,1,293.0,0.0,False,0,0
2025-07-21,B06,2,750.0,0.0,False,0,0
2025-07-21,B07,86,7327.0,0.0,False,0,2
2025-07-21,B08,34,1776.0,0.0,False,0,0
2025-07-21,B09,0,540.0,0.0,False,0,0
2025-07-21,B10,0,106.0,0.0,False,0,0
2025-07-21,B11,1,522.0,0.0,False,0,0
2025-07-21,B12,7,788.0,1072.0,False,0,0
2025-07-21,C01,1,38.0,24.0,False,0,0
2025-07-21,C02,2,121.0,0.0,False,0,0
2025-07-21,C03,0,87.0,0.0,False,0,0
2025-07-21,C04,2,181.0,466.0,True,0,0
2025-07-21,C05,7,214.0,0.0,False,0,0
2025-07-21,C06,0,159.0,0.0,False,0,0
2025-07-21,C07,0,239.0,0.0,False,0,0
2025-07-21,C08,0,30.0,0.0,False,0,0
2025-07-22,A01,34,1432.0,1116.0,False,0,0
2025-07-22,A02,90,4171.0,2363.0,False,0,1
2025-07-22,A03,12,1126.5,0.0,False,0,0
2025-07-22,A04,3,0.0,544.0,False,3,0
2025-07-22,A05,145,2386.0,3635.0,False,0,0
2025-07-22,A06,3,7042.0,5986.0,False,0,1
2025-07-22,A07,2,127.0,1472.0,False,0,0
2025-07-22,A08,0,5.0,330.0,False,0,0
2025-07-22,A09,13,892.0,0.0,False,0,0
2025-07-22,A10,324,0.0,8386.0,False,324,0
2025-07-22,B01,1,0.0,351.0,False,1,0
2025-07-22,B02,7,1624.0,0.0,False,0,0
2025-07-22,B03,1,798.0,0.0,False,0,0
2025-07-22,B04,16,222.0,845.0,False,0,0
2025-07-22,B05,1,292.0,0.0,False,0,0
2025-07-22,B06,14,736.0,0.0,False,0,0
2025-07-22,B07,32,8148.1,0.0,False,0,1
2025-07-22,B08,8,1538.6,0.0,False,0,0
2025-07-22,B09,7,612.4,0.0,False,0,0
2025-07-22,B10,3,103.0,0.0,False,0,0
2025-07-22,B11,38,484.0,0.0,False,0,0
2025-07-22,B12,31,757.0,1072.0,False,0,0
2025-07-22,C01,0,37.5,24.0,False,0,0
2025-07-22,C02,6,115.0,0.0,False,0,0
2025-07-22,C03,0,87.0,0.0,False,0,0
2025-07-22,C04,6,175.0,466.0,False,0,0
2025-07-22,C05,2,238.5,0.0,False,0,0
2025-07-22,C06,1,168.7,0.0,False,0,0
2025-07-22,C07,1,238.0,0.0,False,0,0
2025-07-22,C08,1,29.0,0.0,False,0,0
2025-07-23,A01,0,1432.0,1116.0,False,0,0
2025-07-23,A02,230,3418.4,2363.0,False,0,1
2025-07-23,A03,1,1278.0,0.0,False,0,0
2025-07-23,A04,2,0.0,544.0,False,2,0
2025-07-23,A05,10,2376.0,3635.0,False,0,0
2025-07-23,A06,80,6961.0,5986.0,False,0,1
2025-07-23,A07,9,118.0,1472.0,False,0,0
2025-07-23,A08,9,0.0,330.0,False,4,0
2025-07-23,A09,5,887.0,0.0,False,0,0
2025-07-23,A10,170,0.0,8386.0,False,170,0
2025-07-23,B01,0,0.0,351.0,False,0,0
2025-07-23,B02,2,1622.0,0.0,False,0,0
2025-07-23,B03,1,797.0,0.0,False,0,0
2025-07-23,B04,0,222.0,845.0,False,0,0
2025-07-23,B05,0,249.1,0.0,False,0,0
2025-07-23,B06,21,715.0,0.0,False,0,0
2025-07-23,B07,116,7599.7,0.0,False,0,1
2025-07-23,B08,41,1727.0,0.0,False,0,0
2025-07-23,B09,1,532.0,0.0,False,0,0
2025-07-23,B10,3,100.0,0.0,False,0,0
2025-07-23,B11,11,473.0,0.0,False,0,0
2025-07-23,B12,1,756.0,1072.0,False,0,0
2025-07-23,C01,1,37.0,24.0,False,0,0
2025-07-23,C02,6,109.0,0.0,False,0,0
2025-07-23,C03,0,87.0,0.0,False,0,0
2025-07-23,C04,0,175.0,466.0,False,0,0
2025-07-23,C05,1,211.0,0.0,False,0,0
2025-07-23,C06,0,158.0,0.0,False,0,0
2025-07-23,C07,12,226.0,0.0,False,0,0
2025-07-23,C08,1,28.0,0.0,False,0,0
2025-07-24,A01,3,1447.7,1116.0,False,0,0
2025-07-24,A02,138,4284.9,2363.0,False,0,1
2025-07-24,A03,10,1268.0,0.0,False,0,0
2025-07-24,A04,6,0.0,544.0,False,6,0
2025-07-24,A05,222,2154.0,3635.0,False,0,0
2025-07-24,A06,10,6950.0,5986.0,False,0,1
2025-07-24,A07,2,100.7,1472.0,False,0,0
2025-07-24,A08,10,0.0,330.0,False,10,0
2025-07-24,A09,3,847.3,0.0,False,0,0
2025-07-24,A10,21,0.0,8386.0,False,21,0
2025-07-24,B01,4,0.0,351.0,False,4,0
2025-07-24,B02,32,1430.6,0.0,False,0,0
2025-07-24,B03,2,795.0,0.0,False,0,0
2025-07-24,B04,10,212.0,845.0,False,0,0
2025-07-24,B05,0,292.0,0.0,False,0,0
2025-07-24,B06,13,702.0,0.0,False,0,0
2025-07-24,B07,27,7149.0,0.0,False,0,1
2025-07-24,B08,20,1707.0,0.0,False,0,0
2025-07-24,B09,0,532.0,0.0,False,0,0
2025-07-24,B10,3,97.0,0.0,False,0,0
2025-07-24,B11,35,438.0,0.0,False,0,0
2025-07-24,B12,29,727.0,1072.0,False,0,0
2025-07-24,C01,1,36.0,24.0,False,0,0
2025-07-24,C02,17,92.0,921.0,True,0,0
2025-07-24,C03,1,86.0,0.0,False,0,0
2025-07-24,C04,11,164.0,466.0,False,0,0
2025-07-24,C05,0,211.0,0.0,False,0,0
2025-07-24,C06,2,156.0,0.0,False,0,0
2025-07-24,C07,2,224.0,0.0,False,0,0
2025-07-24,C08,1,27.0,0.0,False,0,0
2025-07-25,A01,20,1409.0,1116.0,False,0,0
2025-07-25,A02,3,3797.0,2363.0,False,0,1
2025-07-25,A03,0,1268.0,0.0,False,0,0
2025-07-25,A04,1,0.0,544.0,False,1,0
2025-07-25,A05,162,1992.0,3635.0,False,0,0
2025-07-25,A06,13,6917.7,5986.0,False,0,1
2025-07-25,A07,6,110.0,1472.0,False,0,0
2025-07-25,A08,2,0.0,330.0,False,2,0
2025-07-25,A09,9,875.0,0.0,False,0,0
2025-07-25,A10,244,0.0,8386.0,False,244,0
2025-07-25,B01,4,0.0,351.0,False,4,0
2025-07-25,B02,1,1589.0,0.0,False,0,0
2025-07-25,B03,3,792.0,0.0,False,0,0
2025-07-25,B04,4,1109.7,0.0,False,0,0
2025-07-25,B05,1,291.0,0.0,False,0,0
2025-07-25,B06,1,701.0,0.0,False,0,0
2025-07-25,B07,202,6946.0,0.0,False,0,1
2025-07-25,B08,2,1908.3,0.0,False,0,0
2025-07-25,B09,1,531.0,0.0,False,0,0
2025-07-25,B10,4,93.0,0.0,False,0,0
2025-07-25,B11,14,424.0,0.0,False,0,0
2025-07-25,B12,8,719.0,1072.0,False,0,0
2025-07-25,C01,1,35.0,24.0,False,0,0
2025-07-25,C02,8,84.0,921.0,False,0,0
2025-07-25,C03,0,86.0,0.0,False,0,0
2025-07-25,C04,5,159.0,466.0,False,0,0
2025-07-25,C05,4,207.0,0.0,False,0,0
2025-07-25,C06,5,151.0,0.0,False,0,0
2025-07-25,C07,13,211.0,0.0,False,0,0
2025-07-25,C08,0,27.0,0.0,False,0,0
2025-07-26,A01,20,1389.0,1116.0,False,0,0
2025-07-26,A02,118,3840.0,2363.0,False,0,1
2025-07-26,A03,16,1252.0,0.0,False,0,0
2025-07-26,A04,0,0.0,544.0,False,0,0
2025-07-26,A05,61,1931.0,3635.0,False,0,0
2025-07-26,A06,308,6627.0,5986.0,False,0,1
2025-07-26,A07,13,97.0,1472.0,False,0,0
2025-07-26,A08,0,0.0,330.0,False,0,0
2025-07-26,A09,1,874.0,0.0,False,0,0
2025-07-26,A10,1,0.0,8386.0,False,1,0
2025-07-26,B01,1,0.0,351.0,False,1,0
2025-07-26,B02,5,1372.6,0.0,False,0,0
2025-07-26,B03,3,789.0,0.0,False,0,0
2025-07-26,B04,3,1050.0,0.0,False,0,0
2025-07-26,B05,0,291.0,0.0,False,0,0
2025-07-26,B06,18,683.0,0.0,False,0,0
2025-07-26,B07,82,6863.0,0.0,False,0,1
2025-07-26,B08,0,1704.8,0.0,False,0,0
2025-07-26,B09,10,521.0,0.0,False,0,0
2025-07-26,B10,4,89.0,0.0,False,0,0
2025-07-26,B11,2,422.0,0.0,False,0,0
2025-07-26,B12,17,702.0,1072.0,False,0,0
2025-07-26,C01,0,35.0,24.0,False,0,0
2025-07-26,C02,3,71.6,921.0,False,0,0
2025-07-26,C03,0,86.0,0.0,False,0,0
2025-07-26,C04,8,156.1,466.0,False,0,0
2025-07-26,C05,0,207.0,0.0,False,0,0
2025-07-26,C06,8,143.0,0.0,False,0,0
2025-07-26,C07,3,208.0,0.0,False,0,0
2025-07-26,C08,1,26.0,0.0,False,0,0
2025-07-27,A01,13,1376.0,1116.0,False,0,0
2025-07-27,A02,51,3983.6,2363.0,False,0,1
2025-07-27,A03,26,1226.0,0.0,False,0,0
2025-07-27,A04,6,0.0,544.0,False,6,0
2025-07-27,A05,68,1863.0,3635.0,False,0,0
2025-07-27,A06,9,6617.0,5986.0,False,0,1
2025-07-27,A07,24,73.0,1472.0,False,0,0
2025-07-27,A08,1,0.0,330.0,False,1,0
2025-07-27,A09,21,853.0,0.0,False,0,0
2025-07-27,A10,111,0.0,8386.0,False,111,0
2025-07-27,B01,0,0.0,351.0,False,0,0
2025-07-27,B02,17,1567.0,0.0,False,0,0
2025-07-27,B03,13,776.0,0.0,False,0,0
2025-07-27,B04,5,1045.0,0.0,False,0,0
2025-07-27,B05,0,291.0,0.0,False,0,0
2025-07-27,B06,31,652.0,0.0,False,0,0
2025-07-27,B07,9,7059.7,0.0,False,0,1
2025-07-27,B08,7,1698.0,0.0,False,0,0
2025-07-27,B09,3,580.1,0.0,False,0,0
2025-07-27,B10,3,86.0,0.0,False,0,0
2025-07-27,B11,15,407.0,0.0,False,0,0
2025-07-27,B12,3,699.0,1072.0,False,0,0
2025-07-27,C01,2,33.0,24.0,False,0,0
2025-07-27,C02,8,73.0,921.0,False,0,0
2025-07-27,C03,0,86.0,0.0,False,0,0
2025-07-27,C04,5,146.0,466.0,False,0,0
2025-07-27,C05,2,205.0,0.0,False,0,0
2025-07-27,C06,0,143.0,0.0,False,0,0
2025-07-27,C07,11,197.0,0.0,False,0,0
2025-07-27,C08,0,26.0,0.0,False,0,0
2025-07-28,A01,60,1180.0,1116.0,False,0,0
2025-07-28,A02,17,3608.0,2363.0,False,0,1
2025-07-28,A03,1,1225.0,0.0,False,0,0
2025-07-28,A04,3,0.0,544.0,False,3,0
2025-07-28,A05,151,1712.0,3635.0,False,0,0
2025-07-28,A06,90,6526.0,5986.0,False,0,1
2025-07-28,A07,33,40.0,1472.0,False,0,0
2025-07-28,A08,4,0.0,330.0,False,4,0
2025-07-28,A09,3,850.0,0.0,False,0,0
2025-07-28,A10,6,0.0,8386.0,False,6,0
2025-07-28,B01,0,0.0,351.0,False,0,0
2025-07-28,B02,11,1556.0,0.0,False,0,0
2025-07-28,B03,6,770.0,0.0,False,0,0
2025-07-28,B04,6,1151.2,0.0,False,0,0
2025-07-28,B05,0,291.0,0.0,False,0,0
2025-07-28,B06,40,696.8,0.0,False,0,0
2025-07-28,B07,9,6843.0,0.0,False,0,1
2025-07-28,B08,5,1693.0,0.0,False,0,0
2025-07-28,B09,4,587.7,0.0,False,0,0
2025-07-28,B10,0,86.0,0.0,False,0,0
2025-07-28,B11,2,405.0,0.0,False,0,0
2025-07-28,B12,19,680.0,1072.0,False,0,0
2025-07-28,C01,0,33.0,24.0,False,0,0
2025-07-28,C02,0,73.0,921.0,False,0,0
2025-07-28,C03,0,86.0,0.0,False,0,0
2025-07-28,C04,8,138.0,466.0,False,0,0
2025-07-28,C05,2,203.0,0.0,False,0,0
2025-07-28,C06,0,149.0,0.0,False,0,0
2025-07-28,C07,8,189.0,0.0,False,0,0
2025-07-28,C08,0,26.0,0.0,False,0,0
2025-07-29,A01,34,1282.0,1116.0,False,0,0
2025-07-29,A02,166,3441.0,2363.0,False,0,1
2025-07-29,A03,2,1223.0,0.0,False,0,0
2025-07-29,A04,2,0.0,544.0,False,2,0
2025-07-29,A05,124,1588.0,3635.0,False,0,0
2025-07-29,A06,1355,5170.0,5986.0,False,0,1
2025-07-29,A07,28,12.0,1472.0,False,0,0
2025-07-29,A08,6,0.0,330.0,False,6,0
2025-07-29,A09,0,850.0,0.0,False,0,0
2025-07-29,A10,170,0.0,8386.0,False,170,0
2025-07-29,B01,0,0.0,351.0,False,0,0
2025-07-29,B02,20,1536.0,0.0,False,0,0
2025-07-29,B03,1,808.3,0.0,False,0,0
2025-07-29,B04,0,1039.0,0.0,False,0,0
2025-07-29,B05,1,290.0,0.0,False,0,0
2025-07-29,B06,33,664.7,0.0,False,0,0
2025-07-29,B07,3,6839.0,0.0,False,0,1
2025-07-29,B08,7,1686.0,0.0,False,0,0
2025-07-29,B09,7,507.0,0.0,False,0,0
2025-07-29,B10,1,85.0,0.0,False,0,0
2025-07-29,B11,8,397.0,0.0,False,0,0
2025-07-29,B12,19,661.0,1072.0,False,0,0
2025-07-29,C01,0,33.0,24.0,False,0,0
2025-07-29,C02,0,73.0,921.0,False,0,0
2025-07-29,C03,0,90.0,0.0,False,0,0
2025-07-29,C04,1,137.0,466.0,False,0,0
2025-07-29,C05,2,201.0,0.0,False,0,0
2025-07-29,C06,0,143.0,0.0,False,0,0
2025-07-29,C07,1,188.0,0.0,False,0,0
2025-07-29,C08,0,26.0,0.0,False,0,0
2025-07-30,A01,2,1280.0,1116.0,False,0,0
2025-07-30,A02,159,3281.0,2363.0,False,0,1
2025-07-30,A03,30,1193.0,0.0,False,0,0
2025-07-30,A04,0,0.0,544.0,False,0,0
2025-07-30,A05,39,1772.5,3635.0,False,0,0
2025-07-30,A06,261,4578.0,12154.0,True,0,1
2025-07-30,A07,10,2.0,1472.0,False,0,0
2025-07-30,A08,5,0.0,330.0,False,5,0
2025-07-30,A09,0,781.0,0.0,False,0,0
2025-07-30,A10,334,0.0,8386.0,False,334,0
2025-07-30,B01,0,0.0,351.0,False,0,0
2025-07-30,B02,0,1536.0,0.0,False,0,0
2025-07-30,B03,2,767.0,0.0,False,0,0
2025-07-30,B04,1,1038.0,0.0,False,0,0
2025-07-30,B05,0,290.0,0.0,False,0,0
2025-07-30,B06,4,575.0,0.0,False,0,0
2025-07-30,B07,8,6830.0,0.0,False,0,1
2025-07-30,B08,42,1644.0,0.0,False,0,0
2025-07-30,B09,1,506.0,0.0,False,0,0
2025-07-30,B10,1,84.0,0.0,False,0,0
2025-07-30,B11,11,386.0,0.0,False,0,0
2025-07-30,B12,0,661.0,1072.0,False,0,0
2025-07-30,C01,0,36.2,24.0,False,0,0
2025-07-30,C02,3,70.0,921.0,False,0,0
2025-07-30,C03,0,86.0,0.0,False,0,0
2025-07-30,C04,3,134.0,466.0,False,0,0
2025-07-30,C05,0,201.0,0.0,False,0,0
2025-07-30,C06,1,142.0,0.0,False,0,0
2025-07-30,C07,0,188.0,0.0,False,0,0
2025-07-30,C08,0,26.0,0.0,False,0,0
2025-07-31,A01,3,1277.0,1116.0,False,0,0
2025-07-31,A02,27,3253.0,2363.0,False,0,1
2025-07-31,A03,5,1188.0,0.0,False,0,0
2025-07-31,A04,1,0.0,544.0,False,1,0
2025-07-31,A05,61,1488.0,3635.0,False,0,0
2025-07-31,A06,84,4354.0,12154.0,False,0,1
2025-07-31,A07,0,2.0,1472.0,False,0,0
2025-07-31,A08,3,0.0,330.0,False,3,0
2025-07-31,A09,3,847.0,0.0,False,0,0
2025-07-31,A10,13,0.0,8386.0,False,13,0
2025-07-31,B01,0,0.0,351.0,False,0,0
2025-07-31,B02,2,1534.0,0.0,False,0,0
2025-07-31,B03,1,766.0,0.0,False,0,0
2025-07-31,B04,3,1035.0,0.0,False,0,0
2025-07-31,B05,1,289.0,0.0,False,0,0
2025-07-31,B06,29,546.0,0.0,False,0,0
2025-07-31,B07,29,6800.0,0.0,False,0,1
2025-07-31,B08,59,1694.6,0.0,False,0,0
2025-07-31,B09,0,454.9,708.0,True,0,0
2025-07-31,B10,1,83.0,0.0,False,0,0
2025-07-31,B11,14,372.0,0.0,False,0,0
2025-07-31,B12,3,677.6,1072.0,False,0,0
2025-07-31,C01,0,33.0,24.0,False,0,0
2025-07-31,C02,4,66.0,921.0,False,0,0
2025-07-31,C03,0,86.0,0.0,False,0,0
2025-07-31,C04,3,131.0,466.0,False,0,0
2025-07-31,C05,3,198.0,0.0,False,0,0
2025-07-31,C06,4,133.2,0.0,False,0,0
2025-07-31,C07,1,187.0,0.0,False,0,0
2025-07-31,C08,0,26.0,0.0,False,0,0
2025-08-01,A01,72,1205.0,1116.0,False,0,0
2025-08-01,A02,49,3203.0,2363.0,False,0,1
2025-08-01,A03,25,1163.0,0.0,False,0,0
2025-08-01,A04,4,0.0,544.0,False,4,0
2025-08-01,A05,5,1483.0,3635.0,False,0,0
2025-08-01,A06,107,4715.0,12154.0,False,0,1
2025-08-01,A07,3,0.0,1472.0,False,1,0
2025-08-01,A08,7,0.0,330.0,False,7,0
2025-08-01,A09,25,822.0,0.0,False,0,0
2025-08-01,A10,48,0.0,8386.0,False,48,0
2025-08-01,B01,10,0.0,351.0,False,10,0
2025-08-01,B02,8,1526.0,0.0,False,0,0
2025-08-01,B03,23,743.0,0.0,False,0,0
2025-08-01,B04,25,1010.0,0.0,False,0,0
2025-08-01,B05,0,289.0,0.0,False,0,0
2025-08-01,B06,1,545.0,0.0,False,0,0
2025-08-01,B07,25,7411.4,0.0,False,0,1
2025-08-01,B08,0,1585.0,0.0,False,0,0
2025-08-01,B09,2,504.0,708.0,False,0,0
2025-08-01,B10,0,72.8,0.0,False,0,0
2025-08-01,B11,18,354.0,0.0,False,0,0
2025-08-01,B12,47,611.0,1072.0,False,0,0
2025-08-01,C01,0,28.7,50.0,True,0,0
2025-08-01,C02,5,61.0,921.0,False,0,0
2025-08-01,C03,0,86.0,0.0,False,0,0
2025-08-01,C04,0,131.0,466.0,False,0,0
2025-08-01,C05,2,196.0,0.0,False,0,0
2025-08-01,C06,6,132.0,0.0,False,0,0
2025-08-01,C07,2,185.0,0.0,False,0,0
2025-08-01,C08,0,26.0,0.0,False,0,0
2025-08-02,A01,102,1103.0,1116.0,False,0,0
2025-08-02,A02,146,3056.0,2363.0,False,0,1
2025-08-02,A03,7,1156.0,0.0,False,0,0
2025-08-02,A04,0,0.0,544.0,False,0,0
2025-08-02,A05,0,1483.0,3635.0,False,0,0
2025-08-02,A06,189,4525.0,12154.0,False,0,1
2025-08-02,A07,0,0.0,1472.0,False,0,0
2025-08-02,A08,1,0.0,330.0,False,1,0
2025-08-02,A09,2,820.0,0.0,False,0,0
2025-08-02,A10,264,0.0,8386.0,False,264,0
2025-08-02,B01,0,0.0,351.0,False,0,0
2025-08-02,B02,12,1514.0,0.0,False,0,0
2025-08-02,B03,0,743.0,0.0,False,0,0
2025-08-02,B04,0,1010.0,0.0,False,0,0
2025-08-02,B05,0,289.0,0.0,False,0,0
2025-08-02,B06,0,545.0,0.0,False,0,0
2025-08-02,B07,43,6730.0,0.0,False,0,1
2025-08-02,B08,26,1559.0,0.0,False,0,0
2025-08-02,B09,2,502.0,708.0,False,0,0
2025-08-02,B10,0,83.0,0.0,False,0,0
2025-08-02,B11,0,350.5,0.0,False,0,0
2025-08-02,B12,3,608.0,1072.0,False,0,0
2025-08-02,C01,1,32.0,50.0,False,0,0
2025-08-02,C02,2,59.0,921.0,False,0,0
2025-08-02,C03,0,86.0,0.0,False,0,0
2025-08-02,C04,4,127.0,466.0,False,0,0
2025-08-02,C05,1,208.2,0.0,False,0,0
2025-08-02,C06,0,132.0,0.0,False,0,0
2025-08-02,C07,2,183.0,0.0,False,0,0
2025-08-02,C08,0,26.0,0.0,False,0,0
2025-08-03,A01,15,1088.0,1116.0,False,0,0
2025-08-03,A02,20,3035.0,2363.0,False,0,1
2025-08-03,A03,0,1156.0,0.0,False,0,0
2025-08-03,A04,0,0.0,544.0,False,0,0
2025-08-03,A05,146,1337.0,7225.0,True,0,0
2025-08-03,A06,114,4410.0,12154.0,False,0,1
2025-08-03,A07,0,0.0,1472.0,False,0,0
2025-08-03,A08,7,0.0,330.0,False,7,0
2025-08-03,A09,10,810.0,0.0,False,0,0
2025-08-03,A10,140,0.0,8386.0,False,140,0
2025-08-03,B01,0,0.0,351.0,False,0,0
2025-08-03,B02,7,1507.0,0.0,False,0,0
2025-08-03,B03,10,733.0,0.0,False,0,0
2025-08-03,B04,3,1007.0,0.0,False,0,0
2025-08-03,B05,0,289.0,0.0,False,0,0
2025-08-03,B06,0,545.0,0.0,False,0,0
2025-08-03,B07,189,5746.0,0.0,False,0,1
2025-08-03,B08,10,1549.0,0.0,False,0,0
2025-08-03,B09,6,496.0,708.0,False,0,0
2025-08-03,B10,2,81.0,0.0,False,0,0
2025-08-03,B11,2,352.0,0.0,False,0,0
2025-08-03,B12,27,581.0,1072.0,False,0,0
2025-08-03,C01,0,32.0,50.0,False,0,0
2025-08-03,C02,2,57.0,921.0,False,0,0
2025-08-03,C03,0,86.0,0.0,False,0,0
2025-08-03,C04,2,125.0,466.0,False,0,0
2025-08-03,C05,6,174.3,0.0,False,0,0
2025-08-03,C06,2,130.0,0.0,False,0,0
2025-08-03,C07,0,183.0,0.0,False,0,0
2025-08-03,C08,0,26.0,0.0,False,0,0
2025-08-04,A01,24,1064.0,1116.0,False,0,0
2025-08-04,A02,0,3034.0,2363.0,False,0,1
2025-08-04,A03,2,1154.0,0.0,False,0,0
2025-08-04,A04,1,0.0,544.0,False,1,0
2025-08-04,A05,60,1254.0,7225.0,False,0,0
2025-08-04,A06,573,3836.0,12154.0,False,0,1
2025-08-04,A07,18,0.0,1472.0,False,18,0
2025-08-04,A08,8,0.0,330.0,False,8,0
2025-08-04,A09,1,809.0,0.0,False,0,0
2025-08-04,A10,223,0.0,8386.0,False,223,0
2025-08-04,B01,16,0.0,351.0,False,16,0
2025-08-04,B02,5,1502.0,0.0,False,0,0
2025-08-04,B03,1,732.0,0.0,False,0,0
2025-08-04,B04,5,1002.0,0.0,False,0,0
2025-08-04,B05,0,289.0,0.0,False,0,0
2025-08-04,B06,12,588.3,0.0,False,0,0
2025-08-04,B07,24,6515.0,0.0,False,0,1
2025-08-04,B08,28,1521.0,0.0,False,0,0
2025-08-04,B09,4,492.0,708.0,False,0,0
2025-08-04,B10,0,81.0,0.0,False,0,0
2025-08-04,B11,7,394.5,0.0,False,0,0
2025-08-04,B12,19,562.0,1072.0,False,0,0
2025-08-04,C01,0,32.0,50.0,False,0,0
2025-08-04,C02,1,56.0,921.0,False,0,0
2025-08-04,C03,3,83.0,0.0,False,0,0
2025-08-04,C04,8,118.1,466.0,False,0,0
2025-08-04,C05,4,185.0,0.0,False,0,0
2025-08-04,C06,5,125.0,0.0,False,0,0
2025-08-04,C07,3,180.0,0.0,False,0,0
2025-08-04,C08,0,26.0,0.0,False,0,0
2025-08-05,A01,93,971.0,1116.0,False,0,0
2025-08-05,A02,8,3025.0,2363.0,False,0,1
2025-08-05,A03,3,1151.0,0.0,False,0,0
2025-08-05,A04,1,0.0,544.0,False,1,0
2025-08-05,A05,4,1273.0,7225.0,False,0,0
2025-08-05,A06,2,3833.0,12154.0,False,0,1
2025-08-05,A07,2,0.0,1472.0,False,2,0
2025-08-05,A08,1,0.0,330.0,False,1,0
2025-08-05,A09,1,808.0,0.0,False,0,0
2025-08-05,A10,113,0.0,8386.0,False,113,0
2025-08-05,B01,0,0.0,351.0,False,0,0
2025-08-05,B02,4,1498.0,0.0,False,0,0
2025-08-05,B03,1,731.0,0.0,False,0,0
2025-08-05,B04,5,997.0,0.0,False,0,0
2025-08-05,B05,0,289.0,0.0,False,0,0
2025-08-05,B06,11,522.0,0.0,False,0,0
2025-08-05,B07,24,6490.0,0.0,False,0,1
2025-08-05,B08,20,1501.0,1915.0,True,0,0
2025-08-05,B09,7,485.0,708.0,False,0,0
2025-08-05,B10,2,79.0,0.0,False,0,0
2025-08-05,B11,19,326.0,0.0,False,0,0
2025-08-05,B12,15,547.0,1072.0,False,0,0
2025-08-05,C01,1,31.0,50.0,False,0,0
2025-08-05,C02,2,54.0,921.0,False,0,0
2025-08-05,C03,0,83.0,0.0,False,0,0
2025-08-05,C04,6,577.0,0.0,False,0,0
2025-08-05,C05,0,185.0,0.0,False,0,0
2025-08-05,C06,0,125.0,0.0,False,0,0
2025-08-05,C07,5,175.0,0.0,False,0,0
2025-08-05,C08,1,25.0,0.0,False,0,0
2025-08-06,A01,10,944.6,1116.0,False,0,0
2025-08-06,A02,69,2955.0,2363.0,False,0,1
2025-08-06,A03,2,1149.0,0.0,False,0,0
2025-08-06,A04,1,0.0,544.0,False,1,0
2025-08-06,A05,51,1222.0,7225.0,False,0,0
2025-08-06,A06,195,3637.0,12154.0,False,0,1
2025-08-06,A07,0,0.0,1472.0,False,0,0
2025-08-06,A08,13,0.0,330.0,False,13,0
2025-08-06,A09,0,808.0,0.0,False,0,0
2025-08-06,A10,235,0.0,8386.0,False,235,0
2025-08-06,B01,1,0.0,351.0,False,1,0
2025-08-06,B02,6,1492.0,0.0,False,0,0
2025-08-06,B03,8,812.6,0.0,False,0,0
2025-08-06,B04,1,996.0,0.0,False,0,0
2025-08-06,B05,0,289.0,0.0,False,0,0
2025-08-06,B06,2,520.0,0.0,False,0,0
2025-08-06,B07,8,6481.0,0.0,False,0,1
2025-08-06,B08,28,1473.0,1915.0,False,0,0
2025-08-06,B09,0,512.1,708.0,False,0,0
2025-08-06,B10,0,79.0,0.0,False,0,0
2025-08-06,B11,5,321.0,0.0,False,0,0
2025-08-06,B12,26,521.0,1072.0,False,0,0
2025-08-06,C01,1,30.0,50.0,False,0,0
2025-08-06,C02,0,54.0,921.0,False,0,0
2025-08-06,C03,1,75.6,0.0,False,0,0
2025-08-06,C04,3,574.0,0.0,False,0,0
2025-08-06,C05,0,185.0,0.0,False,0,0
2025-08-06,C06,4,121.0,0.0,False,0,0
2025-08-06,C07,0,175.0,0.0,False,0,0
2025-08-06,C08,0,25.0,0.0,False,0,0
2025-08-07,A01,14,1080.6,1116.0,False,0,0
2025-08-07,A02,52,3023.4,2363.0,False,0,1
2025-08-07,A03,15,1134.0,0.0,False,0,0
2025-08-07,A04,0,0.0,544.0,False,0,0
2025-08-07,A05,159,1063.0,7225.0,False,0,0
2025-08-07,A06,47,3589.0,12154.0,False,0,1
2025-08-07,A07,0,0.0,1472.0,False,0,0
2025-08-07,A08,0,0.0,330.0,False,0,0
2025-08-07,A09,0,808.0,0.0,False,0,0
2025-08-07,A10,90,0.0,8386.0,False,90,0
2025-08-07,B01,1,0.0,351.0,False,1,0
2025-08-07,B02,0,1492.0,0.0,False,0,0
2025-08-07,B03,4,719.0,0.0,False,0,0
2025-08-07,B04,14,982.0,0.0,False,0,0
2025-08-07,B05,0,289.0,0.0,False,0,0
2025-08-07,B06,22,498.0,0.0,False,0,0
2025-08-07,B07,38,6442.0,0.0,False,0,1
2025-08-07,B08,2,1677.8,1915.0,False,0,0
2025-08-07,B09,5,480.0,708.0,False,0,0
2025-08-07,B10,1,78.0,0.0,False,0,0
2025-08-07,B11,14,307.0,0.0,False,0,0
2025-08-07,B12,0,521.0,1072.0,False,0,0
2025-08-07,C01,0,30.0,50.0,False,0,0
2025-08-07,C02,2,52.0,921.0,False,0,0
2025-08-07,C03,1,81.0,0.0,False,0,0
2025-08-07,C04,1,573.0,0.0,False,0,0
2025-08-07,C05,0,185.0,0.0,False,0,0
2025-08-07,C06,0,121.0,0.0,False,0,0
2025-08-07,C07,11,164.0,0.0,False,0,0
2025-08-07,C08,1,24.0,0.0,False,0,0
2025-08-08,A01,16,931.0,1116.0,False,0,0
2025-08-08,A02,119,2782.0,2363.0,False,0,1
2025-08-08,A03,23,1111.0,0.0,False,0,0
2025-08-08,A04,1,0.0,544.0,False,1,0
2025-08-08,A05,191,872.0,7225.0,False,0,0
2025-08-08,A06,16,3572.0,12154.0,False,0,1
2025-08-08,A07,23,0.0,1472.0,False,23,0
2025-08-08,A08,1,0.0,330.0,False,1,0
2025-08-08,A09,6,802.0,0.0,False,0,0
2025-08-08,A10,56,0.0,8386.0,False,56,0
2025-08-08,B01,6,0.0,351.0,False,6,0
2025-08-08,B02,117,1375.0,0.0,False,0,0
2025-08-08,B03,3,716.0,0.0,False,0,0
2025-08-08,B04,3,979.0,0.0,False,0,0
2025-08-08,B05,0,289.0,0.0,False,0,0
2025-08-08,B06,38,460.0,0.0,False,0,0
2025-08-08,B07,540,5901.0,0.0,False,0,1
2025-08-08,B08,0,1626.0,1915.0,False,0,0
2025-08-08,B09,4,476.0,708.0,False,0,0
2025-08-08,B10,1,77.0,0.0,False,0,0
2025-08-08,B11,2,305.0,0.0,False,0,0
2025-08-08,B12,46,475.0,1072.0,False,0,0
2025-08-08,C01,0,30.0,50.0,False,0,0
2025-08-08,C02,0,52.0,921.0,False,0,0
2025-08-08,C03,0,81.0,0.0,False,0,0
2025-08-08,C04,3,570.0,0.0,False,0,0
2025-08-08,C05,2,183.0,0.0,False,0,0
2025-08-08,C06,2,119.0,0.0,False,0,0
2025-08-08,C07,1,163.0,0.0,False,0,0
2025-08-08,C08,0,24.0,0.0,False,0,0
2025-08-09,A01,26,905.0,1116.0,False,0,0
2025-08-09,A02,16,4717.0,0.0,False,0,1
2025-08-09,A03,13,1098.0,0.0,False,0,0
2025-08-09,A04,0,0.0,544.0,False,0,0
2025-08-09,A05,48,824.0,7225.0,False,0,0
2025-08-09,A06,40,3531.0,12154.0,False,0,1
2025-08-09,A07,9,0.0,1472.0,False,9,0
2025-08-09,A08,0,330.0,0.0,False,0,0
2025-08-09,A09,0,802.0,0.0,False,0,0
2025-08-09,A10,238,0.0,8386.0,False,238,0
2025-08-09,B01,1,0.0,351.0,False,1,0
2025-08-09,B02,1,1374.0,0.0,False,0,0
2025-08-09,B03,9,707.0,0.0,False,0,0
2025-08-09,B04,4,975.0,0.0,False,0,0
2025-08-09,B05,0,289.0,0.0,False,0,0
2025-08-09,B06,5,455.0,0.0,False,0,0
2025-08-09,B07,4,5896.0,0.0,False,0,1
2025-08-09,B08,0,1471.0,1915.0,False,0,0
2025-08-09,B09,0,528.5,708.0,False,0,0
2025-08-09,B10,0,77.0,0.0,False,0,0
2025-08-09,B11,3,302.0,0.0,False,0,0
2025-08-09,B12,115,360.0,1072.0,False,0,0
2025-08-09,C01,2,28.0,50.0,False,0,0
2025-08-09,C02,1,51.0,921.0,False,0,0
2025-08-09,C03,2,79.0,0.0,False,0,0
2025-08-09,C04,3,567.0,0.0,False,0,0
2025-08-09,C05,0,185.5,0.0,False,0,0
2025-08-09,C06,2,117.0,0.0,False,0,0
2025-08-09,C07,2,161.0,0.0,False,0,0
2025-08-09,C08,0,25.3,0.0,False,0,0
2025-08-10,A01,1,904.0,1116.0,False,0,0
2025-08-10,A02,22,5105.0,0.0,False,0,1
2025-08-10,A03,0,1098.0,0.0,False,0,0
2025-08-10,A04,0,0.0,544.0,False,0,0
2025-08-10,A05,50,774.0,7225.0,False,0,0
2025-08-10,A06,272,3258.0,12154.0,False,0,1
2025-08-10,A07,1,0.0,1472.0,False,1,0
2025-08-10,A08,0,330.0,0.0,False,0,0
2025-08-10,A09,0,802.0,0.0,False,0,0
2025-08-10,A10,120,0.0,8386.0,False,120,0
2025-08-10,B01,3,0.0,351.0,False,3,0
2025-08-10,B02,41,1503.1,0.0,False,0,0
2025-08-10,B03,0,707.0,0.0,False,0,0
2025-08-10,B04,6,969.0,0.0,False,0,0
2025-08-10,B05,0,289.0,0.0,False,0,0
2025-08-10,B06,13,442.0,0.0,False,0,0
2025-08-10,B07,1,5894.0,0.0,False,0,1
2025-08-10,B08,58,1413.0,1915.0,False,0,0
2025-08-10,B09,8,468.0,708.0,False,0,0
2025-08-10,B10,2,65.2,221.0,True,0,0
2025-08-10,B11,6,296.0,0.0,False,0,0
2025-08-10,B12,24,336.0,1072.0,False,0,0
2025-08-10,C01,2,26.0,50.0,False,0,0
2025-08-10,C02,14,37.0,921.0,False,0,0
2025-08-10,C03,0,79.0,0.0,False,0,0
2025-08-10,C04,3,564.0,0.0,False,0,0
2025-08-10,C05,0,183.0,0.0,False,0,0
2025-08-10,C06,0,117.0,0.0,False,0,0
2025-08-10,C07,1,160.0,0.0,False,0,0
2025-08-10,C08,1,23.0,0.0,False,0,0
2025-08-11,A01,11,893.0,1116.0,False,0,0
2025-08-11,A02,95,5009.0,0.0,False,0,1
2025-08-11,A03,8,1090.0,0.0,False,0,0
2025-08-11,A04,5,0.0,544.0,False,5,0
2025-08-11,A05,43,731.0,7225.0,False,0,0
2025-08-11,A06,77,3180.0,12154.0,False,0,1
2025-08-11,A07,24,0.0,1472.0,False,24,0
2025-08-11,A08,1,329.0,0.0,False,0,0
2025-08-11,A09,29,773.0,0.0,False,0,0
2025-08-11,A10,103,0.0,8386.0,False,103,0
2025-08-11,B01,1,0.0,351.0,False,1,0
2025-08-11,B02,0,1333.0,0.0,False,0,0
2025-08-11,B03,11,788.5,0.0,False,0,0
2025-08-11,B04,1,968.0,0.0,False,0,0
2025-08-11,B05,0,268.4,0.0,False,0,0
2025-08-11,B06,1,441.0,0.0,False,0,0
2025-08-11,B07,254,5639.0,0.0,False,0,1
2025-08-11,B08,12,1401.0,1915.0,False,0,0
2025-08-11,B09,9,459.0,708.0,False,0,0
2025-08-11,B10,1,74.0,221.0,False,0,0
2025-08-11,B11,19,277.0,0.0,False,0,0
2025-08-11,B12,5,331.0,1072.0,False,0,0
2025-08-11,C01,2,24.0,50.0,False,0,0
2025-08-11,C02,7,30.0,921.0,False,0,0
2025-08-11,C03,1,78.0,0.0,False,0,0
2025-08-11,C04,0,487.9,0.0,False,0,0
2025-08-11,C05,2,181.0,0.0,False,0,0
2025-08-11,C06,5,112.0,0.0,False,0,0
2025-08-11,C07,5,155.0,0.0,False,0,0
2025-08-11,C08,0,23.0,0.0,False,0,0
2025-08-12,A01,26,867.0,1116.0,False,0,0
2025-08-12,A02,46,5383.4,0.0,False,0,1
2025-08-12,A03,10,1080.0,0.0,False,0,0
2025-08-12,A04,0,0.0,544.0,False,0,0
2025-08-12,A05,152,579.0,7225.0,False,0,0
2025-08-12,A06,35,3144.0,12154.0,False,0,1
2025-08-12,A07,3,0.0,1472.0,False,3,0
2025-08-12,A08,0,329.0,0.0,False,0,0
2025-08-12,A09,35,738.0,0.0,False,0,0
2025-08-12,A10,74,0.0,8386.0,False,74,0
2025-08-12,B01,3,348.0,0.0,False,0,0
2025-08-12,B02,5,1328.0,0.0,False,0,0
2025-08-12,B03,7,689.0,0.0,False,0,0
2025-08-12,B04,0,968.0,0.0,False,0,0
2025-08-12,B05,1,288.0,0.0,False,0,0
2025-08-12,B06,0,441.0,0.0,False,0,0
2025-08-12,B07,167,5992.3,0.0,False,0,1
2025-08-12,B08,1,1608.2,1915.0,False,0,0
2025-08-12,B09,9,450.0,708.0,False,0,0
2025-08-12,B10,0,65.2,221.0,False,0,0
2025-08-12,B11,0,277.0,0.0,False,0,0
2025-08-12,B12,2,329.0,1072.0,False,0,0
2025-08-12,C01,0,24.0,50.0,False,0,0
2025-08-12,C02,3,27.0,921.0,False,0,0
2025-08-12,C03,0,78.0,0.0,False,0,0
2025-08-12,C04,1,563.0,0.0,False,0,0
2025-08-12,C05,4,177.0,0.0,False,0,0
2025-08-12,C06,4,108.0,0.0,False,0,0
2025-08-12,C07,0,155.0,0.0,False,0,0
2025-08-12,C08,0,23.0,0.0,False,0,0
2025-08-13,A01,8,859.0,1116.0,False,0,0
2025-08-13,A02,33,4928.0,0.0,False,0,1
2025-08-13,A03,1,1079.0,0.0,False,0,0
2025-08-13,A04,0,0.0,544.0,False,0,0
2025-08-13,A05,186,393.0,7225.0,False,0,0
2025-08-13,A06,7,3136.0,12154.0,False,0,1
2025-08-13,A07,13,725.0,734.0,False,0,0
2025-08-13,A08,2,327.0,0.0,False,0,0
2025-08-13,A09,4,734.0,0.0,False,0,0
2025-08-13,A10,160,0.0,8386.0,False,160,0
2025-08-13,B01,0,348.0,0.0,False,0,0
2025-08-13,B02,16,1312.0,0.0,False,0,0
2025-08-13,B03,18,692.6,0.0,False,0,0
2025-08-13,B04,1,967.0,0.0,False,0,0
2025-08-13,B05,0,288.0,0.0,False,0,0
2025-08-13,B06,0,441.0,0.0,False,0,0
2025-08-13,B07,292,5178.0,5189.0,True,0,1
2025-08-13,B08,10,1390.0,1915.0,False,0,0
2025-08-13,B09,4,446.0,708.0,False,0,0
2025-08-13,B10,2,62.8,221.0,False,0,0
2025-08-13,B11,26,251.0,958.0,True,0,0
2025-08-13,B12,33,296.0,1072.0,False,0,0
2025-08-13,C01,0,24.0,50.0,False,0,0
2025-08-13,C02,2,25.0,921.0,False,0,0
2025-08-13,C03,0,78.0,0.0,False,0,0
2025-08-13,C04,11,552.0,0.0,False,0,0
2025-08-13,C05,0,191.5,0.0,False,0,0
2025-08-13,C06,0,108.0,0.0,False,0,0
2025-08-13,C07,1,154.0,0.0,False,0,0
2025-08-13,C08,0,23.0,0.0,False,0,0
2025-08-14,A01,29,830.0,1116.0,False,0,0
2025-08-14,A02,167,4760.0,0.0,False,0,1
2025-08-14,A03,7,1072.0,0.0,False,0,0
2025-08-14,A04,2,0.0,544.0,False,2,0
2025-08-14,A05,120,273.0,7225.0,False,0,0
2025-08-14,A06,135,3000.0,12154.0,False,0,1
2025-08-14,A07,26,631.4,734.0,False,0,0
2025-08-14,A08,7,320.0,0.0,False,0,0
2025-08-14,A09,7,727.0,0.0,False,0,0
2025-08-14,A10,101,0.0,8386.0,False,101,0
2025-08-14,B01,1,347.0,0.0,False,0,0
2025-08-14,B02,0,1312.0,0.0,False,0,0
2025-08-14,B03,6,665.0,0.0,False,0,0
2025-08-14,B04,0,967.0,0.0,False,0,0
2025-08-14,B05,0,288.0,0.0,False,0,0
2025-08-14,B06,16,425.0,0.0,False,0,0
2025-08-14,B07,293,4884.0,5189.0,False,0,1
2025-08-14,B08,3,1387.0,1915.0,False,0,0
2025-08-14,B09,2,444.0,708.0,False,0,0
2025-08-14,B10,2,70.0,221.0,False,0,0
2025-08-14,B11,13,238.0,958.0,False,0,0
2025-08-14,B12,0,296.0,1072.0,False,0,0
2025-08-14,C01,1,23.0,50.0,False,0,0
2025-08-14,C02,2,23.0,921.0,False,0,0
2025-08-14,C03,0,78.0,0.0,False,0,0
2025-08-14,C04,0,552.0,0.0,False,0,0
2025-08-14,C05,0,177.0,0.0,False,0,0
2025-08-14,C06,4,104.0,0.0,False,0,0
2025-08-14,C07,0,154.0,0.0,False,0,0
2025-08-14,C08,0,23.0,0.0,False,0,0
2025-08-15,A01,80,1866.0,1137.0,True,0,0
2025-08-15,A02,132,5003.6,0.0,False,0,1
2025-08-15,A03,15,1057.0,0.0,False,0,0
2025-08-15,A04,2,0.0,544.0,False,2,0
2025-08-15,A05,32,209.6,7225.0,False,0,0
2025-08-15,A06,222,2777.0,12154.0,False,0,1
2025-08-15,A07,3,696.0,734.0,False,0,0
2025-08-15,A08,0,320.0,0.0,False,0,0
2025-08-15,A09,40,687.0,0.0,False,0,0
2025-08-15,A10,349,0.0,8386.0,False,349,0
2025-08-15,B01,0,347.0,0.0,False,0,0
2025-08-15,B02,7,1305.0,0.0,False,0,0
2025-08-15,B03,2,663.0,0.0,False,0,0
2025-08-15,B04,3,824.3,0.0,False,0,0
2025-08-15,B05,2,300.7,0.0,False,0,0
2025-08-15,B06,45,380.0,0.0,False,0,0
2025-08-15,B07,22,4861.0,5189.0,False,0,1
2025-08-15,B08,46,1341.0,1915.0,False,0,0
2025-08-15,B09,0,444.0,708.0,False,0,0
2025-08-15,B10,0,70.0,221.0,False,0,0
2025-08-15,B11,19,219.0,958.0,False,0,0
2025-08-15,B12,5,291.0,1072.0,False,0,0
2025-08-15,C01,2,21.0,50.0,False,0,0
2025-08-15,C02,16,6.2,921.0,False,0,0
2025-08-15,C03,0,78.0,0.0,False,0,0
2025-08-15,C04,3,549.0,0.0,False,0,0
2025-08-15,C05,0,177.0,0.0,False,0,0
2025-08-15,C06,1,103.0,0.0,False,0,0
2025-08-15,C07,1,153.0,0.0,False,0,0
2025-08-15,C08,1,22.0,0.0,False,0,0
2025-08-16,A01,3,1863.0,1137.0,False,0,0
2025-08-16,A02,9,4617.0,0.0,False,0,1
2025-08-16,A03,7,1050.0,0.0,False,0,0
2025-08-16,A04,1,0.0,544.0,False,1,0
2025-08-16,A05,5,226.8,7225.0,False,0,0
2025-08-16,A06,110,2666.0,12154.0,False,0,1
2025-08-16,A07,2,694.0,734.0,False,0,0
2025-08-16,A08,0,320.0,0.0,False,0,0
2025-08-16,A09,2,685.0,0.0,False,0,0
2025-08-16,A10,7,0.0,8386.0,False,7,0
2025-08-16,B01,11,336.0,0.0,False,0,0
2025-08-16,B02,40,1265.0,0.0,False,0,0
2025-08-16,B03,5,658.0,0.0,False,0,0
2025-08-16,B04,1,963.0,0.0,False,0,0
2025-08-16,B05,0,286.0,0.0,False,0,0
2025-08-16,B06,2,378.0,0.0,False,0,0
2025-08-16,B07,7,4853.0,5189.0,False,0,1
2025-08-16,B08,1,1340.0,1915.0,False,0,0
2025-08-16,B09,0,494.3,708.0,False,0,0
2025-08-16,B10,3,67.0,221.0,False,0,0
2025-08-16,B11,21,198.0,958.0,False,0,0
2025-08-16,B12,20,271.0,1072.0,False,0,0
2025-08-16,C01,1,20.0,50.0,False,0,0
2025-08-16,C02,0,7.2,921.0,False,0,0
2025-08-16,C03,0,78.0,0.0,False,0,0
2025-08-16,C04,8,541.0,0.0,False,0,0
2025-08-16,C05,1,176.0,0.0,False,0,0
2025-08-16,C06,1,102.0,0.0,False,0,0
2025-08-16,C07,1,152.0,0.0,False,0,0
2025-08-16,C08,0,22.0,0.0,False,0,0
2025-08-17,A01,23,1840.0,1137.0,False,0,0
2025-08-17,A02,133,5097.1,0.0,False,0,1
2025-08-17,A03,8,1042.0,0.0,False,0,0
2025-08-17,A04,3,0.0,544.0,False,3,0
2025-08-17,A05,50,186.0,7225.0,False,0,0
2025-08-17,A06,0,2423.6,12154.0,False,0,1
2025-08-17,A07,9,685.0,734.0,False,0,0
2025-08-17,A08,2,318.0,0.0,False,0,0
2025-08-17,A09,1,684.0,0.0,False,0,0
2025-08-17,A10,68,0.0,8386.0,False,68,0
2025-08-17,B01,0,336.0,0.0,False,0,0
2025-08-17,B02,0,1234.9,0.0,False,0,0
2025-08-17,B03,6,652.0,0.0,False,0,0
2025-08-17,B04,10,820.2,0.0,False,0,0
2025-08-17,B05,0,286.0,0.0,False,0,0
2025-08-17,B06,1,377.0,0.0,False,0,0
2025-08-17,B07,287,4565.0,5189.0,False,0,1
2025-08-17,B08,16,1416.1,1915.0,False,0,0
2025-08-17,B09,13,431.0,708.0,False,0,0
2025-08-17,B10,2,65.0,221.0,False,0,0
2025-08-17,B11,6,192.0,958.0,False,0,0
2025-08-17,B12,6,265.0,1072.0,False,0,0
2025-08-17,C01,2,18.0,50.0,False,0,0
2025-08-17,C02,0,7.0,921.0,False,0,0
2025-08-17,C03,1,77.0,0.0,False,0,0
2025-08-17,C04,8,533.0,0.0,False,0,0
2025-08-17,C05,0,176.0,0.0,False,0,0
2025-08-17,C06,2,100.0,0.0,False,0,0
2025-08-17,C07,1,151.0,0.0,False,0,0
2025-08-17,C08,1,21.0,0.0,False,0,0
2025-08-18,A01,12,1828.0,1137.0,False,0,0
2025-08-18,A02,5,4477.0,0.0,False,0,1
2025-08-18,A03,37,1005.0,0.0,False,0,0
2025-08-18,A04,3,0.0,544.0,False,3,0
2025-08-18,A05,71,115.0,7225.0,False,0,0
2025-08-18,A06,271,8378.0,6168.0,False,0,2
2025-08-18,A07,11,674.0,734.0,False,0,0
2025-08-18,A08,6,312.0,0.0,False,0,0
2025-08-18,A09,0,684.0,0.0,False,0,0
2025-08-18,A10,320,0.0,8386.0,False,320,0
2025-08-18,B01,5,331.0,0.0,False,0,0
2025-08-18,B02,1,1264.0,0.0,False,0,0
2025-08-18,B03,1,651.0,0.0,False,0,0
2025-08-18,B04,14,939.0,0.0,False,0,0
2025-08-18,B05,1,285.0,0.0,False,0,0
2025-08-18,B06,4,373.0,0.0,False,0,0
2025-08-18,B07,3,4561.0,5189.0,False,0,1
2025-08-18,B08,25,1299.0,1915.0,False,0,0
2025-08-18,B09,3,428.0,708.0,False,0,0
2025-08-18,B10,1,64.0,221.0,False,0,0
2025-08-18,B11,2,190.0,958.0,False,0,0
2025-08-18,B12,0,265.0,1072.0,False,0,0
2025-08-18,C01,4,14.0,50.0,False,0,0
2025-08-18,C02,0,7.0,921.0,False,0,0
2025-08-18,C03,1,76.0,0.0,False,0,0
2025-08-18,C04,0,533.0,0.0,False,0,0
2025-08-18,C05,1,175.0,0.0,False,0,0
2025-08-18,C06,1,99.0,0.0,False,0,0
2025-08-18,C07,6,142.8,0.0,False,0,0
2025-08-18,C08,0,21.0,0.0,False,0,0
2025-08-19,A01,39,1789.0,1137.0,False,0,0
2025-08-19,A02,6,4470.0,0.0,False,0,1
2025-08-19,A03,3,1061.0,0.0,False,0,0
2025-08-19,A04,0,0.0,544.0,False,0,0
2025-08-19,A05,19,91.5,7225.0,False,0,0
2025-08-19,A06,54,8322.0,6168.0,False,0,2
2025-08-19,A07,0,674.0,734.0,False,0,0
2025-08-19,A08,6,306.0,0.0,False,0,0
2025-08-19,A09,1,683.0,0.0,False,0,0
2025-08-19,A10,200,0.0,8386.0,False,200,0
2025-08-19,B01,1,330.0,0.0,False,0,0
2025-08-19,B02,0,1264.0,0.0,False,0,0
2025-08-19,B03,0,742.0,0.0,False,0,0
2025-08-19,B04,0,939.0,0.0,False,0,0
2025-08-19,B05,0,285.0,0.0,False,0,0
2025-08-19,B06,8,317.6,0.0,False,0,0
2025-08-19,B07,68,4492.0,5189.0,False,0,1
2025-08-19,B08,10,1289.0,1915.0,False,0,0
2025-08-19,B09,17,411.0,708.0,False,0,0
2025-08-19,B10,3,61.0,221.0,False,0,0
2025-08-19,B11,22,168.0,958.0,False,0,0
2025-08-19,B12,27,238.0,1072.0,False,0,0
2025-08-19,C01,0,14.0,50.0,False,0,0
2025-08-19,C02,3,4.0,921.0,False,0,0
2025-08-19,C03,0,76.0,0.0,False,0,0
2025-08-19,C04,2,531.0,0.0,False,0,0
2025-08-19,C05,4,189.6,0.0,False,0,0
2025-08-19,C06,1,98.0,0.0,False,0,0
2025-08-19,C07,0,145.0,0.0,False,0,0
2025-08-19,C08,0,21.0,0.0,False,0,0
2025-08-20,A01,4,1785.0,1137.0,False,0,0
2025-08-20,A02,9,4460.0,0.0,False,0,1
2025-08-20,A03,7,995.0,0.0,False,0,0
2025-08-20,A04,2,0.0,544.0,False,2,0
2025-08-20,A05,23,73.0,7225.0,False,0,0
2025-08-20,A06,18,8302.0,6168.0,False,0,2
2025-08-20,A07,15,659.0,734.0,False,0,0
2025-08-20,A08,0,306.0,0.0,False,0,0
2025-08-20,A09,18,665.0,0.0,False,0,0
2025-08-20,A10,86,0.0,8386.0,False,86,0
2025-08-20,B01,4,326.0,0.0,False,0,0
2025-08-20,B02,3,1244.5,0.0,False,0,0
2025-08-20,B03,3,648.0,0.0,False,0,0
2025-08-20,B04,1,938.0,0.0,False,0,0
2025-08-20,B05,6,279.0,0.0,False,0,0
2025-08-20,B06,8,357.0,0.0,False,0,0
2025-08-20,B07,113,4378.0,5189.0,False,0,1
2025-08-20,B08,11,1278.0,1915.0,False,0,0
2025-08-20,B09,7,404.0,708.0,False,0,0
2025-08-20,B10,4,57.0,221.0,False,0,0
2025-08-20,B11,71,97.0,958.0,False,0,0
2025-08-20,B12,30,208.0,1072.0,False,0,0
2025-08-20,C01,1,13.0,50.0,False,0,0
2025-08-20,C02,23,0.0,921.0,False,19,0
2025-08-20,C03,1,75.0,0.0,False,0,0
2025-08-20,C04,11,520.0,0.0,False,0,0
2025-08-20,C05,1,170.0,0.0,False,0,0
2025-08-20,C06,0,98.0,0.0,False,0,0
2025-08-20,C07,0,145.0,0.0,False,0,0
2025-08-20,C08,0,21.0,0.0,False,0,0
2025-08-21,A01,36,1749.0,1137.0,False,0,0
2025-08-21,A02,59,4400.0,0.0,False,0,1
2025-08-21,A03,0,995.0,0.0,False,0,0
2025-08-21,A04,0,0.0,544.0,False,0,0
2025-08-21,A05,209,0.0,7225.0,False,136,0
2025-08-21,A06,2,7541.8,6168.0,False,0,2
2025-08-21,A07,5,654.0,734.0,False,0,0
2025-08-21,A08,15,311.2,0.0,False,0,0
2025-08-21,A09,0,665.0,0.0,False,0,0
2025-08-21,A10,24,0.0,8386.0,False,24,0
2025-08-21,B01,0,326.0,0.0,False,0,0
2025-08-21,B02,11,1250.0,0.0,False,0,0
2025-08-21,B03,28,620.0,0.0,False,0,0
2025-08-21,B04,9,929.0,0.0,False,0,0
2025-08-21,B05,0,279.0,0.0,False,0,0
2025-08-21,B06,0,357.0,0.0,False,0,0
2025-08-21,B07,157,4220.0,5189.0,False,0,1
2025-08-21,B08,3,1275.0,1915.0,False,0,0
2025-08-21,B09,24,380.0,708.0,False,0,0
2025-08-21,B10,1,56.0,221.0,False,0,0
2025-08-21,B11,19,87.8,958.0,False,0,0
2025-08-21,B12,4,204.0,1072.0,False,0,0
2025-08-21,C01,0,13.0,50.0,False,0,0
2025-08-21,C02,7,0.0,921.0,False,7,0
2025-08-21,C03,3,71.8,0.0,False,0,0
2025-08-21,C04,19,501.0,0.0,False,0,0
2025-08-21,C05,0,170.0,0.0,False,0,0
2025-08-21,C06,1,97.0,0.0,False,0,0
2025-08-21,C07,0,145.0,0.0,False,0,0
2025-08-21,C08,0,21.0,0.0,False,0,0
2025-08-22,A01,46,1703.0,1137.0,False,0,0
2025-08-22,A02,2,4397.0,0.0,False,0,1
2025-08-22,A03,5,917.7,0.0,False,0,0
2025-08-22,A04,2,0.0,544.0,False,2,0
2025-08-22,A05,24,0.0,7225.0,False,24,0
2025-08-22,A06,145,14318.0,0.0,False,0,3
2025-08-22,A07,0,654.0,734.0,False,0,0
2025-08-22,A08,14,277.0,0.0,False,0,0
2025-08-22,A09,0,665.0,0.0,False,0,0
2025-08-22,A10,980,0.0,8386.0,False,980,0
2025-08-22,B01,1,325.0,0.0,False,0,0
2025-08-22,B02,2,1248.0,0.0,False,0,0
2025-08-22,B03,2,618.0,0.0,False,0,0
2025-08-22,B04,2,927.0,0.0,False,0,0
2025-08-22,B05,1,278.0,0.0,False,0,0
2025-08-22,B06,16,335.6,0.0,False,0,0
2025-08-22,B07,61,4158.0,5189.0,False,0,1
2025-08-22,B08,46,1229.0,1915.0,False,0,0
2025-08-22,B09,0,380.0,708.0,False,0,0
2025-08-22,B10,5,51.0,221.0,False,0,0
2025-08-22,B11,13,65.0,958.0,False,0,0
2025-08-22,B12,24,180.0,1072.0,False,0,0
2025-08-22,C01,0,39.0,24.0,False,0,0
2025-08-22,C02,1,920.0,0.0,False,0,0
2025-08-22,C03,0,78.1,0.0,False,0,0
2025-08-22,C04,0,501.0,0.0,False,0,0
2025-08-22,C05,2,168.0,0.0,False,0,0
2025-08-22,C06,3,94.0,0.0,False,0,0
2025-08-22,C07,5,140.0,0.0,False,0,0
2025-08-22,C08,0,21.0,0.0,False,0,0
2025-08-23,A01,11,1692.0,1137.0,False,0,0
2025-08-23,A02,131,4265.0,2383.0,True,0,1
2025-08-23,A03,0,990.0,0.0,False,0,0
2025-08-23,A04,2,0.0,544.0,False,2,0
2025-08-23,A05,3,0.0,7225.0,False,3,0
2025-08-23,A06,42,14273.0,0.0,False,0,3
2025-08-23,A07,29,625.0,734.0,False,0,0
2025-08-23,A08,0,277.0,0.0,False,0,0
2025-08-23,A09,10,655.0,0.0,False,0,0
2025-08-23,A10,58,0.0,8386.0,False,58,0
2025-08-23,B01,0,325.0,0.0,False,0,0
2025-08-23,B02,3,1245.0,0.0,False,0,0
2025-08-23,B03,4,614.0,0.0,False,0,0
2025-08-23,B04,0,927.0,0.0,False,0,0
2025-08-23,B05,0,278.0,0.0,False,0,0
2025-08-23,B06,3,338.0,0.0,False,0,0
2025-08-23,B07,39,4118.0,5189.0,False,0,1
2025-08-23,B08,58,1171.0,1915.0,False,0,0
2025-08-23,B09,2,378.0,708.0,False,0,0
2025-08-23,B10,6,45.0,221.0,False,0,0
2025-08-23,B11,7,58.0,958.0,False,0,0
2025-08-23,B12,17,163.0,1072.0,False,0,0
2025-08-23,C01,0,39.0,24.0,False,0,0
2025-08-23,C02,2,918.0,0.0,False,0,0
2025-08-23,C03,0,63.1,0.0,False,0,0
2025-08-23,C04,0,501.0,0.0,False,0,0
2025-08-23,C05,5,163.0,0.0,False,0,0
2025-08-23,C06,3,91.0,0.0,False,0,0
2025-08-23,C07,0,140.0,0.0,False,0,0
2025-08-23,C08,0,21.0,0.0,False,0,0
2025-08-24,A01,0,1916.5,1137.0,False,0,0
2025-08-24,A02,11,4253.0,2383.0,False,0,1
2025-08-24,A03,6,984.0,0.0,False,0,0
2025-08-24,A04,0,0.0,544.0,False,0,0
2025-08-24,A05,244,3176.2,3635.0,False,0,1
2025-08-24,A06,67,15900.0,0.0,False,0,3
2025-08-24,A07,20,605.0,734.0,False,0,0
2025-08-24,A08,0,277.0,0.0,False,0,0
2025-08-24,A09,2,653.0,0.0,False,0,0
2025-08-24,A10,5,0.0,8386.0,False,5,0
2025-08-24,B01,1,324.0,0.0,False,0,0
2025-08-24,B02,12,1233.0,0.0,False,0,0
2025-08-24,B03,1,613.0,0.0,False,0,0
2025-08-24,B04,11,916.0,0.0,False,0,0
2025-08-24,B05,6,272.0,0.0,False,0,0
2025-08-24,B06,33,305.0,1155.0,True,0,0
2025-08-24,B07,2,4115.0,5189.0,False,0,1
2025-08-24,B08,24,1147.0,1915.0,False,0,0
2025-08-24,B09,1,377.0,708.0,False,0,0
2025-08-24,B10,1,44.0,221.0,False,0,0
2025-08-24,B11,9,49.0,958.0,False,0,0
2025-08-24,B12,36,127.0,1072.0,False,0,0
2025-08-24,C01,0,39.0,24.0,False,0,0
2025-08-24,C02,5,913.0,0.0,False,0,0
2025-08-24,C03,0,64.5,0.0,False,0,0
2025-08-24,C04,0,501.0,0.0,False,0,0
2025-08-24,C05,0,163.0,0.0,False,0,0
2025-08-24,C06,2,89.0,0.0,False,0,0
2025-08-24,C07,1,139.0,0.0,False,0,0
2025-08-24,C08,0,21.0,0.0,False,0,0
2025-08-25,A01,40,1652.0,1137.0,False,0,0
2025-08-25,A02,46,4206.0,2383.0,False,0,1
2025-08-25,A03,46,938.0,0.0,False,0,0
2025-08-25,A04,6,0.0,544.0,False,6,0
2025-08-25,A05,41,3303.0,3635.0,False,0,1
2025-08-25,A06,98,14102.0,0.0,False,0,3
2025-08-25,A07,2,603.0,734.0,False,0,0
2025-08-25,A08,1,286.9,0.0,False,0,0
2025-08-25,A09,3,650.0,0.0,False,0,0
2025-08-25,A10,76,0.0,8386.0,False,76,0
2025-08-25,B01,0,324.0,0.0,False,0,0
2025-08-25,B02,26,1207.0,0.0,False,0,0
2025-08-25,B03,14,599.0,0.0,False,0,0
2025-08-25,B04,13,903.0,0.0,False,0,0
2025-08-25,B05,1,271.0,0.0,False,0,0
2025-08-25,B06,15,290.0,1155.0,False,0,0
2025-08-25,B07,147,3967.0,5189.0,False,0,1
2025-08-25,B08,27,1098.8,1915.0,False,0,0
2025-08-25,B09,10,367.0,708.0,False,0,0
2025-08-25,B10,0,44.0,221.0,False,0,0
2025-08-25,B11,30,19.0,958.0,False,0,0
2025-08-25,B12,62,65.0,1072.0,False,0,0
2025-08-25,C01,0,39.0,24.0,False,0,0
2025-08-25,C02,15,898.0,0.0,False,0,0
2025-08-25,C03,0,72.0,0.0,False,0,0
2025-08-25,C04,1,532.6,0.0,False,0,0
2025-08-25,C05,5,158.0,0.0,False,0,0
2025-08-25,C06,4,85.0,0.0,False,0,0
2025-08-25,C07,0,139.0,0.0,False,0,0
2025-08-25,C08,0,21.0,0.0,False,0,0
2025-08-26,A01,44,1608.0,1137.0,False,0,0
2025-08-26,A02,158,4047.0,2383.0,False,0,1
2025-08-26,A03,7,931.0,0.0,False,0,0
2025-08-26,A04,4,0.0,544.0,False,4,0
2025-08-26,A05,11,3291.0,3635.0,False,0,1
2025-08-26,A06,186,13913.0,0.0,False,0,3
2025-08-26,A07,5,598.0,734.0,False,0,0
2025-08-26,A08,15,261.0,0.0,False,0,0
2025-08-26,A09,9,641.0,0.0,False,0,0
2025-08-26,A10,2,0.0,8386.0,False,2,0
2025-08-26,B01,4,320.0,0.0,False,0,0
2025-08-26,B02,8,1199.0,0.0,False,0,0
2025-08-26,B03,6,592.4,0.0,False,0,0
2025-08-26,B04,12,891.0,0.0,False,0,0
2025-08-26,B05,4,267.0,0.0,False,0,0
2025-08-26,B06,11,239.3,1155.0,False,0,0
2025-08-26,B07,263,3703.0,5189.0,False,0,1
2025-08-26,B08,33,1087.0,1915.0,False,0,0
2025-08-26,B09,1,366.0,708.0,False,0,0
2025-08-26,B10,0,44.0,221.0,False,0,0
2025-08-26,B11,20,0.0,958.0,False,1,0
2025-08-26,B12,5,60.0,1072.0,False,0,0
2025-08-26,C01,0,39.0,24.0,False,0,0
2025-08-26,C02,1,989.0,0.0,False,0,0
2025-08-26,C03,0,72.0,0.0,False,0,0
2025-08-26,C04,1,499.0,0.0,False,0,0
2025-08-26,C05,0,158.0,0.0,False,0,0
2025-08-26,C06,0,85.0,0.0,False,0,0
2025-08-26,C07,2,137.0,0.0,False,0,0
2025-08-26,C08,0,21.0,0.0,False,0,0
2025-08-27,A01,37,1571.0,1137.0,False,0,0
2025-08-27,A02,85,3961.0,2383.0,False,0,1
2025-08-27,A03,7,924.0,0.0,False,0,0
2025-08-27,A04,5,0.0,544.0,False,5,0
2025-08-27,A05,262,3028.0,3635.0,False,0,1
2025-08-27,A06,206,13704.0,0.0,False,0,3
2025-08-27,A07,11,587.0,734.0,False,0,0
2025-08-27,A08,7,254.0,0.0,False,0,0
2025-08-27,A09,3,638.0,0.0,False,0,0
2025-08-27,A10,116,0.0,8386.0,False,116,0
2025-08-27,B01,1,319.0,0.0,False,0,0
2025-08-27,B02,17,1182.0,0.0,False,0,0
2025-08-27,B03,0,593.0,0.0,False,0,0
2025-08-27,B04,5,886.0,0.0,False,0,0
2025-08-27,B05,0,267.0,0.0,False,0,0
2025-08-27,B06,14,265.0,1155.0,False,0,0
2025-08-27,B07,9,3693.0,5189.0,False,0,1
2025-08-27,B08,66,1079.8,1915.0,False,0,0
2025-08-27,B09,3,363.0,708.0,False,0,0
2025-08-27,B10,2,47.5,221.0,False,0,0
2025-08-27,B11,15,0.0,958.0,False,15,0
2025-08-27,B12,87,0.0,1072.0,False,27,0
2025-08-27,C01,1,38.0,24.0,False,0,0
2025-08-27,C02,0,793.2,0.0,False,0,0
2025-08-27,C03,0,72.0,0.0,False,0,0
2025-08-27,C04,1,570.2,0.0,False,0,0
2025-08-27,C05,0,158.0,0.0,False,0,0
2025-08-27,C06,4,81.0,0.0,False,0,0
2025-08-27,C07,1,136.0,0.0,False,0,0
2025-08-27,C08,0,21.0,0.0,False,0,0
2025-08-28,A01,44,1527.0,1137.0,False,0,0
2025-08-28,A02,33,3927.0,2383.0,False,0,1
2025-08-28,A03,17,907.0,0.0,False,0,0
2025-08-28,A04,4,0.0,544.0,False,4,0
2025-08-28,A05,57,2970.0,3635.0,False,0,1
2025-08-28,A06,183,13518.0,0.0,False,0,3
2025-08-28,A07,14,573.0,734.0,False,0,0
2025-08-28,A08,10,244.0,0.0,False,0,0
2025-08-28,A09,10,628.0,0.0,False,0,0
2025-08-28,A10,83,0.0,8386.0,False,83,0
2025-08-28,B01,2,317.0,0.0,False,0,0
2025-08-28,B02,16,1166.0,0.0,False,0,0
2025-08-28,B03,7,586.0,0.0,False,0,0
2025-08-28,B04,5,858.5,0.0,False,0,0
2025-08-28,B05,1,263.2,0.0,False,0,0
2025-08-28,B06,23,242.0,1155.0,False,0,0
2025-08-28,B07,6,3686.0,5189.0,False,0,1
2025-08-28,B08,9,1012.0,1915.0,False,0,0
2025-08-28,B09,5,358.0,708.0,False,0,0
2025-08-28,B10,1,41.0,221.0,False,0,0
2025-08-28,B11,0,0.0,958.0,False,0,0
2025-08-28,B12,16,0.0,1072.0,False,16,0
2025-08-28,C01,0,38.0,24.0,False,0,0
2025-08-28,C02,7,890.0,0.0,False,0,0
2025-08-28,C03,1,69.4,0.0,False,0,0
2025-08-28,C04,6,492.0,0.0,False,0,0
2025-08-28,C05,0,158.0,0.0,False,0,0
2025-08-28,C06,0,81.0,0.0,False,0,0
2025-08-28,C07,16,120.0,0.0,False,0,0
2025-08-28,C08,0,21.0,0.0,False,0,0
2025-08-29,A01,64,1463.0,1137.0,False,0,0
2025-08-29,A02,2,3924.0,2383.0,False,0,1
2025-08-29,A03,8,899.0,0.0,False,0,0
2025-08-29,A04,0,0.0,544.0,False,0,0
2025-08-29,A05,96,2873.0,3635.0,False,0,1
2025-08-29,A06,27,13488.0,0.0,False,0,3
2025-08-29,A07,0,573.0,734.0,False,0,0
2025-08-29,A08,2,275.1,0.0,False,0,0
2025-08-29,A09,1,627.0,0.0,False,0,0
2025-08-29,A10,19,0.0,8386.0,False,19,0
2025-08-29,B01,2,315.0,0.0,False,0,0
2025-08-29,B02,25,977.3,0.0,False,0,0
2025-08-29,B03,5,581.0,0.0,False,0,0
2025-08-29,B04,0,922.6,0.0,False,0,0
2025-08-29,B05,0,266.0,0.0,False,0,0
2025-08-29,B06,30,212.0,1155.0,False,0,0
2025-08-29,B07,262,3423.0,5189.0,False,0,1
2025-08-29,B08,19,993.0,1915.0,False,0,0
2025-08-29,B09,13,345.0,708.0,False,0,0
2025-08-29,B10,1,40.0,221.0,False,0,0
2025-08-29,B11,0,0.0,958.0,False,0,0
2025-08-29,B12,21,0.0,1072.0,False,21,0
2025-08-29,C01,0,38.0,24.0,False,0,0
2025-08-29,C02,20,878.4,0.0,False,0,0
2025-08-29,C03,0,71.0,0.0,False,0,0
2025-08-29,C04,2,435.1,0.0,False,0,0
2025-08-29,C05,1,157.0,0.0,False,0,0
2025-08-29,C06,0,77.7,0.0,False,0,0
2025-08-29,C07,1,119.0,0.0,False,0,0
2025-08-29,C08,0,21.0,0.0,False,0,0
2025-08-30,A01,48,1415.0,1137.0,False,0,0
2025-08-30,A02,2,3921.0,2383.0,False,0,1
2025-08-30,A03,0,899.0,0.0,False,0,0
2025-08-30,A04,0,0.0,544.0,False,0,0
2025-08-30,A05,49,2905.5,3635.0,False,0,1
2025-08-30,A06,125,13360.0,0.0,False,0,3
2025-08-30,A07,58,515.0,734.0,False,0,0
2025-08-30,A08,0,242.0,0.0,False,0,0
2025-08-30,A09,3,624.0,0.0,False,0,0
2025-08-30,A10,111,0.0,8386.0,False,111,0
2025-08-30,B01,0,315.0,0.0,False,0,0
2025-08-30,B02,11,1130.0,0.0,False,0,0
2025-08-30,B03,4,577.0,0.0,False,0,0
2025-08-30,B04,1,880.0,0.0,False,0,0
2025-08-30,B05,0,266.0,0.0,False,0,0
2025-08-30,B06,26,186.0,1155.0,False,0,0
2025-08-30,B07,215,3207.0,5189.0,False,0,1
2025-08-30,B08,19,974.0,1915.0,False,0,0
2025-08-30,B09,2,343.0,708.0,False,0,0
2025-08-30,B10,3,37.0,221.0,False,0,0
2025-08-30,B11,5,0.0,958.0,False,5,0
2025-08-30,B12,7,0.0,1072.0,False,7,0
2025-08-30,C01,1,37.0,24.0,False,0,0
2025-08-30,C02,0,870.0,0.0,False,0,0
2025-08-30,C03,0,71.0,0.0,False,0,0
2025-08-30,C04,1,489.0,0.0,False,0,0
2025-08-30,C05,2,155.0,0.0,False,0,0
2025-08-30,C06,1,80.0,0.0,False,0,0
2025-08-30,C07,9,110.0,0.0,False,0,0
2025-08-30,C08,1,20.0,0.0,False,0,0
2025-08-31,A01,22,1393.0,1137.0,False,0,0
2025-08-31,A02,143,3777.0,2383.0,False,0,1
2025-08-31,A03,3,896.0,0.0,False,0,0
2025-08-31,A04,0,0.0,544.0,False,0,0
2025-08-31,A05,10,2812.0,3635.0,False,0,1
2025-08-31,A06,62,13295.0,0.0,False,0,3
2025-08-31,A07,4,511.0,734.0,False,0,0
2025-08-31,A08,14,228.0,0.0,False,0,0
2025-08-31,A09,5,619.0,0.0,False,0,0
2025-08-31,A10,78,0.0,8386.0,False,78,0
2025-08-31,B01,0,309.5,0.0,False,0,0
2025-08-31,B02,12,986.0,0.0,False,0,0
2025-08-31,B03,0,577.0,0.0,False,0,0
2025-08-31,B04,4,876.0,0.0,False,0,0
2025-08-31,B05,2,264.0,0.0,False,0,0
2025-08-31,B06,6,180.0,1155.0,False,0,0
2025-08-31,B07,32,3174.0,5189.0,False,0,1
2025-08-31,B08,4,1096.4,1915.0,False,0,0
2025-08-31,B09,5,338.0,708.0,False,0,0
2025-08-31,B10,0,40.3,221.0,False,0,0
2025-08-31,B11,8,0.0,958.0,False,8,0
2025-08-31,B12,1,0.0,1072.0,False,1,0
2025-08-31,C01,2,35.0,24.0,False,0,0
2025-08-31,C02,4,866.0,0.0,False,0,0
2025-08-31,C03,0,71.0,0.0,False,0,0
2025-08-31,C04,5,484.0,0.0,False,0,0
2025-08-31,C05,1,156.1,0.0,False,0,0
2025-08-31,C06,0,80.0,0.0,False,0,0
2025-08-31,C07,1,109.0,0.0,False,0,0
2025-08-31,C08,1,19.0,102.0,True,0,0
2025-09-01,A01,31,1362.0,1137.0,False,0,0
2025-09-01,A02,0,3776.0,2383.0,False,0,1
2025-09-01,A03,15,881.0,0.0,False,0,0
2025-09-01,A04,1,0.0,544.0,False,1,0
2025-09-01,A05,695,2117.0,3635.0,False,0,0
2025-09-01,A06,61,13231.0,0.0,False,0,3
2025-09-01,A07,9,502.0,734.0,False,0,0
2025-09-01,A08,25,203.0,0.0,False,0,0
2025-09-01,A09,20,599.0,0.0,False,0,0
2025-09-01,A10,14,0.0,8386.0,False,14,0
2025-09-01,B01,7,308.0,0.0,False,0,0
2025-09-01,B02,4,1114.0,0.0,False,0,0
2025-09-01,B03,0,577.0,0.0,False,0,0
2025-09-01,B04,0,876.0,0.0,False,0,0
2025-09-01,B05,0,282.7,0.0,False,0,0
2025-09-01,B06,53,127.0,1155.0,False,0,0
2025-09-01,B07,16,3157.0,5189.0,False,0,1
2025-09-01,B08,9,961.0,1915.0,False,0,0
2025-09-01,B09,10,328.0,708.0,False,0,0
2025-09-01,B10,0,37.0,221.0,False,0,0
2025-09-01,B11,41,0.0,958.0,False,41,0
2025-09-01,B12,0,0.0,1072.0,False,0,0
2025-09-01,C01,0,35.0,24.0,False,0,0
2025-09-01,C02,0,866.0,0.0,False,0,0
2025-09-01,C03,1,70.0,0.0,False,0,0
2025-09-01,C04,1,551.6,0.0,False,0,0
2025-09-01,C05,0,154.0,0.0,False,0,0
2025-09-01,C06,1,79.0,0.0,False,0,0
2025-09-01,C07,1,108.0,0.0,False,0,0
2025-09-01,C08,0,19.0,102.0,False,0,0
2025-09-02,A01,59,2439.0,0.0,False,0,1
2025-09-02,A02,4,4059.5,2383.0,False,0,1
2025-09-02,A03,5,876.0,0.0,False,0,0
2025-09-02,A04,0,0.0,544.0,False,0,0
2025-09-02,A05,77,2040.0,3635.0,False,0,0
2025-09-02,A06,4,13224.0,0.0,False,0,3
2025-09-02,A07,0,502.0,734.0,False,0,0
2025-09-02,A08,14,189.0,0.0,False,0,0
2025-09-02,A09,7,592.0,0.0,False,0,0
2025-09-02,A10,14,0.0,8386.0,False,14,0
2025-09-02,B01,15,293.0,0.0,False,0,0
2025-09-02,B02,5,995.4,0.0,False,0,0
2025-09-02,B03,27,516.1,0.0,False,0,0
2025-09-02,B04,2,912.9,0.0,False,0,0
2025-09-02,B05,4,260.0,0.0,False,0,0
2025-09-02,B06,1,107.5,1155.0,False,0,0
2025-09-02,B07,21,3135.0,5189.0,False,0,1
2025-09-02,B08,22,939.0,1915.0,False,0,0
2025-09-02,B09,7,321.0,708.0,False,0,0
2025-09-02,B10,1,36.0,221.0,False,0,0
2025-09-02,B11,15,0.0,958.0,False,15,0
2025-09-02,B12,41,0.0,1072.0,False,41,0
2025-09-02,C01,1,34.0,24.0,False,0,0
2025-09-02,C02,2,864.0,0.0,False,0,0
2025-09-02,C03,0,70.0,0.0,False,0,0
2025-09-02,C04,0,483.0,0.0,False,0,0
2025-09-02,C05,0,154.0,0.0,False,0,0
2025-09-02,C06,1,78.0,0.0,False,0,0
2025-09-02,C07,0,108.0,0.0,False,0,0
2025-09-02,C08,1,18.0,102.0,False,0,0
2025-09-03,A01,17,2422.0,0.0,False,0,0
2025-09-03,A02,2,4199.8,2383.0,False,0,1
2025-09-03,A03,7,869.0,0.0,False,0,0
2025-09-03,A04,2,0.0,544.0,False,2,0
2025-09-03,A05,357,1829.0,3635.0,False,0,0
2025-09-03,A06,18,13203.0,0.0,False,0,3
2025-09-03,A07,4,498.0,734.0,False,0,0
2025-09-03,A08,1,188.0,0.0,False,0,0
2025-09-03,A09,18,588.9,0.0,False,0,0
2025-09-03,A10,64,0.0,8386.0,False,64,0
2025-09-03,B01,5,288.0,0.0,False,0,0
2025-09-03,B02,4,1105.0,0.0,False,0,0
2025-09-03,B03,5,545.0,0.0,False,0,0
2025-09-03,B04,0,874.0,0.0,False,0,0
2025-09-03,B05,2,279.5,0.0,False,0,0
2025-09-03,B06,16,110.0,1155.0,False,0,0
2025-09-03,B07,26,3108.0,5189.0,False,0,1
2025-09-03,B08,40,899.0,1915.0,False,0,0
2025-09-03,B09,11,310.0,708.0,False,0,0
2025-09-03,B10,0,36.0,221.0,False,0,0
2025-09-03,B11,0,0.0,958.0,False,0,0
2025-09-03,B12,3,0.0,1072.0,False,3,0
2025-09-03,C01,0,34.0,24.0,False,0,0
2025-09-03,C02,1,863.0,0.0,False,0,0
2025-09-03,C03,0,70.0,0.0,False,0,0
2025-09-03,C04,9,474.0,0.0,False,0,0
2025-09-03,C05,2,152.0,0.0,False,0,0
2025-09-03,C06,1,77.0,0.0,False,0,0
2025-09-03,C07,1,107.0,0.0,False,0,0
2025-09-03,C08,0,18.0,102.0,False,0,0
2025-09-04,A01,4,2418.0,0.0,False,0,0
2025-09-04,A02,72,3695.0,2383.0,False,0,1
2025-09-04,A03,7,862.0,0.0,False,0,0
2025-09-04,A04,1,0.0,544.0,False,1,0
2025-09-04,A05,149,1534.0,3635.0,False,0,0
2025-09-04,A06,383,12817.0,0.0,False,0,3
2025-09-04,A07,22,476.0,734.0,False,0,0
2025-09-04,A08,5,183.0,0.0,False,0,0
2025-09-04,A09,4,570.0,0.0,False,0,0
2025-09-04,A10,0,0.0,8386.0,False,0,0
2025-09-04,B01,1,287.0,0.0,False,0,0
2025-09-04,B02,5,1116.2,0.0,False,0,0
2025-09-04,B03,0,545.0,0.0,False,0,0
2025-09-04,B04,1,873.0,0.0,False,0,0
2025-09-04,B05,1,288.3,0.0,False,0,0
2025-09-04,B06,32,72.8,1155.0,False,0,0
2025-09-04,B07,10,3097.0,5189.0,False,0,1
2025-09-04,B08,13,886.0,1915.0,False,0,0
2025-09-04,B09,0,310.0,708.0,False,0,0
2025-09-04,B10,4,32.3,221.0,False,0,0
2025-09-04,B11,54,0.0,958.0,False,54,0
2025-09-04,B12,15,0.0,1072.0,False,15,0
2025-09-04,C01,3,31.0,48.0,True,0,0
2025-09-04,C02,10,731.0,0.0,False,0,0
2025-09-04,C03,0,70.0,0.0,False,0,0
2025-09-04,C04,2,472.0,0.0,False,0,0
2025-09-04,C05,2,150.0,0.0,False,0,0
2025-09-04,C06,4,73.0,0.0,False,0,0
2025-09-04,C07,0,107.0,0.0,False,0,0
2025-09-04,C08,0,18.0,102.0,False,0,0
2025-09-05,A01,55,2363.0,0.0,False,0,0
2025-09-05,A02,29,3665.0,2383.0,False,0,1
2025-09-05,A03,28,834.0,0.0,False,0,0
2025-09-05,A04,0,0.0,544.0,False,0,0
2025-09-05,A05,306,1228.0,7334.0,True,0,0
2025-09-05,A06,1,12813.0,0.0,False,0,3
2025-09-05,A07,5,424.3,734.0,False,0,0
2025-09-05,A08,3,180.0,0.0,False,0,0
2025-09-05,A09,2,568.0,0.0,False,0,0
2025-09-05,A10,651,0.0,8386.0,False,651,0
2025-09-05,B01,3,284.0,0.0,False,0,0
2025-09-05,B02,0,1100.0,0.0,False,0,0
2025-09-05,B03,1,544.0,0.0,False,0,0
2025-09-05,B04,0,899.9,0.0,False,0,0
2025-09-05,B05,1,256.0,0.0,False,0,0
2025-09-05,B06,26,52.0,1155.0,False,0,0
2025-09-05,B07,4,3092.0,5189.0,False,0,1
2025-09-05,B08,20,866.0,1915.0,False,0,0
2025-09-05,B09,8,302.0,708.0,False,0,0
2025-09-05,B10,1,31.0,221.0,False,0,0
2025-09-05,B11,0,0.0,958.0,False,0,0
2025-09-05,B12,1,0.0,1072.0,False,1,0
2025-09-05,C01,3,28.0,48.0,False,0,0
2025-09-05,C02,16,837.0,0.0,False,0,0
2025-09-05,C03,0,70.0,0.0,False,0,0
2025-09-05,C04,3,469.0,0.0,False,0,0
2025-09-05,C05,1,149.0,0.0,False,0,0
2025-09-05,C06,0,73.0,0.0,False,0,0
2025-09-05,C07,0,107.0,0.0,False,0,0
2025-09-05,C08,1,17.0,102.0,False,0,0
2025-09-06,A01,18,2345.0,0.0,False,0,0
2025-09-06,A02,324,3164.1,2383.0,False,0,1
2025-09-06,A03,13,904.7,0.0,False,0,0
2025-09-06,A04,0,0.0,544.0,False,0,0
2025-09-06,A05,82,1146.0,7334.0,False,0,0
2025-09-06,A06,14,12796.0,0.0,False,0,3
2025-09-06,A07,18,456.7,734.0,False,0,0
2025-09-06,A08,5,182.3,0.0,False,0,0
2025-09-06,A09,0,568.0,0.0,False,0,0
2025-09-06,A10,7,0.0,8386.0,False,7,0
2025-09-06,B01,1,283.0,0.0,False,0,0
2025-09-06,B02,47,1053.0,0.0,False,0,0
2025-09-06,B03,0,544.0,0.0,False,0,0
2025-09-06,B04,1,872.0,0.0,False,0,0
2025-09-06,B05,1,255.0,0.0,False,0,0
2025-09-06,B06,15,37.0,1155.0,False,0,0
2025-09-06,B07,92,2999.0,5189.0,False,0,1
2025-09-06,B08,48,818.0,1915.0,False,0,0
2025-09-06,B09,11,291.0,708.0,False,0,0
2025-09-06,B10,0,31.0,221.0,False,0,0
2025-09-06,B11,6,0.0,958.0,False,6,0
2025-09-06,B12,7,0.0,1072.0,False,7,0
2025-09-06,C01,0,28.0,48.0,False,0,0
2025-09-06,C02,2,835.0,0.0,False,0,0
2025-09-06,C03,0,77.4,0.0,False,0,0
2025-09-06,C04,10,459.0,0.0,False,0,0
2025-09-06,C05,1,148.0,0.0,False,0,0
2025-09-06,C06,0,73.0,0.0,False,0,0
2025-09-06,C07,7,100.0,0.0,False,0,0
2025-09-06,C08,0,17.0,102.0,False,0,0
2025-09-07,A01,178,2154.7,0.0,False,0,0
2025-09-07,A02,115,3224.0,2383.0,False,0,1
2025-09-07,A03,30,791.0,0.0,False,0,0
2025-09-07,A04,2,0.0,544.0,False,2,0
2025-09-07,A05,12,1134.0,7334.0,False,0,0
2025-09-07,A06,59,12734.0,0.0,False,0,3
2025-09-07,A07,4,449.0,734.0,False,0,0
2025-09-07,A08,0,175.0,0.0,False,0,0
2025-09-07,A09,19,549.0,0.0,False,0,0
2025-09-07,A10,0,0.0,8386.0,False,0,0
2025-09-07,B01,6,299.2,0.0,False,0,0
2025-09-07,B02,19,1034.0,0.0,False,0,0
2025-09-07,B03,7,589.7,0.0,False,0,0
2025-09-07,B04,2,870.0,0.0,False,0,0
2025-09-07,B05,0,255.0,0.0,False,0,0
2025-09-07,B06,1,36.0,1155.0,False,0,0
2025-09-07,B07,228,2770.0,5189.0,False,0,1
2025-09-07,B08,2,816.0,1915.0,False,0,0
2025-09-07,B09,14,277.0,708.0,False,0,0
2025-09-07,B10,6,26.1,221.0,False,0,0
2025-09-07,B11,12,0.0,958.0,False,12,0
2025-09-07,B12,13,0.0,1072.0,False,13,0
2025-09-07,C01,3,22.0,48.0,False,0,0
2025-09-07,C02,10,772.1,0.0,False,0,0
2025-09-07,C03,0,70.0,0.0,False,0,0
2025-09-07,C04,0,459.0,0.0,False,0,0
2025-09-07,C05,2,146.0,0.0,False,0,0
2025-09-07,C06,7,66.0,0.0,False,0,0
2025-09-07,C07,6,94.0,0.0,False,0,0
2025-09-07,C08,0,17.0,102.0,False,0,0
2025-09-08,A01,69,2098.0,0.0,False,0,0
2025-09-08,A02,69,3154.0,2383.0,False,0,1
2025-09-08,A03,0,791.0,0.0,False,0,0
2025-09-08,A04,0,0.0,544.0,False,0,0
2025-09-08,A05,7,1127.0,7334.0,False,0,0
2025-09-08,A06,98,12633.0,0.0,False,0,3
2025-09-08,A07,3,446.0,734.0,False,0,0
2025-09-08,A08,5,164.5,0.0,False,0,0
2025-09-08,A09,12,537.0,0.0,False,0,0
2025-09-08,A10,221,0.0,8386.0,False,221,0
2025-09-08,B01,1,276.0,0.0,False,0,0
2025-09-08,B02,6,1028.0,0.0,False,0,0
2025-09-08,B03,10,527.0,0.0,False,0,0
2025-09-08,B04,8,862.0,0.0,False,0,0
2025-09-08,B05,5,250.0,0.0,False,0,0
2025-09-08,B06,3,33.0,1155.0,False,0,0
2025-09-08,B07,226,2543.0,5189.0,False,0,1
2025-09-08,B08,26,790.0,1915.0,False,0,0
2025-09-08,B09,3,310.6,708.0,False,0,0
2025-09-08,B10,2,23.0,221.0,False,0,0
2025-09-08,B11,5,0.0,958.0,False,5,0
2025-09-08,B12,26,0.0,1072.0,False,26,0
2025-09-08,C01,0,25.0,48.0,False,0,0
2025-09-08,C02,3,822.0,0.0,False,0,0
2025-09-08,C03,0,70.0,0.0,False,0,0
2025-09-08,C04,0,459.0,0.0,False,0,0
2025-09-08,C05,6,140.0,0.0,False,0,0
2025-09-08,C06,0,66.0,0.0,False,0,0
2025-09-08,C07,13,81.0,0.0,False,0,0
2025-09-08,C08,1,16.0,102.0,False,0,0
2025-09-09,A01,2,2096.0,0.0,False,0,0
2025-09-09,A02,20,3133.0,2383.0,False,0,1
2025-09-09,A03,9,782.0,0.0,False,0,0
2025-09-09,A04,1,0.0,544.0,False,1,0
2025-09-09,A05,278,849.0,7334.0,False,0,0
2025-09-09,A06,173,12457.0,0.0,False,0,3
2025-09-09,A07,30,416.0,734.0,False,0,0
2025-09-09,A08,20,150.0,0.0,False,0,0
2025-09-09,A09,16,521.0,0.0,False,0,0
2025-09-09,A10,0,0.0,8386.0,False,0,0
2025-09-09,B01,2,274.0,0.0,False,0,0
2025-09-09,B02,27,1001.0,0.0,False,0,0
2025-09-09,B03,0,527.0,0.0,False,0,0
2025-09-09,B04,12,850.0,0.0,False,0,0
2025-09-09,B05,0,250.0,0.0,False,0,0
2025-09-09,B06,14,21.3,1155.0,False,0,0
2025-09-09,B07,226,2317.0,5189.0,False,0,0
2025-09-09,B08,50,740.0,1915.0,False,0,0
2025-09-09,B09,0,274.0,708.0,False,0,0
2025-09-09,B10,2,21.0,221.0,False,0,0
2025-09-09,B11,5,0.0,958.0,False,5,0
2025-09-09,B12,17,0.0,1072.0,False,17,0
2025-09-09,C01,0,21.9,48.0,False,0,0
2025-09-09,C02,1,821.0,0.0,False,0,0
2025-09-09,C03,0,70.0,0.0,False,0,0
2025-09-09,C04,0,459.0,0.0,False,0,0
2025-09-09,C05,7,133.0,0.0,False,0,0
2025-09-09,C06,5,53.1,0.0,False,0,0
2025-09-09,C07,3,78.0,0.0,False,0,0
2025-09-09,C08,0,16.0,102.0,False,0,0
2025-09-10,A01,125,1971.0,0.0,False,0,0
2025-09-10,A02,46,3086.0,2383.0,False,0,1
2025-09-10,A03,1,781.0,0.0,False,0,0
2025-09-10,A04,5,0.0,544.0,False,5,0
2025-09-10,A05,98,4449.0,3635.0,False,0,1
2025-09-10,A06,168,12286.0,0.0,False,0,3
2025-09-10,A07,5,411.0,734.0,False,0,0
2025-09-10,A08,10,140.0,0.0,False,0,0
2025-09-10,A09,0,521.0,0.0,False,0,0
2025-09-10,A10,48,0.0,8386.0,False,48,0
2025-09-10,B01,2,272.0,0.0,False,0,0
2025-09-10,B02,4,997.0,0.0,False,0,0
2025-09-10,B03,0,527.0,0.0,False,0,0
2025-09-10,B04,4,846.0,0.0,False,0,0
2025-09-10,B05,2,248.0,0.0,False,0,0
2025-09-10,B06,9,10.0,1155.0,False,0,0
2025-09-10,B07,231,2086.0,5189.0,False,0,0
2025-09-10,B08,0,740.0,1915.0,False,0,0
2025-09-10,B09,5,269.0,708.0,False,0,0
2025-09-10,B10,4,17.0,221.0,False,0,0
2025-09-10,B11,39,0.0,958.0,False,39,0
2025-09-10,B12,31,0.0,1072.0,False,31,0
2025-09-10,C01,0,25.0,48.0,False,0,0
2025-09-10,C02,4,817.0,0.0,False,0,0
2025-09-10,C03,0,70.0,0.0,False,0,0
2025-09-10,C04,4,455.0,0.0,False,0,0
2025-09-10,C05,0,133.0,0.0,False,0,0
2025-09-10,C06,1,60.0,0.0,False,0,0
2025-09-10,C07,2,76.0,0.0,False,0,0
2025-09-10,C08,1,15.0,102.0,False,0,0
2025-09-11,A01,96,1875.0,1128.0,True,0,0
2025-09-11,A02,1,3084.0,2383.0,False,0,1
2025-09-11,A03,6,777.6,0.0,False,0,0
2025-09-11,A04,0,0.0,544.0,False,0,0
2025-09-11,A05,18,4430.0,3635.0,False,0,1
2025-09-11,A06,304,11980.0,0.0,False,0,2
2025-09-11,A07,45,366.0,734.0,False,0,0
2025-09-11,A08,4,137.8,0.0,False,0,0
2025-09-11,A09,6,515.0,0.0,False,0,0
2025-09-11,A10,5,0.0,8386.0,False,5,0
2025-09-11,B01,8,264.0,0.0,False,0,0
2025-09-11,B02,4,873.5,0.0,False,0,0
2025-09-11,B03,4,523.0,0.0,False,0,0
2025-09-11,B04,4,876.7,0.0,False,0,0
2025-09-11,B05,3,245.0,0.0,False,0,0
2025-09-11,B06,11,0.0,1155.0,False,1,0
2025-09-11,B07,60,2026.0,5189.0,False,0,0
2025-09-11,B08,0,740.0,1915.0,False,0,0
2025-09-11,B09,2,267.0,708.0,False,0,0
2025-09-11,B10,5,12.0,221.0,False,0,0
2025-09-11,B11,1,957.0,0.0,False,0,0
2025-09-11,B12,1,0.0,1072.0,False,1,0
2025-09-11,C01,0,25.0,48.0,False,0,0
2025-09-11,C02,1,816.0,0.0,False,0,0
2025-09-11,C03,2,68.0,0.0,False,0,0
2025-09-11,C04,2,520.1,0.0,False,0,0
2025-09-11,C05,5,128.0,0.0,False,0,0
2025-09-11,C06,3,57.0,0.0,False,0,0
2025-09-11,C07,0,76.0,0.0,False,0,0
2025-09-11,C08,2,13.0,102.0,False,0,0
2025-09-12,A01,5,2031.4,1128.0,False,0,0
2025-09-12,A02,251,5407.3,0.0,False,0,1
2025-09-12,A03,13,762.0,0.0,False,0,0
2025-09-12,A04,3,0.0,544.0,False,3,0
2025-09-12,A05,251,4178.0,3635.0,False,0,1
2025-09-12,A06,127,11851.0,0.0,False,0,2
2025-09-12,A07,1,365.0,734.0,False,0,0
2025-09-12,A08,3,133.0,0.0,False,0,0
2025-09-12,A09,4,511.0,0.0,False,0,0
2025-09-12,A10,55,0.0,8386.0,False,55,0
2025-09-12,B01,1,263.0,0.0,False,0,0
2025-09-12,B02,3,990.0,0.0,False,0,0
2025-09-12,B03,10,513.0,0.0,False,0,0
2025-09-12,B04,5,837.0,0.0,False,0,0
2025-09-12,B05,1,244.0,0.0,False,0,0
2025-09-12,B06,10,0.0,1155.0,False,10,0
2025-09-12,B07,32,2073.1,5189.0,False,0,0
2025-09-12,B08,1,739.0,1915.0,False,0,0
2025-09-12,B09,1,266.0,708.0,False,0,0
2025-09-12,B10,3,9.0,221.0,False,0,0
2025-09-12,B11,7,810.0,0.0,False,0,0
2025-09-12,B12,2,0.0,1072.0,False,2,0
2025-09-12,C01,1,24.0,48.0,False,0,0
2025-09-12,C02,0,816.0,0.0,False,0,0
2025-09-12,C03,1,67.0,0.0,False,0,0
2025-09-12,C04,0,453.0,0.0,False,0,0
2025-09-12,C05,2,126.0,0.0,False,0,0
2025-09-12,C06,1,56.0,0.0,False,0,0
2025-09-12,C07,1,75.0,0.0,False,0,0
2025-09-12,C08,1,12.0,102.0,False,0,0
2025-09-13,A01,0,1870.0,1128.0,False,0,0
2025-09-13,A02,268,4790.4,0.0,False,0,1
2025-09-13,A03,2,760.0,0.0,False,0,0
2025-09-13,A04,1,0.0,544.0,False,1,0
2025-09-13,A05,7,4170.0,3635.0,False,0,1
2025-09-13,A06,64,11785.0,0.0,False,0,2
2025-09-13,A07,1,364.0,734.0,False,0,0
2025-09-13,A08,6,127.0,0.0,False,0,0
2025-09-13,A09,17,494.0,0.0,False,0,0
2025-09-13,A10,165,0.0,8386.0,False,165,0
2025-09-13,B01,1,265.3,0.0,False,0,0
2025-09-13,B02,6,984.0,0.0,False,0,0
2025-09-13,B03,0,513.0,0.0,False,0,0
2025-09-13,B04,2,835.0,0.0,False,0,0
2025-09-13,B05,0,244.0,0.0,False,0,0
2025-09-13,B06,15,0.0,1155.0,False,15,0
2025-09-13,B07,68,1926.0,5189.0,False,0,0
2025-09-13,B08,1,679.4,1915.0,False,0,0
2025-09-13,B09,1,265.0,708.0,False,0,0
2025-09-13,B10,10,0.0,221.0,False,1,0
2025-09-13,B11,19,931.0,0.0,False,0,0
2025-09-13,B12,0,0.0,1072.0,False,0,0
2025-09-13,C01,0,24.0,48.0,False,0,0
2025-09-13,C02,3,813.0,0.0,False,0,0
2025-09-13,C03,0,67.0,0.0,False,0,0
2025-09-13,C04,1,478.8,0.0,False,0,0
2025-09-13,C05,1,125.0,0.0,False,0,0
2025-09-13,C06,2,54.0,0.0,False,0,0
2025-09-13,C07,3,72.0,0.0,False,0,0
2025-09-13,C08,0,12.0,102.0,False,0,0
2025-09-14,A01,16,1854.0,1128.0,False,0,0
2025-09-14,A02,59,4886.0,0.0,False,0,1
2025-09-14,A03,11,765.8,0.0,False,0,0
2025-09-14,A04,9,0.0,544.0,False,9,0
2025-09-14,A05,8,4161.0,3635.0,False,0,1
2025-09-14,A06,102,11681.0,0.0,False,0,2
2025-09-14,A07,100,264.0,1452.0,True,0,0
2025-09-14,A08,3,124.0,0.0,False,0,0
2025-09-14,A09,5,489.0,0.0,False,0,0
2025-09-14,A10,442,0.0,8386.0,False,442,0
2025-09-14,B01,4,258.0,0.0,False,0,0
2025-09-14,B02,0,984.0,0.0,False,0,0
2025-09-14,B03,0,513.0,0.0,False,0,0
2025-09-14,B04,20,815.0,0.0,False,0,0
2025-09-14,B05,0,244.0,0.0,False,0,0
2025-09-14,B06,1,0.0,1155.0,False,1,0
2025-09-14,B07,72,1854.0,5189.0,False,0,0
2025-09-14,B08,13,725.0,1915.0,False,0,0
2025-09-14,B09,40,225.0,708.0,False,0,0
2025-09-14,B10,0,0.0,221.0,False,0,0
2025-09-14,B11,48,883.0,0.0,False,0,0
2025-09-14,B12,14,0.0,1072.0,False,14,0
2025-09-14,C01,0,24.0,48.0,False,0,0
2025-09-14,C02,0,811.7,0.0,False,0,0
2025-09-14,C03,0,67.0,0.0,False,0,0
2025-09-14,C04,0,452.0,0.0,False,0,0
2025-09-14,C05,1,124.0,0.0,False,0,0
2025-09-14,C06,0,54.0,0.0,False,0,0
2025-09-14,C07,1,71.0,0.0,False,0,0
2025-09-14,C08,0,12.0,102.0,False,0,0
2025-09-15,A01,45,1809.0,1128.0,False,0,0
2025-09-15,A02,14,4871.0,0.0,False,0,1
2025-09-15,A03,16,733.0,0.0,False,0,0
2025-09-15,A04,8,0.0,544.0,False,8,0
2025-09-15,A05,0,4160.0,3635.0,False,0,1
2025-09-15,A06,116,11563.0,0.0,False,0,2
2025-09-15,A07,22,242.0,1452.0,False,0,0
2025-09-15,A08,10,114.0,0.0,False,0,0
2025-09-15,A09,3,486.0,0.0,False,0,0
2025-09-15,A10,0,0.0,8386.0,False,0,0
2025-09-15,B01,1,257.0,0.0,False,0,0
2025-09-15,B02,1,983.0,0.0,False,0,0
2025-09-15,B03,7,506.0,0.0,False,0,0
2025-09-15,B04,3,812.0,0.0,False,0,0
2025-09-15,B05,4,240.0,0.0,False,0,0
2025-09-15,B06,128,0.0,1155.0,False,128,0
2025-09-15,B07,98,1756.0,5189.0,False,0,0
2025-09-15,B08,37,688.0,1915.0,False,0,0
2025-09-15,B09,12,213.0,708.0,False,0,0
2025-09-15,B10,0,0.0,221.0,False,0,0
2025-09-15,B11,9,874.0,0.0,False,0,0
2025-09-15,B12,0,0.0,1072.0,False,0,0
2025-09-15,C01,1,23.0,48.0,False,0,0
2025-09-15,C02,0,813.0,0.0,False,0,0
2025-09-15,C03,1,66.0,0.0,False,0,0
2025-09-15,C04,4,448.0,0.0,False,0,0
2025-09-15,C05,1,123.0,0.0,False,0,0
2025-09-15,C06,1,53.0,0.0,False,0,0
2025-09-15,C07,0,71.0,0.0,False,0,0
2025-09-15,C08,0,12.0,102.0,False,0,0
2025-09-16,A01,55,1754.0,1128.0,False,0,0
2025-09-16,A02,7,4863.0,0.0,False,0,1
2025-09-16,A03,12,721.0,0.0,False,0,0
2025-09-16,A04,0,0.0,544.0,False,0,0
2025-09-16,A05,59,4100.0,3635.0,False,0,1
2025-09-16,A06,535,11894.8,0.0,False,0,2
2025-09-16,A07,1,241.0,1452.0,False,0,0
2025-09-16,A08,7,107.0,0.0,False,0,0
2025-09-16,A09,8,478.0,0.0,False,0,0
2025-09-16,A10,33,0.0,8386.0,False,33,0
2025-09-16,B01,4,253.0,0.0,False,0,0
2025-09-16,B02,0,983.0,0.0,False,0,0
2025-09-16,B03,20,486.0,0.0,False,0,0
2025-09-16,B04,0,812.0,0.0,False,0,0
2025-09-16,B05,2,238.0,0.0,False,0,0
2025-09-16,B06,0,0.0,1155.0,False,0,0
2025-09-16,B07,38,1718.0,5189.0,False,0,0
2025-09-16,B08,54,634.0,1915.0,False,0,0
2025-09-16,B09,0,213.0,708.0,False,0,0
2025-09-16,B10,1,0.0,221.0,False,1,0
2025-09-16,B11,0,874.0,0.0,False,0,0
2025-09-16,B12,9,0.0,1072.0,False,9,0
2025-09-16,C01,0,21.4,48.0,False,0,0
2025-09-16,C02,0,813.0,0.0,False,0,0
2025-09-16,C03,0,66.0,0.0,False,0,0
2025-09-16,C04,2,446.0,0.0,False,0,0
2025-09-16,C05,1,122.0,0.0,False,0,0
2025-09-16,C06,3,50.0,0.0,False,0,0
2025-09-16,C07,0,71.0,0.0,False,0,0
2025-09-16,C08,1,11.0,102.0,False,0,0
2025-09-17,A01,49,1705.0,1128.0,False,0,0
2025-09-17,A02,40,4822.0,0.0,False,0,1
2025-09-17,A03,26,695.0,0.0,False,0,0
2025-09-17,A04,0,0.0,544.0,False,0,0
2025-09-17,A05,106,3993.0,3635.0,False,0,1
2025-09-17,A06,245,10779.0,5953.0,True,0,2
2025-09-17,A07,5,236.0,1452.0,False,0,0
2025-09-17,A08,5,102.0,0.0,False,0,0
2025-09-17,A09,6,472.0,0.0,False,0,0
2025-09-17,A10,10,0.0,8386.0,False,10,0
2025-09-17,B01,0,253.0,0.0,False,0,0
2025-09-17,B02,11,972.0,0.0,False,0,0
2025-09-17,B03,17,469.0,0.0,False,0,0
2025-09-17,B04,17,716.9,0.0,False,0,0
2025-09-17,B05,1,237.0,0.0,False,0,0
2025-09-17,B06,8,0.0,1155.0,False,8,0
2025-09-17,B07,40,1678.0,5189.0,False,0,0
2025-09-17,B08,0,634.0,1915.0,False,0,0
2025-09-17,B09,1,212.0,708.0,False,0,0
2025-09-17,B10,0,221.0,0.0,False,0,0
2025-09-17,B11,6,868.0,0.0,False,0,0
2025-09-17,B12,17,0.0,1072.0,False,17,0
2025-09-17,C01,1,22.0,48.0,False,0,0
2025-09-17,C02,1,812.0,0.0,False,0,0
2025-09-17,C03,0,66.0,0.0,False,0,0
2025-09-17,C04,3,443.0,0.0,False,0,0
2025-09-17,C05,3,119.0,0.0,False,0,0
2025-09-17,C06,0,50.0,0.0,False,0,0
2025-09-17,C07,12,59.0,0.0,False,0,0
2025-09-17,C08,0,11.0,102.0,False,0,0
2025-09-18,A01,11,1694.0,1128.0,False,0,0
2025-09-18,A02,89,4732.0,0.0,False,0,1
2025-09-18,A03,16,679.0,0.0,False,0,0
2025-09-18,A04,0,0.0,544.0,False,0,0
2025-09-18,A05,25,3967.0,3635.0,False,0,1
2025-09-18,A06,11,10766.0,5953.0,False,0,2
2025-09-18,A07,0,211.6,1452.0,False,0,0
2025-09-18,A08,4,98.0,329.0,True,0,0
2025-09-18,A09,7,465.0,0.0,False,0,0
2025-09-18,A10,5,0.0,8386.0,False,5,0
2025-09-18,B01,1,252.0,0.0,False,0,0
2025-09-18,B02,9,963.0,0.0,False,0,0
2025-09-18,B03,7,462.0,0.0,False,0,0
2025-09-18,B04,1,730.2,0.0,False,0,0
2025-09-18,B05,1,236.0,0.0,False,0,0
2025-09-18,B06,22,0.0,1155.0,False,22,0
2025-09-18,B07,76,1602.0,5189.0,False,0,0
2025-09-18,B08,18,616.0,1915.0,False,0,0
2025-09-18,B09,0,212.0,708.0,False,0,0
2025-09-18,B10,0,221.0,0.0,False,0,0
2025-09-18,B11,24,844.0,0.0,False,0,0
2025-09-18,B12,2,0.0,1072.0,False,2,0
2025-09-18,C01,0,22.0,48.0,False,0,0
2025-09-18,C02,5,688.6,0.0,False,0,0
2025-09-18,C03,0,66.0,0.0,False,0,0
2025-09-18,C04,2,441.0,0.0,False,0,0
2025-09-18,C05,2,128.3,0.0,False,0,0
2025-09-18,C06,0,50.0,0.0,False,0,0
2025-09-18,C07,0,59.0,0.0,False,0,0
2025-09-18,C08,0,11.0,102.0,False,0,0
2025-09-19,A01,43,1651.0,1128.0,False,0,0
2025-09-19,A02,37,4694.0,0.0,False,0,1
2025-09-19,A03,18,661.0,0.0,False,0,0
2025-09-19,A04,1,0.0,544.0,False,1,0
2025-09-19,A05,6,3960.0,3635.0,False,0,1
2025-09-19,A06,121,10643.0,5953.0,False,0,2
2025-09-19,A07,5,231.0,1452.0,False,0,0
2025-09-19,A08,0,98.0,329.0,False,0,0
2025-09-19,A09,5,460.0,0.0,False,0,0
2025-09-19,A10,62,0.0,8386.0,False,62,0
2025-09-19,B01,5,247.0,0.0,False,0,0
2025-09-19,B02,44,919.0,0.0,False,0,0
2025-09-19,B03,9,453.0,0.0,False,0,0
2025-09-19,B04,6,788.0,0.0,False,0,0
2025-09-19,B05,1,235.0,0.0,False,0,0
2025-09-19,B06,0,0.0,1155.0,False,0,0
2025-09-19,B07,18,1584.0,5189.0,False,0,0
2025-09-19,B08,39,596.9,1915.0,False,0,0
2025-09-19,B09,1,211.0,708.0,False,0,0
2025-09-19,B10,0,221.0,0.0,False,0,0
2025-09-19,B11,0,922.8,0.0,False,0,0
2025-09-19,B12,15,0.0,1072.0,False,15,0
2025-09-19,C01,1,21.0,48.0,False,0,0
2025-09-19,C02,0,807.0,0.0,False,0,0
2025-09-19,C03,0,66.0,0.0,False,0,0
2025-09-19,C04,2,439.0,0.0,False,0,0
2025-09-19,C05,0,117.0,0.0,False,0,0
2025-09-19,C06,1,49.0,0.0,False,0,0
2025-09-19,C07,3,56.0,0.0,False,0,0
2025-09-19,C08,0,11.0,102.0,False,0,0
2025-09-20,A01,80,1571.0,1128.0,False,0,0
2025-09-20,A02,25,4668.0,0.0,False,0,1
2025-09-20,A03,0,661.0,0.0,False,0,0
2025-09-20,A04,2,0.0,544.0,False,2,0
2025-09-20,A05,166,3793.0,3635.0,False,0,1
2025-09-20,A06,87,10554.0,5953.0,False,0,2
2025-09-20,A07,11,220.0,1452.0,False,0,0
2025-09-20,A08,6,92.0,329.0,False,0,0
2025-09-20,A09,4,456.0,0.0,False,0,0
2025-09-20,A10,105,0.0,8386.0,False,105,0
2025-09-20,B01,4,243.0,0.0,False,0,0
2025-09-20,B02,6,1014.5,0.0,False,0,0
2025-09-20,B03,10,443.0,0.0,False,0,0
2025-09-20,B04,0,788.0,0.0,False,0,0
2025-09-20,B05,0,235.0,0.0,False,0,0
2025-09-20,B06,7,0.0,1155.0,False,7,0
2025-09-20,B07,24,1560.0,5189.0,False,0,0
2025-09-20,B08,27,550.0,1915.0,False,0,0
2025-09-20,B09,28,183.0,708.0,False,0,0
2025-09-20,B10,0,221.0,0.0,False,0,0
2025-09-20,B11,28,816.0,0.0,False,0,0
2025-09-20,B12,9,0.0,1072.0,False,9,0
2025-09-20,C01,0,21.0,48.0,False,0,0
2025-09-20,C02,11,796.0,0.0,False,0,0
2025-09-20,C03,0,66.0,0.0,False,0,0
2025-09-20,C04,1,438.0,0.0,False,0,0
2025-09-20,C05,0,117.0,0.0,False,0,0
2025-09-20,C06,0,49.0,0.0,False,0,0
2025-09-20,C07,0,56.0,0.0,False,0,0
2025-09-20,C08,0,11.0,102.0,False,0,0
2025-09-21,A01,37,1534.0,1128.0,False,0,0
2025-09-21,A02,211,4456.0,0.0,False,0,1
2025-09-21,A03,10,651.0,0.0,False,0,0
2025-09-21,A04,4,0.0,544.0,False,4,0
2025-09-21,A05,9,3783.0,3635.0,False,0,1
2025-09-21,A06,37,8955.2,5953.0,False,0,2
2025-09-21,A07,9,211.0,1452.0,False,0,0
2025-09-21,A08,10,82.0,329.0,False,0,0
2025-09-21,A09,2,454.0,0.0,False,0,0
2025-09-21,A10,170,0.0,8386.0,False,170,0
2025-09-21,B01,0,243.0,0.0,False,0,0
2025-09-21,B02,10,903.0,0.0,False,0,0
2025-09-21,B03,5,438.0,0.0,False,0,0
2025-09-21,B04,2,786.0,0.0,False,0,0
2025-09-21,B05,0,235.0,0.0,False,0,0
2025-09-21,B06,2,0.0,1155.0,False,2,0
2025-09-21,B07,147,1413.0,5189.0,False,0,0
2025-09-21,B08,3,547.0,1915.0,False,0,0
2025-09-21,B09,9,174.0,708.0,False,0,0
2025-09-21,B10,0,221.0,0.0,False,0,0
2025-09-21,B11,0,816.0,0.0,False,0,0
2025-09-21,B12,9,0.0,1072.0,False,9,0
2025-09-21,C01,1,20.0,48.0,False,0,0
2025-09-21,C02,5,750.8,0.0,False,0,0
2025-09-21,C03,0,66.0,0.0,False,0,0
2025-09-21,C04,0,438.0,0.0,False,0,0
2025-09-21,C05,0,117.0,0.0,False,0,0
2025-09-21,C06,3,46.0,0.0,False,0,0
2025-09-21,C07,5,51.0,643.0,True,0,0
2025-09-21,C08,0,11.0,102.0,False,0,0
2025-09-22,A01,4,1530.0,1128.0,False,0,0
2025-09-22,A02,146,4309.0,0.0,False,0,1
2025-09-22,A03,0,651.0,0.0,False,0,0
2025-09-22,A04,1,0.0,544.0,False,1,0
2025-09-22,A05,29,3753.0,3635.0,False,0,1
2025-09-22,A06,229,10284.0,5953.0,False,0,2
2025-09-22,A07,2,209.0,1452.0,False,0,0
2025-09-22,A08,3,79.0,329.0,False,0,0
2025-09-22,A09,46,408.0,686.0,True,0,0
2025-09-22,A10,21,0.0,8386.0,False,21,0
2025-09-22,B01,0,243.0,0.0,False,0,0
2025-09-22,B02,9,894.0,0.0,False,0,0
2025-09-22,B03,3,435.0,0.0,False,0,0
2025-09-22,B04,0,786.0,0.0,False,0,0
2025-09-22,B05,0,235.0,0.0,False,0,0
2025-09-22,B06,5,0.0,1155.0,False,5,0
2025-09-22,B07,57,1356.0,5189.0,False,0,0
2025-09-22,B08,8,482.6,1915.0,False,0,0
2025-09-22,B09,0,174.0,708.0,False,0,0
2025-09-22,B10,1,220.0,0.0,False,0,0
2025-09-22,B11,33,783.0,0.0,False,0,0
2025-09-22,B12,2,0.0,1072.0,False,2,0
2025-09-22,C01,1,19.0,48.0,False,0,0
2025-09-22,C02,2,789.0,0.0,False,0,0
2025-09-22,C03,0,69.7,0.0,False,0,0
2025-09-22,C04,9,429.0,0.0,False,0,0
2025-09-22,C05,1,116.0,0.0,False,0,0
2025-09-22,C06,7,39.0,517.0,True,0,0
2025-09-22,C07,8,43.0,643.0,False,0,0
2025-09-22,C08,5,6.0,102.0,False,0,0
2025-09-23,A01,36,1494.0,1128.0,False,0,0
2025-09-23,A02,0,4308.0,0.0,False,0,1
2025-09-23,A03,4,647.0,0.0,False,0,0
2025-09-23,A04,0,0.0,544.0,False,0,0
2025-09-23,A05,5,3747.0,3635.0,False,0,1
2025-09-23,A06,366,9916.0,5953.0,False,0,2
2025-09-23,A07,2,207.0,1452.0,False,0,0
2025-09-23,A08,5,74.0,329.0,False,0,0
2025-09-23,A09,2,406.0,686.0,False,0,0
2025-09-23,A10,152,0.0,8386.0,False,152,0
2025-09-23,B01,2,241.0,0.0,False,0,0
2025-09-23,B02,0,894.0,0.0,False,0,0
2025-09-23,B03,6,429.0,0.0,False,0,0
2025-09-23,B04,2,715.7,0.0,False,0,0
2025-09-23,B05,1,234.0,0.0,False,0,0
2025-09-23,B06,14,0.0,1155.0,False,14,0
2025-09-23,B07,0,1356.0,5189.0,False,0,0
2025-09-23,B08,1,538.0,1915.0,False,0,0
2025-09-23,B09,5,169.0,708.0,False,0,0
2025-09-23,B10,1,219.0,0.0,False,0,0
2025-09-23,B11,0,783.0,0.0,False,0,0
2025-09-23,B12,18,0.0,1072.0,False,18,0
2025-09-23,C01,0,43.0,24.0,False,0,0
2025-09-23,C02,11,778.0,0.0,False,0,0
2025-09-23,C03,0,65.9,0.0,False,0,0
2025-09-23,C04,1,428.0,0.0,False,0,0
2025-09-23,C05,0,116.0,0.0,False,0,0
2025-09-23,C06,0,39.0,517.0,False,0,0
2025-09-23,C07,4,35.3,643.0,False,0,0
2025-09-23,C08,1,5.0,102.0,False,0,0
2025-09-24,A01,18,1476.0,1128.0,False,0,0
2025-09-24,A02,15,4292.0,2356.0,True,0,1
2025-09-24,A03,4,643.0,0.0,False,0,0
2025-09-24,A04,1,0.0,544.0,False,1,0
2025-09-24,A05,22,3724.0,3635.0,False,0,1
2025-09-24,A06,172,9742.0,5953.0,False,0,2
2025-09-24,A07,0,207.0,1452.0,False,0,0
2025-09-24,A08,16,58.0,329.0,False,0,0
2025-09-24,A09,5,401.0,686.0,False,0,0
2025-09-24,A10,39,0.0,8386.0,False,39,0
2025-09-24,B01,0,241.0,0.0,False,0,0
2025-09-24,B02,0,894.0,0.0,False,0,0
2025-09-24,B03,4,425.0,0.0,False,0,0
2025-09-24,B04,0,784.0,0.0,False,0,0
2025-09-24,B05,2,232.0,0.0,False,0,0
2025-09-24,B06,4,0.0,1155.0,False,4,0
2025-09-24,B07,85,1271.0,5189.0,False,0,0
2025-09-24,B08,15,523.0,1915.0,False,0,0
2025-09-24,B09,0,188.8,708.0,False,0,0
2025-09-24,B10,0,219.0,0.0,False,0,0
2025-09-24,B11,8,775.0,0.0,False,0,0
2025-09-24,B12,0,0.0,1072.0,False,0,0
2025-09-24,C01,0,46.4,24.0,False,0,0
2025-09-24,C02,8,770.0,0.0,False,0,0
2025-09-24,C03,0,67.2,0.0,False,0,0
2025-09-24,C04,2,426.0,0.0,False,0,0
2025-09-24,C05,3,113.0,0.0,False,0,0
2025-09-24,C06,0,39.0,517.0,False,0,0
2025-09-24,C07,0,39.0,643.0,False,0,0
2025-09-24,C08,0,5.0,102.0,False,0,0
2025-09-25,A01,8,1641.8,1128.0,False,0,0
2025-09-25,A02,39,4252.0,2356.0,False,0,1
2025-09-25,A03,4,639.0,0.0,False,0,0
2025-09-25,A04,0,0.0,544.0,False,0,0
2025-09-25,A05,45,3678.0,3635.0,False,0,1
2025-09-25,A06,62,9678.0,5953.0,False,0,2
2025-09-25,A07,21,186.0,1452.0,False,0,0
2025-09-25,A08,4,54.0,329.0,False,0,0
2025-09-25,A09,6,395.0,686.0,False,0,0
2025-09-25,A10,26,0.0,8386.0,False,26,0
2025-09-25,B01,1,240.0,0.0,False,0,0
2025-09-25,B02,0,894.0,0.0,False,0,0
2025-09-25,B03,0,425.0,0.0,False,0,0
2025-09-25,B04,1,783.0,0.0,False,0,0
2025-09-25,B05,1,239.8,0.0,False,0,0
2025-09-25,B06,20,0.0,1155.0,False,20,0
2025-09-25,B07,24,1247.0,5189.0,False,0,0
2025-09-25,B08,21,427.6,1915.0,False,0,0
2025-09-25,B09,0,169.0,708.0,False,0,0
2025-09-25,B10,1,218.0,0.0,False,0,0
2025-09-25,B11,0,775.0,0.0,False,0,0
2025-09-25,B12,26,0.0,1072.0,False,26,0
2025-09-25,C01,1,42.0,24.0,False,0,0
2025-09-25,C02,6,764.0,0.0,False,0,0
2025-09-25,C03,0,66.0,0.0,False,0,0
2025-09-25,C04,4,422.0,0.0,False,0,0
2025-09-25,C05,0,113.0,0.0,False,0,0
2025-09-25,C06,0,39.0,517.0,False,0,0
2025-09-25,C07,7,32.0,643.0,False,0,0
2025-09-25,C08,1,4.0,102.0,False,0,0
2025-09-26,A01,6,1462.0,1128.0,False,0,0
2025-09-26,A02,9,4242.0,2356.0,False,0,1
2025-09-26,A03,0,639.0,0.0,False,0,0
2025-09-26,A04,0,0.0,544.0,False,0,0
2025-09-26,A05,4,3673.0,3635.0,False,0,1
2025-09-26,A06,310,9366.0,5953.0,False,0,2
2025-09-26,A07,2,184.0,1452.0,False,0,0
2025-09-26,A08,6,48.0,329.0,False,0,0
2025-09-26,A09,3,392.0,686.0,False,0,0
2025-09-26,A10,27,0.0,8386.0,False,27,0
2025-09-26,B01,1,239.0,0.0,False,0,0
2025-09-26,B02,1,893.0,0.0,False,0,0
2025-09-26,B03,1,424.0,0.0,False,0,0
2025-09-26,B04,4,779.0,0.0,False,0,0
2025-09-26,B05,2,229.0,0.0,False,0,0
2025-09-26,B06,12,0.0,1155.0,False,12,0
2025-09-26,B07,86,1025.3,5189.0,False,0,0
2025-09-26,B08,4,498.0,1915.0,False,0,0
2025-09-26,B09,3,166.0,708.0,False,0,0
2025-09-26,B10,0,218.0,0.0,False,0,0
2025-09-26,B11,19,756.0,0.0,False,0,0
2025-09-26,B12,1,0.0,1072.0,False,1,0
2025-09-26,C01,1,41.0,24.0,False,0,0
2025-09-26,C02,0,764.0,0.0,False,0,0
2025-09-26,C03,0,66.0,0.0,False,0,0
2025-09-26,C04,2,420.0,0.0,False,0,0
2025-09-26,C05,0,113.0,0.0,False,0,0
2025-09-26,C06,0,39.0,517.0,False,0,0
2025-09-26,C07,0,32.0,643.0,False,0,0
2025-09-26,C08,0,4.0,102.0,False,0,0
2025-09-27,A01,8,1454.0,1128.0,False,0,0
2025-09-27,A02,49,3648.6,2356.0,False,0,1
2025-09-27,A03,0,639.0,0.0,False,0,0
2025-09-27,A04,2,0.0,544.0,False,2,0
2025-09-27,A05,95,3577.0,3635.0,False,0,1
2025-09-27,A06,79,9593.7,5953.0,False,0,2
2025-09-27,A07,4,180.0,1452.0,False,0,0
2025-09-27,A08,4,44.0,329.0,False,0,0
2025-09-27,A09,12,380.0,686.0,False,0,0
2025-09-27,A10,146,0.0,8386.0,False,146,0
2025-09-27,B01,1,238.0,0.0,False,0,0
2025-09-27,B02,1,892.0,0.0,False,0,0
2025-09-27,B03,0,409.0,0.0,False,0,0
2025-09-27,B04,0,779.0,0.0,False,0,0
2025-09-27,B05,0,229.0,0.0,False,0,0
2025-09-27,B06,1,0.0,1155.0,False,1,0
2025-09-27,B07,29,1132.0,5189.0,False,0,0
2025-09-27,B08,7,491.0,1915.0,False,0,0
2025-09-27,B09,0,166.0,708.0,False,0,0
2025-09-27,B10,0,218.0,0.0,False,0,0
2025-09-27,B11,2,754.0,0.0,False,0,0
2025-09-27,B12,17,0.0,1072.0,False,17,0
2025-09-27,C01,0,41.0,24.0,False,0,0
2025-09-27,C02,2,762.0,0.0,False,0,0
2025-09-27,C03,0,66.0,0.0,False,0,0
2025-09-27,C04,2,418.0,0.0,False,0,0
2025-09-27,C05,0,103.6,0.0,False,0,0
2025-09-27,C06,1,38.0,517.0,False,0,0
2025-09-27,C07,0,32.0,643.0,False,0,0
2025-09-27,C08,1,3.0,102.0,False,0,0
2025-09-28,A01,66,1388.0,1128.0,False,0,0
2025-09-28,A02,1,4190.0,2356.0,False,0,1
2025-09-28,A03,0,639.0,0.0,False,0,0
2025-09-28,A04,0,0.0,544.0,False,0,0
2025-09-28,A05,17,3559.0,3635.0,False,0,1
2025-09-28,A06,66,9217.0,5953.0,False,0,2
2025-09-28,A07,0,180.0,1452.0,False,0,0
2025-09-28,A08,0,44.0,329.0,False,0,0
2025-09-28,A09,1,1065.0,0.0,False,0,0
2025-09-28,A10,25,0.0,8386.0,False,25,0
2025-09-28,B01,1,252.8,0.0,False,0,0
2025-09-28,B02,0,892.0,0.0,False,0,0
2025-09-28,B03,0,424.0,0.0,False,0,0
2025-09-28,B04,2,777.0,0.0,False,0,0
2025-09-28,B05,2,227.0,0.0,False,0,0
2025-09-28,B06,5,0.0,1155.0,False,5,0
2025-09-28,B07,4,1128.0,5189.0,False,0,0
2025-09-28,B08,27,464.0,1915.0,False,0,0
2025-09-28,B09,4,162.0,708.0,False,0,0
2025-09-28,B10,0,218.0,0.0,False,0,0
2025-09-28,B11,0,754.0,0.0,False,0,0
2025-09-28,B12,18,0.0,1072.0,False,18,0
2025-09-28,C01,1,40.0,24.0,False,0,0
2025-09-28,C02,2,760.0,0.0,False,0,0
2025-09-28,C03,0,66.0,0.0,False,0,0
2025-09-28,C04,2,416.0,0.0,False,0,0
2025-09-28,C05,0,113.0,0.0,False,0,0
2025-09-28,C06,3,33.5,517.0,False,0,0
2025-09-28,C07,0,32.0,643.0,False,0,0
2025-09-28,C08,0,3.0,102.0,False,0,0
2025-09-29,A01,0,1388.0,1128.0,False,0,0
2025-09-29,A02,90,4099.0,2356.0,False,0,1
2025-09-29,A03,20,619.0,0.0,False,0,0
2025-09-29,A04,1,0.0,544.0,False,1,0
2025-09-29,A05,14,3544.0,3635.0,False,0,1
2025-09-29,A06,355,8860.0,5953.0,False,0,2
2025-09-29,A07,23,157.0,1452.0,False,0,0
2025-09-29,A08,2,42.0,329.0,False,0,0
2025-09-29,A09,0,1065.0,0.0,False,0,0
2025-09-29,A10,39,0.0,8386.0,False,39,0
2025-09-29,B01,0,244.4,0.0,False,0,0
2025-09-29,B02,4,796.1,1620.0,True,0,0
2025-09-29,B03,1,423.0,0.0,False,0,0
2025-09-29,B04,2,775.0,0.0,False,0,0
2025-09-29,B05,0,227.0,0.0,False,0,0
2025-09-29,B06,11,0.0,1155.0,False,11,0
2025-09-29,B07,46,1082.0,5189.0,False,0,0
2025-09-29,B08,31,433.0,1915.0,False,0,0
2025-09-29,B09,9,137.1,708.0,False,0,0
2025-09-29,B10,1,217.0,0.0,False,0,0
2025-09-29,B11,1,656.0,0.0,False,0,0
2025-09-29,B12,3,0.0,1072.0,False,3,0
2025-09-29,C01,0,40.0,24.0,False,0,0
2025-09-29,C02,0,760.0,0.0,False,0,0
2025-09-29,C03,0,66.0,0.0,False,0,0
2025-09-29,C04,0,416.0,0.0,False,0,0
2025-09-29,C05,8,105.0,0.0,False,0,0
2025-09-29,C06,4,30.7,517.0,False,0,0
2025-09-29,C07,1,31.0,643.0,False,0,0
2025-09-29,C08,1,2.0,102.0,False,0,0
2025-09-30,A01,20,1368.0,1128.0,False,0,0
2025-09-30,A02,64,4034.0,2356.0,False,0,1
2025-09-30,A03,2,617.0,0.0,False,0,0
2025-09-30,A04,2,0.0,544.0,False,2,0
2025-09-30,A05,19,3524.0,3635.0,False,0,1
2025-09-30,A06,65,8793.0,5953.0,False,0,2
2025-09-30,A07,12,145.0,1452.0,False,0,0
2025-09-30,A08,6,36.0,329.0,False,0,0
2025-09-30,A09,6,1125.8,0.0,False,0,0
2025-09-30,A10,62,0.0,8386.0,False,62,0
2025-09-30,B01,1,236.0,0.0,False,0,0
2025-09-30,B02,25,863.0,1620.0,False,0,0
2025-09-30,B03,5,445.2,0.0,False,0,0
2025-09-30,B04,4,771.0,0.0,False,0,0
2025-09-30,B05,8,219.0,0.0,False,0,0
2025-09-30,B06,6,0.0,1155.0,False,6,0
2025-09-30,B07,50,1032.0,5189.0,False,0,0
2025-09-30,B08,31,427.0,1915.0,False,0,0
2025-09-30,B09,12,141.0,708.0,False,0,0
2025-09-30,B10,0,217.0,0.0,False,0,0
2025-09-30,B11,7,746.0,0.0,False,0,0
2025-09-30,B12,1,0.0,1072.0,False,1,0
2025-09-30,C01,0,40.0,24.0,False,0,0
2025-09-30,C02,2,758.0,0.0,False,0,0
2025-09-30,C03,0,66.0,0.0,False,0,0
2025-09-30,C04,0,416.0,0.0,False,0,0
2025-09-30,C05,2,103.0,0.0,False,0,0
2025-09-30,C06,0,34.8,517.0,False,0,0
2025-09-30,C07,7,24.0,643.0,False,0,0
2025-09-30,C08,0,104.0,0.0,False,0,0
2025-10-01,A01,2,1366.0,1128.0,False,0,0
2025-10-01,A02,86,3947.0,2356.0,False,0,1
2025-10-01,A03,0,585.6,0.0,False,0,0
2025-10-01,A04,0,0.0,544.0,False,0,0
2025-10-01,A05,4,3223.6,3635.0,False,0,1
2025-10-01,A06,348,8438.4,5953.0,False,0,2
2025-10-01,A07,48,97.0,1452.0,False,0,0
2025-10-01,A08,5,31.0,329.0,False,0,0
2025-10-01,A09,3,1056.0,0.0,False,0,0
2025-10-01,A10,444,0.0,8386.0,False,444,0
2025-10-01,B01,3,233.0,0.0,False,0,0
2025-10-01,B02,22,841.0,1620.0,False,0,0
2025-10-01,B03,14,404.0,0.0,False,0,0
2025-10-01,B04,10,761.0,0.0,False,0,0
2025-10-01,B05,0,219.0,0.0,False,0,0
2025-10-01,B06,11,0.0,1155.0,False,11,0
2025-10-01,B07,48,984.0,5189.0,False,0,0
2025-10-01,B08,57,2425.3,0.0,False,0,0
2025-10-01,B09,1,140.0,708.0,False,0,0
2025-10-01,B10,1,216.0,0.0,False,0,0
2025-10-01,B11,2,744.0,0.0,False,0,0
2025-10-01,B12,42,0.0,1072.0,False,42,0
2025-10-01,C01,3,37.0,24.0,False,0,0
2025-10-01,C02,1,757.0,0.0,False,0,0
2025-10-01,C03,0,66.0,0.0,False,0,0
2025-10-01,C04,16,400.0,0.0,False,0,0
2025-10-01,C05,12,92.2,0.0,False,0,0
2025-10-01,C06,3,27.7,517.0,False,0,0
2025-10-01,C07,0,24.0,643.0,False,0,0
2025-10-01,C08,0,105.1,0.0,False,0,0
2025-10-02,A01,8,1358.0,1128.0,False,0,0
2025-10-02,A02,16,3930.0,2356.0,False,0,1
2025-10-02,A03,4,613.0,0.0,False,0,0
2025-10-02,A04,3,0.0,544.0,False,3,0
2025-10-02,A05,15,3503.0,3635.0,False,0,1
2025-10-02,A06,67,8374.0,5953.0,False,0,2
2025-10-02,A07,11,86.0,1452.0,False,0,0
2025-10-02,A08,0,31.0,329.0,False,0,0
2025-10-02,A09,1,1055.0,0.0,False,0,0
2025-10-02,A10,45,0.0,8386.0,False,45,0
2025-10-02,B01,1,199.6,0.0,False,0,0
2025-10-02,B02,1,840.0,1620.0,False,0,0
2025-10-02,B03,1,403.0,0.0,False,0,0
2025-10-02,B04,2,759.0,0.0,False,0,0
2025-10-02,B05,0,234.9,0.0,False,0,0
2025-10-02,B06,6,0.0,1155.0,False,6,0
2025-10-02,B07,179,805.0,5189.0,False,0,0
2025-10-02,B08,15,2245.0,0.0,False,0,0
2025-10-02,B09,31,109.0,708.0,False,0,0
2025-10-02,B10,1,215.0,0.0,False,0,0
2025-10-02,B11,19,746.7,0.0,False,0,0
2025-10-02,B12,5,0.0,1072.0,False,5,0
2025-10-02,C01,0,37.0,24.0,False,0,0
2025-10-02,C02,2,755.0,0.0,False,0,0
2025-10-02,C03,0,66.0,0.0,False,0,0
2025-10-02,C04,6,394.0,0.0,False,0,0
2025-10-02,C05,1,90.0,0.0,False,0,0
2025-10-02,C06,6,22.0,517.0,False,0,0
2025-10-02,C07,1,23.0,643.0,False,0,0
2025-10-02,C08,0,104.0,0.0,False,0,0
2025-10-03,A01,48,1310.0,1128.0,False,0,0
2025-10-03,A02,31,6254.0,0.0,False,0,1
2025-10-03,A03,6,607.0,0.0,False,0,0
2025-10-03,A04,0,0.0,544.0,False,0,0
2025-10-03,A05,173,3329.0,3635.0,False,0,1
2025-10-03,A06,3,8369.0,5953.0,False,0,2
2025-10-03,A07,20,66.0,1452.0,False,0,0
2025-10-03,A08,15,16.0,329.0,False,0,0
2025-10-03,A09,1,1054.0,0.0,False,0,0
2025-10-03,A10,12,0.0,8386.0,False,12,0
2025-10-03,B01,1,231.0,0.0,False,0,0
2025-10-03,B02,4,836.0,1620.0,False,0,0
2025-10-03,B03,0,403.0,0.0,False,0,0
2025-10-03,B04,2,757.0,0.0,False,0,0
2025-10-03,B05,0,219.0,0.0,False,0,0
2025-10-03,B06,19,0.0,1155.0,False,19,0
2025-10-03,B07,17,788.0,5189.0,False,0,0
2025-10-03,B08,30,2215.0,0.0,False,0,0
2025-10-03,B09,0,109.0,708.0,False,0,0
2025-10-03,B10,0,215.0,0.0,False,0,0
2025-10-03,B11,10,715.0,0.0,False,0,0
2025-10-03,B12,17,0.0,1072.0,False,17,0
2025-10-03,C01,0,37.0,24.0,False,0,0
2025-10-03,C02,0,755.0,0.0,False,0,0
2025-10-03,C03,0,66.0,0.0,False,0,0
2025-10-03,C04,6,420.7,0.0,False,0,0
2025-10-03,C05,1,89.0,0.0,False,0,0
2025-10-03,C06,2,20.0,517.0,False,0,0
2025-10-03,C07,0,23.0,643.0,False,0,0
2025-10-03,C08,2,102.0,0.0,False,0,0
2025-10-04,A01,35,1275.0,1128.0,False,0,0
2025-10-04,A02,145,6108.0,0.0,False,0,1
2025-10-04,A03,15,669.7,0.0,False,0,0
2025-10-04,A04,0,0.0,544.0,False,0,0
2025-10-04,A05,1,3327.0,3635.0,False,0,1
2025-10-04,A06,136,8231.0,5953.0,False,0,2
2025-10-04,A07,0,66.0,1452.0,False,0,0
2025-10-04,A08,2,14.0,329.0,False,0,0
2025-10-04,A09,2,1052.0,0.0,False,0,0
2025-10-04,A10,5,0.0,8386.0,False,5,0
2025-10-04,B01,1,230.0,0.0,False,0,0
2025-10-04,B02,4,832.0,1620.0,False,0,0
2025-10-04,B03,2,401.0,0.0,False,0,0
2025-10-04,B04,2,755.0,0.0,False,0,0
2025-10-04,B05,1,218.0,0.0,False,0,0
2025-10-04,B06,5,0.0,1155.0,False,5,0
2025-10-04,B07,0,788.0,5189.0,False,0,0
2025-10-04,B08,42,2173.0,0.0,False,0,0
2025-10-04,B09,9,86.6,708.0,False,0,0
2025-10-04,B10,0,215.0,0.0,False,0,0
2025-10-04,B11,9,706.0,0.0,False,0,0
2025-10-04,B12,7,0.0,1072.0,False,7,0
2025-10-04,C01,0,37.0,24.0,False,0,0
2025-10-04,C02,6,749.0,0.0,False,0,0
2025-10-04,C03,0,66.0,0.0,False,0,0
2025-10-04,C04,4,384.0,0.0,False,0,0
2025-10-04,C05,1,88.0,0.0,False,0,0
2025-10-04,C06,0,20.0,517.0,False,0,0
2025-10-04,C07,0,21.5,643.0,False,0,0
2025-10-04,C08,1,101.0,0.0,False,0,0
2025-10-05,A01,10,1265.0,1128.0,False,0,0
2025-10-05,A02,553,5554.0,0.0,False,0,1
2025-10-05,A03,0,592.0,0.0,False,0,0
2025-10-05,A04,1,0.0,544.0,False,1,0
2025-10-05,A05,10,3316.0,3635.0,False,0,1
2025-10-05,A06,38,8833.8,5953.0,False,0,2
2025-10-05,A07,61,5.0,1452.0,False,0,0
2025-10-05,A08,11,3.0,329.0,False,0,0
2025-10-05,A09,2,1050.0,0.0,False,0,0
2025-10-05,A10,209,0.0,8386.0,False,209,0
2025-10-05,B01,3,223.5,0.0,False,0,0
2025-10-05,B02,7,825.0,1620.0,False,0,0
2025-10-05,B03,12,389.0,0.0,False,0,0
2025-10-05,B04,0,844.4,0.0,False,0,0
2025-10-05,B05,0,218.0,0.0,False,0,0
2025-10-05,B06,3,1152.0,0.0,False,0,0
2025-10-05,B07,31,757.0,5189.0,False,0,0
2025-10-05,B08,62,2111.0,0.0,False,0,0
2025-10-05,B09,2,98.0,708.0,False,0,0
2025-10-05,B10,1,214.0,0.0,False,0,0
2025-10-05,B11,0,706.0,0.0,False,0,0
2025-10-05,B12,61,0.0,1072.0,False,61,0
2025-10-05,C01,0,37.0,24.0,False,0,0
2025-10-05,C02,0,749.0,0.0,False,0,0
2025-10-05,C03,0,66.0,0.0,False,0,0
2025-10-05,C04,0,384.0,0.0,False,0,0
2025-10-05,C05,5,83.0,0.0,False,0,0
2025-10-05,C06,1,19.0,517.0,False,0,0
2025-10-05,C07,3,20.0,643.0,False,0,0
2025-10-05,C08,0,101.0,0.0,False,0,0
2025-10-06,A01,66,1199.0,1128.0,False,0,0
2025-10-06,A02,11,5542.0,0.0,False,0,1
2025-10-06,A03,15,577.0,0.0,False,0,0
2025-10-06,A04,0,0.0,544.0,False,0,0
2025-10-06,A05,189,3126.0,3635.0,False,0,1
2025-10-06,A06,104,8085.0,5953.0,False,0,2
2025-10-06,A07,21,0.0,1452.0,False,16,0
2025-10-06,A08,31,0.0,329.0,False,28,0
2025-10-06,A09,1,1049.0,0.0,False,0,0
2025-10-06,A10,2,0.0,8386.0,False,2,0
2025-10-06,B01,3,224.0,0.0,False,0,0
2025-10-06,B02,18,807.0,1620.0,False,0,0
2025-10-06,B03,10,379.0,0.0,False,0,0
2025-10-06,B04,2,753.0,0.0,False,0,0
2025-10-06,B05,0,218.0,0.0,False,0,0
2025-10-06,B06,4,1148.0,0.0,False,0,0
2025-10-06,B07,79,678.0,5189.0,False,0,0
2025-10-06,B08,5,2106.0,0.0,False,0,0
2025-10-06,B09,0,98.0,708.0,False,0,0
2025-10-06,B10,4,210.0,0.0,False,0,0
2025-10-06,B11,8,698.0,0.0,False,0,0
2025-10-06,B12,43,0.0,1072.0,False,43,0
2025-10-06,C01,1,36.0,24.0,False,0,0
2025-10-06,C02,6,838.2,0.0,False,0,0
2025-10-06,C03,0,66.0,0.0,False,0,0
2025-10-06,C04,1,383.0,0.0,False,0,0
2025-10-06,C05,1,82.0,0.0,False,0,0
2025-10-06,C06,1,18.0,517.0,False,0,0
2025-10-06,C07,1,19.0,643.0,False,0,0
2025-10-06,C08,0,101.0,0.0,False,0,0
2025-10-07,A01,29,1170.0,1128.0,False,0,0
2025-10-07,A02,103,5438.0,0.0,False,0,1
2025-10-07,A03,5,572.0,0.0,False,0,0
2025-10-07,A04,1,0.0,544.0,False,1,0
2025-10-07,A05,25,3100.0,3635.0,False,0,1
2025-10-07,A06,56,8027.0,5953.0,False,0,2
2025-10-07,A07,0,0.0,1452.0,False,0,0
2025-10-07,A08,9,0.0,329.0,False,9,0
2025-10-07,A09,1,1048.0,0.0,False,0,0
2025-10-07,A10,180,0.0,8386.0,False,180,0
2025-10-07,B01,0,224.0,0.0,False,0,0
2025-10-07,B02,50,757.0,1620.0,False,0,0
2025-10-07,B03,2,377.0,0.0,False,0,0
2025-10-07,B04,8,745.0,0.0,False,0,0
2025-10-07,B05,1,217.0,0.0,False,0,0
2025-10-07,B06,2,1146.0,0.0,False,0,0
2025-10-07,B07,7,671.0,5189.0,False,0,0
2025-10-07,B08,4,2102.0,0.0,False,0,0
2025-10-07,B09,0,108.0,708.0,False,0,0
2025-10-07,B10,0,210.0,0.0,False,0,0
2025-10-07,B11,35,663.0,0.0,False,0,0
2025-10-07,B12,10,0.0,1072.0,False,10,0
2025-10-07,C01,1,35.0,24.0,False,0,0
2025-10-07,C02,8,735.0,0.0,False,0,0
2025-10-07,C03,1,65.0,0.0,False,0,0
2025-10-07,C04,2,381.0,0.0,False,0,0
2025-10-07,C05,0,82.0,0.0,False,0,0
2025-10-07,C06,1,17.0,517.0,False,0,0
2025-10-07,C07,3,16.9,643.0,False,0,0
2025-10-07,C08,1,100.0,0.0,False,0,0
2025-10-08,A01,29,1309.7,1128.0,False,0,0
2025-10-08,A02,9,5439.2,0.0,False,0,1
2025-10-08,A03,4,568.0,0.0,False,0,0
2025-10-08,A04,0,0.0,544.0,False,0,0
2025-10-08,A05,30,3069.0,3635.0,False,0,1
2025-10-08,A06,173,7653.1,5953.0,False,0,2
2025-10-08,A07,4,0.0,1452.0,False,4,0
2025-10-08,A08,24,0.0,329.0,False,24,0
2025-10-08,A09,0,1048.0,0.0,False,0,0
2025-10-08,A10,108,0.0,8386.0,False,108,0
2025-10-08,B01,9,215.0,0.0,False,0,0
2025-10-08,B02,1,756.0,1620.0,False,0,0
2025-10-08,B03,10,367.0,0.0,False,0,0
2025-10-08,B04,1,744.0,0.0,False,0,0
2025-10-08,B05,2,215.0,0.0,False,0,0
2025-10-08,B06,25,1121.0,0.0,False,0,0
2025-10-08,B07,20,651.0,5189.0,False,0,0
2025-10-08,B08,19,2083.0,0.0,False,0,0
2025-10-08,B09,5,93.0,708.0,False,0,0
2025-10-08,B10,4,206.0,0.0,False,0,0
2025-10-08,B11,27,636.0,0.0,False,0,0
2025-10-08,B12,11,0.0,1072.0,False,11,0
2025-10-08,C01,0,35.0,24.0,False,0,0
2025-10-08,C02,4,645.1,0.0,False,0,0
2025-10-08,C03,0,65.0,0.0,False,0,0
2025-10-08,C04,1,380.0,0.0,False,0,0
2025-10-08,C05,1,81.0,0.0,False,0,0
2025-10-08,C06,0,17.0,517.0,False,0,0
2025-10-08,C07,0,16.0,643.0,False,0,0
2025-10-08,C08,0,100.0,0.0,False,0,0
2025-10-09,A01,33,1108.0,1128.0,False,0,0
2025-10-09,A02,73,5354.0,0.0,False,0,1
2025-10-09,A03,14,554.0,772.0,True,0,0
2025-10-09,A04,0,0.0,544.0,False,0,0
2025-10-09,A05,5,3063.0,3635.0,False,0,1
2025-10-09,A06,329,7521.0,5953.0,False,0,2
2025-10-09,A07,6,0.0,1452.0,False,6,0
2025-10-09,A08,6,0.0,329.0,False,6,0
2025-10-09,A09,0,1048.0,0.0,False,0,0
2025-10-09,A10,85,0.0,8386.0,False,85,0
2025-10-09,B01,6,209.0,0.0,False,0,0
2025-10-09,B02,8,748.0,1620.0,False,0,0
2025-10-09,B03,0,367.0,0.0,False,0,0
2025-10-09,B04,8,736.0,0.0,False,0,0
2025-10-09,B05,1,205.3,0.0,False,0,0
2025-10-09,B06,20,1101.0,0.0,False,0,0
2025-10-09,B07,11,640.0,5189.0,False,0,0
2025-10-09,B08,0,2083.0,0.0,False,0,0
2025-10-09,B09,1,92.0,708.0,False,0,0
2025-10-09,B10,0,206.0,0.0,False,0,0
2025-10-09,B11,0,636.0,0.0,False,0,0
2025-10-09,B12,11,0.0,1072.0,False,11,0
2025-10-09,C01,0,35.0,24.0,False,0,0
2025-10-09,C02,2,729.0,0.0,False,0,0
2025-10-09,C03,0,64.1,0.0,False,0,0
2025-10-09,C04,4,376.0,0.0,False,0,0
2025-10-09,C05,4,77.0,0.0,False,0,0
2025-10-09,C06,2,15.0,517.0,False,0,0
2025-10-09,C07,1,15.0,643.0,False,0,0
2025-10-09,C08,0,100.0,0.0,False,0,0
2025-10-10,A01,19,1089.0,1128.0,False,0,0
2025-10-10,A02,22,5331.0,0.0,False,0,1
2025-10-10,A03,9,545.0,772.0,False,0,0
2025-10-10,A04,0,0.0,544.0,False,0,0
2025-10-10,A05,24,3425.6,3635.0,False,0,1
2025-10-10,A06,31,7488.0,5953.0,False,0,2
2025-10-10,A07,44,0.0,1452.0,False,44,0
2025-10-10,A08,4,0.0,329.0,False,4,0
2025-10-10,A09,0,1048.0,0.0,False,0,0
2025-10-10,A10,364,0.0,8386.0,False,364,0
2025-10-10,B01,5,204.0,0.0,False,0,0
2025-10-10,B02,3,755.2,1620.0,False,0,0
2025-10-10,B03,1,366.0,0.0,False,0,0
2025-10-10,B04,1,735.0,0.0,False,0,0
2025-10-10,B05,0,214.0,0.0,False,0,0
2025-10-10,B06,25,1076.0,0.0,False,0,0
2025-10-10,B07,22,618.0,5189.0,False,0,0
2025-10-10,B08,17,2066.0,0.0,False,0,0
2025-10-10,B09,16,87.3,708.0,False,0,0
2025-10-10,B10,0,206.0,0.0,False,0,0
2025-10-10,B11,12,624.0,0.0,False,0,0
2025-10-10,B12,5,0.0,1072.0,False,5,0
2025-10-10,C01,2,33.0,24.0,False,0,0
2025-10-10,C02,11,718.0,0.0,False,0,0
2025-10-10,C03,1,64.0,0.0,False,0,0
2025-10-10,C04,9,367.0,0.0,False,0,0
2025-10-10,C05,0,84.1,0.0,False,0,0
2025-10-10,C06,0,15.0,517.0,False,0,0
2025-10-10,C07,1,14.0,643.0,False,0,0
2025-10-10,C08,0,100.0,0.0,False,0,0
2025-10-11,A01,32,1057.0,1128.0,False,0,0
2025-10-11,A02,3,5327.0,0.0,False,0,1
2025-10-11,A03,1,544.0,772.0,False,0,0
2025-10-11,A04,0,0.0,544.0,False,0,0
2025-10-11,A05,16,3021.0,3635.0,False,0,1
2025-10-11,A06,174,6241.9,5953.0,False,0,2
2025-10-11,A07,5,0.0,1452.0,False,5,0
2025-10-11,A08,3,0.0,329.0,False,3,0
2025-10-11,A09,2,998.0,0.0,False,0,0
2025-10-11,A10,45,0.0,8386.0,False,45,0
2025-10-11,B01,0,204.0,0.0,False,0,0
2025-10-11,B02,26,719.0,1620.0,False,0,0
2025-10-11,B03,1,365.0,0.0,False,0,0
2025-10-11,B04,2,733.0,0.0,False,0,0
2025-10-11,B05,1,213.0,0.0,False,0,0
2025-10-11,B06,3,1073.0,0.0,False,0,0
2025-10-11,B07,8,610.0,5189.0,False,0,0
2025-10-11,B08,1,2065.0,0.0,False,0,0
2025-10-11,B09,1,75.0,708.0,False,0,0
2025-10-11,B10,0,206.0,0.0,False,0,0
2025-10-11,B11,23,601.0,0.0,False,0,0
2025-10-11,B12,1,0.0,1072.0,False,1,0
2025-10-11,C01,0,33.0,24.0,False,0,0
2025-10-11,C02,3,715.0,0.0,False,0,0
2025-10-11,C03,0,64.0,0.0,False,0,0
2025-10-11,C04,9,358.0,0.0,False,0,0
2025-10-11,C05,0,77.0,0.0,False,0,0
2025-10-11,C06,2,13.0,517.0,False,0,0
2025-10-11,C07,11,3.0,643.0,False,0,0
2025-10-11,C08,0,100.0,0.0,False,0,0
2025-10-12,A01,40,1017.0,1128.0,False,0,0
2025-10-12,A02,24,5302.0,0.0,False,0,1
2025-10-12,A03,2,481.0,772.0,False,0,0
2025-10-12,A04,0,0.0,544.0,False,0,0
2025-10-12,A05,61,2959.0,3635.0,False,0,1
2025-10-12,A06,5,7305.0,5953.0,False,0,2
2025-10-12,A07,3,0.0,1452.0,False,3,0
2025-10-12,A08,0,0.0,329.0,False,0,0
2025-10-12,A09,6,1040.0,0.0,False,0,0
2025-10-12,A10,30,0.0,8386.0,False,30,0
2025-10-12,B01,4,200.0,0.0,False,0,0
2025-10-12,B02,27,692.0,1620.0,False,0,0
2025-10-12,B03,2,398.7,0.0,False,0,0
2025-10-12,B04,8,725.0,0.0,False,0,0
2025-10-12,B05,0,213.0,0.0,False,0,0
2025-10-12,B06,0,1073.0,0.0,False,0,0
2025-10-12,B07,155,455.0,5189.0,False,0,0
2025-10-12,B08,24,2041.0,0.0,False,0,0
2025-10-12,B09,1,74.0,708.0,False,0,0
2025-10-12,B10,1,205.0,0.0,False,0,0
2025-10-12,B11,1,600.0,0.0,False,0,0
2025-10-12,B12,7,0.0,1072.0,False,7,0
2025-10-12,C01,0,32.9,24.0,False,0,0
2025-10-12,C02,1,714.0,0.0,False,0,0
2025-10-12,C03,1,63.0,0.0,False,0,0
2025-10-12,C04,0,358.0,0.0,False,0,0
2025-10-12,C05,2,75.0,0.0,False,0,0
2025-10-12,C06,9,3.9,517.0,False,0,0
2025-10-12,C07,3,0.0,643.0,False,0,0
2025-10-12,C08,0,100.0,0.0,False,0,0
2025-10-13,A01,30,987.0,1128.0,False,0,0
2025-10-13,A02,37,5264.0,0.0,False,0,1
2025-10-13,A03,6,536.0,772.0,False,0,0
2025-10-13,A04,1,0.0,544.0,False,1,0
2025-10-13,A05,14,2944.0,3635.0,False,0,1
2025-10-13,A06,120,7132.0,5953.0,False,0,1
2025-10-13,A07,25,0.0,1452.0,False,25,0
2025-10-13,A08,10,0.0,329.0,False,10,0
2025-10-13,A09,55,985.0,0.0,False,0,0
2025-10-13,A10,386,0.0,8386.0,False,386,0
2025-10-13,B01,7,193.0,0.0,False,0,0
2025-10-13,B02,0,692.0,1620.0,False,0,0
2025-10-13,B03,0,363.0,746.0,True,0,0
2025-10-13,B04,3,722.0,0.0,False,0,0
2025-10-13,B05,0,213.0,0.0,False,0,0
2025-10-13,B06,12,1061.0,0.0,False,0,0
2025-10-13,B07,28,427.0,5189.0,False,0,0
2025-10-13,B08,22,2019.0,0.0,False,0,0
2025-10-13,B09,10,64.0,708.0,False,0,0
2025-10-13,B10,0,205.0,0.0,False,0,0
2025-10-13,B11,35,565.0,0.0,False,0,0
2025-10-13,B12,5,0.0,1072.0,False,5,0
2025-10-13,C01,0,33.0,24.0,False,0,0
2025-10-13,C02,5,657.5,0.0,False,0,0
2025-10-13,C03,0,63.0,0.0,False,0,0
2025-10-13,C04,3,355.0,0.0,False,0,0
2025-10-13,C05,0,65.0,0.0,False,0,0
2025-10-13,C06,2,2.0,517.0,False,0,0
2025-10-13,C07,0,0.0,643.0,False,0,0
2025-10-13,C08,1,99.0,0.0,False,0,0
2025-10-14,A01,94,893.0,1128.0,False,0,0
2025-10-14,A02,104,5824.7,0.0,False,0,1
2025-10-14,A03,11,525.0,772.0,False,0,0
2025-10-14,A04,11,0.0,544.0,False,11,0
2025-10-14,A05,179,2764.0,3635.0,False,0,1
2025-10-14,A06,96,7087.0,5953.0,False,0,1
2025-10-14,A07,52,0.0,1452.0,False,52,0
2025-10-14,A08,3,0.0,329.0,False,3,0
2025-10-14,A09,0,985.0,0.0,False,0,0
2025-10-14,A10,148,0.0,8386.0,False,148,0
2025-10-14,B01,0,193.0,0.0,False,0,0
2025-10-14,B02,2,690.0,1620.0,False,0,0
2025-10-14,B03,24,332.4,746.0,False,0,0
2025-10-14,B04,7,715.0,0.0,False,0,0
2025-10-14,B05,2,211.0,0.0,False,0,0
2025-10-14,B06,13,1048.0,0.0,False,0,0
2025-10-14,B07,162,265.0,10102.0,True,0,0
2025-10-14,B08,45,2268.7,0.0,False,0,0
2025-10-14,B09,14,50.0,708.0,False,0,0
2025-10-14,B10,0,205.0,0.0,False,0,0
2025-10-14,B11,12,553.0,0.0,False,0,0
2025-10-14,B12,3,0.0,1072.0,False,3,0
2025-10-14,C01,3,30.0,49.0,True,0,0
2025-10-14,C02,3,706.0,0.0,False,0,0
2025-10-14,C03,0,63.0,0.0,False,0,0
2025-10-14,C04,3,352.0,0.0,False,0,0
2025-10-14,C05,1,74.0,0.0,False,0,0
2025-10-14,C06,0,2.0,517.0,False,0,0
2025-10-14,C07,6,0.0,643.0,False,6,0
2025-10-14,C08,0,99.0,0.0,False,0,0
2025-10-15,A01,12,881.0,1128.0,False,0,0
2025-10-15,A02,29,5013.2,0.0,False,0,1
2025-10-15,A03,8,517.0,772.0,False,0,0
2025-10-15,A04,0,544.0,0.0,False,0,0
2025-10-15,A05,18,2745.0,3635.0,False,0,1
2025-10-15,A06,164,6922.0,5953.0,False,0,1
2025-10-15,A07,10,0.0,1452.0,False,10,0
2025-10-15,A08,0,0.0,329.0,False,0,0
2025-10-15,A09,6,979.0,0.0,False,0,0
2025-10-15,A10,3,0.0,8386.0,False,3,0
2025-10-15,B01,6,168.4,0.0,False,0,0
2025-10-15,B02,32,626.2,1620.0,False,0,0
2025-10-15,B03,0,339.0,746.0,False,0,0
2025-10-15,B04,4,711.0,0.0,False,0,0
2025-10-15,B05,0,211.0,0.0,False,0,0
2025-10-15,B06,2,1046.0,0.0,False,0,0
2025-10-15,B07,54,211.0,10102.0,False,0,0
2025-10-15,B08,153,1821.0,0.0,False,0,0
2025-10-15,B09,6,44.0,708.0,False,0,0
2025-10-15,B10,0,205.0,0.0,False,0,0
2025-10-15,B11,8,545.0,0.0,False,0,0
2025-10-15,B12,0,0.0,1072.0,False,0,0
2025-10-15,C01,1,29.0,49.0,False,0,0
2025-10-15,C02,15,691.0,0.0,False,0,0
2025-10-15,C03,0,68.9,0.0,False,0,0
2025-10-15,C04,1,351.0,0.0,False,0,0
2025-10-15,C05,0,74.0,0.0,False,0,0
2025-10-15,C06,0,2.0,517.0,False,0,0
2025-10-15,C07,8,0.0,643.0,False,8,0
2025-10-15,C08,0,99.0,0.0,False,0,0
2025-10-16,A01,27,854.0,1128.0,False,0,0
2025-10-16,A02,150,4978.0,0.0,False,0,1
2025-10-16,A03,2,515.0,772.0,False,0,0
2025-10-16,A04,4,540.0,0.0,False,0,0
2025-10-16,A05,23,2721.0,3635.0,False,0,1
2025-10-16,A06,162,6759.0,5953.0,False,0,1
2025-10-16,A07,3,0.0,1452.0,False,3,0
2025-10-16,A08,0,0.0,329.0,False,0,0
2025-10-16,A09,1,978.0,0.0,False,0,0
2025-10-16,A10,65,0.0,8386.0,False,65,0
2025-10-16,B01,1,186.0,0.0,False,0,0
2025-10-16,B02,5,653.0,1620.0,False,0,0
2025-10-16,B03,1,338.0,746.0,False,0,0
2025-10-16,B04,1,707.0,0.0,False,0,0
2025-10-16,B05,4,207.0,0.0,False,0,0
2025-10-16,B06,31,1015.0,0.0,False,0,0
2025-10-16,B07,12,199.0,10102.0,False,0,0
2025-10-16,B08,4,1817.0,0.0,False,0,0
2025-10-16,B09,6,38.0,708.0,False,0,0
2025-10-16,B10,0,205.0,0.0,False,0,0
2025-10-16,B11,2,543.0,0.0,False,0,0
2025-10-16,B12,6,0.0,1072.0,False,6,0
2025-10-16,C01,0,29.0,49.0,False,0,0
2025-10-16,C02,0,691.0,0.0,False,0,0
2025-10-16,C03,1,60.8,0.0,False,0,0
2025-10-16,C04,1,350.0,0.0,False,0,0
2025-10-16,C05,0,74.0,0.0,False,0,0
2025-10-16,C06,0,2.0,517.0,False,0,0
2025-10-16,C07,1,0.0,643.0,False,1,0
2025-10-16,C08,0,99.0,0.0,False,0,0
2025-10-17,A01,17,837.0,1128.0,False,0,0
2025-10-17,A02,126,4196.5,2451.0,True,0,1
2025-10-17,A03,9,506.0,772.0,False,0,0
2025-10-17,A04,1,539.0,0.0,False,0,0
2025-10-17,A05,21,2699.0,3635.0,False,0,1
2025-10-17,A06,68,7134.8,5953.0,False,0,1
2025-10-17,A07,10,0.0,1452.0,False,10,0
2025-10-17,A08,31,0.0,329.0,False,31,0
2025-10-17,A09,7,971.0,0.0,False,0,0
2025-10-17,A10,14,0.0,8386.0,False,14,0
2025-10-17,B01,0,186.0,0.0,False,0,0
2025-10-17,B02,0,653.0,1620.0,False,0,0
2025-10-17,B03,0,338.0,746.0,False,0,0
2025-10-17,B04,0,710.0,0.0,False,0,0
2025-10-17,B05,0,207.0,0.0,False,0,0
2025-10-17,B06,0,1015.0,0.0,False,0,0
2025-10-17,B07,34,5077.0,5189.0,False,0,1
2025-10-17,B08,47,1770.0,0.0,False,0,0
2025-10-17,B09,2,36.0,708.0,False,0,0
2025-10-17,B10,2,203.0,0.0,False,0,0
2025-10-17,B11,13,530.0,0.0,False,0,0
2025-10-17,B12,4,0.0,1072.0,False,4,0
2025-10-17,C01,0,29.0,49.0,False,0,0
2025-10-17,C02,10,681.0,0.0,False,0,0
2025-10-17,C03,0,62.0,0.0,False,0,0
2025-10-17,C04,0,350.0,0.0,False,0,0
2025-10-17,C05,2,72.0,0.0,False,0,0
2025-10-17,C06,0,1.9,517.0,False,0,0
2025-10-17,C07,1,0.0,643.0,False,1,0
2025-10-17,C08,0,99.0,0.0,False,0,0
2025-10-18,A01,14,823.0,1128.0,False,0,0
2025-10-18,A02,163,4687.0,2451.0,False,0,1
2025-10-18,A03,5,501.0,772.0,False,0,0
2025-10-18,A04,0,539.0,0.0,False,0,0
2025-10-18,A05,208,2490.0,3635.0,False,0,1
2025-10-18,A06,11,6678.0,5953.0,False,0,1
2025-10-18,A07,17,717.0,718.0,False,0,0
2025-10-18,A08,4,0.0,329.0,False,4,0
2025-10-18,A09,5,966.0,0.0,False,0,0
2025-10-18,A10,260,8124.0,7825.0,True,0,2
2025-10-18,B01,0,186.0,0.0,False,0,0
2025-10-18,B02,10,643.0,1620.0,False,0,0
2025-10-18,B03,0,338.0,746.0,False,0,0
2025-10-18,B04,3,707.0,0.0,False,0,0
2025-10-18,B05,0,230.3,0.0,False,0,0
2025-10-18,B06,2,1013.0,0.0,False,0,0
2025-10-18,B07,3,5073.0,5189.0,False,0,1
2025-10-18,B08,7,1763.0,0.0,False,0,0
2025-10-18,B09,0,36.0,708.0,False,0,0
2025-10-18,B10,0,203.0,0.0,False,0,0
2025-10-18,B11,3,527.0,0.0,False,0,0
2025-10-18,B12,14,0.0,1072.0,False,14,0
2025-10-18,C01,0,29.0,49.0,False,0,0
2025-10-18,C02,3,701.4,0.0,False,0,0
2025-10-18,C03,0,62.0,0.0,False,0,0
2025-10-18,C04,1,349.0,0.0,False,0,0
2025-10-18,C05,1,71.0,0.0,False,0,0
2025-10-18,C06,0,2.0,517.0,False,0,0
2025-10-18,C07,4,0.0,643.0,False,4,0
2025-10-18,C08,0,99.0,0.0,False,0,0
2025-10-19,A01,3,820.0,1128.0,False,0,0
2025-10-19,A02,71,4615.0,2451.0,False,0,1
2025-10-19,A03,9,492.0,772.0,False,0,0
2025-10-19,A04,0,539.0,0.0,False,0,0
2025-10-19,A05,3,2486.0,3635.0,False,0,1
2025-10-19,A06,164,6513.0,5953.0,False,0,1
2025-10-19,A07,14,703.0,718.0,False,0,0
2025-10-19,A08,4,0.0,329.0,False,4,0
2025-10-19,A09,0,966.0,0.0,False,0,0
2025-10-19,A10,27,8095.0,7825.0,False,0,2
2025-10-19,B01,8,178.0,0.0,False,0,0
2025-10-19,B02,2,641.0,1620.0,False,0,0
2025-10-19,B03,3,335.0,746.0,False,0,0
2025-10-19,B04,2,705.0,0.0,False,0,0
2025-10-19,B05,2,205.0,0.0,False,0,0
2025-10-19,B06,15,998.0,0.0,False,0,0
2025-10-19,B07,96,5596.7,5189.0,False,0,1
2025-10-19,B08,14,1749.0,0.0,False,0,0
2025-10-19,B09,2,34.0,708.0,False,0,0
2025-10-19,B10,2,201.0,0.0,False,0,0
2025-10-19,B11,8,519.0,0.0,False,0,0
2025-10-19,B12,18,0.0,1072.0,False,18,0
2025-10-19,C01,0,29.0,49.0,False,0,0
2025-10-19,C02,6,728.8,0.0,False,0,0
2025-10-19,C03,0,62.0,0.0,False,0,0
2025-10-19,C04,0,349.0,0.0,False,0,0
2025-10-19,C05,0,71.0,0.0,False,0,0
2025-10-19,C06,0,2.0,517.0,False,0,0
2025-10-19,C07,0,0.0,643.0,False,0,0
2025-10-19,C08,0,99.0,0.0,False,0,0
2025-10-20,A01,50,770.0,2233.0,True,0,0
2025-10-20,A02,73,4541.0,2451.0,False,0,1
2025-10-20,A03,1,491.0,772.0,False,0,0
2025-10-20,A04,0,539.0,0.0,False,0,0
2025-10-20,A05,10,2475.0,3635.0,False,0,1
2025-10-20,A06,272,6240.0,5953.0,False,0,1
2025-10-20,A07,43,660.0,718.0,False,0,0
2025-10-20,A08,5,0.0,329.0,False,5,0
2025-10-20,A09,10,1057.2,0.0,False,0,0
2025-10-20,A10,0,7796.7,7825.0,False,0,2
2025-10-20,B01,0,178.0,0.0,False,0,0
2025-10-20,B02,18,623.0,1620.0,False,0,0
2025-10-20,B03,0,335.0,746.0,False,0,0
2025-10-20,B04,0,694.7,0.0,False,0,0
2025-10-20,B05,0,187.8,0.0,False,0,0
2025-10-20,B06,5,993.0,0.0,False,0,0
2025-10-20,B07,142,4833.0,5189.0,False,0,1
2025-10-20,B08,45,1704.0,0.0,False,0,0
2025-10-20,B09,8,26.0,708.0,False,0,0
2025-10-20,B10,8,193.0,0.0,False,0,0
2025-10-20,B11,0,519.0,0.0,False,0,0
2025-10-20,B12,28,0.0,1072.0,False,28,0
2025-10-20,C01,0,29.0,49.0,False,0,0
2025-10-20,C02,2,670.0,0.0,False,0,0
2025-10-20,C03,1,61.0,0.0,False,0,0
2025-10-20,C04,3,346.0,0.0,False,0,0
2025-10-20,C05,1,70.0,0.0,False,0,0
2025-10-20,C06,0,2.0,517.0,False,0,0
2025-10-20,C07,1,0.0,643.0,False,1,0
2025-10-20,C08,0,99.0,0.0,False,0,0
2025-10-21,A01,47,723.0,2233.0,False,0,0
2025-10-21,A02,240,4300.0,2451.0,False,0,1
2025-10-21,A03,1,1262.0,0.0,False,0,0
2025-10-21,A04,3,536.0,0.0,False,0,0
2025-10-21,A05,1,2473.0,3635.0,False,0,1
2025-10-21,A06,151,6088.0,5953.0,False,0,1
2025-10-21,A07,19,641.0,718.0,False,0,0
2025-10-21,A08,0,0.0,329.0,False,0,0
2025-10-21,A09,9,947.0,0.0,False,0,0
2025-10-21,A10,109,7982.0,7825.0,False,0,2
2025-10-21,B01,0,153.3,355.0,True,0,0
2025-10-21,B02,18,605.0,1620.0,False,0,0
2025-10-21,B03,18,317.0,746.0,False,0,0
2025-10-21,B04,19,686.0,0.0,False,0,0
2025-10-21,B05,0,205.0,0.0,False,0,0
2025-10-21,B06,4,989.0,0.0,False,0,0
2025-10-21,B07,75,4757.0,5189.0,False,0,1
2025-10-21,B08,7,1697.0,0.0,False,0,0
2025-10-21,B09,1,25.0,708.0,False,0,0
2025-10-21,B10,0,193.0,0.0,False,0,0
2025-10-21,B11,0,519.0,0.0,False,0,0
2025-10-21,B12,7,0.0,1072.0,False,7,0
2025-10-21,C01,1,28.0,49.0,False,0,0
2025-10-21,C02,0,670.0,0.0,False,0,0
2025-10-21,C03,1,60.0,0.0,False,0,0
2025-10-21,C04,4,342.0,0.0,False,0,0
2025-10-21,C05,0,80.5,0.0,False,0,0
2025-10-21,C06,2,0.0,517.0,False,0,0
2025-10-21,C07,3,0.0,643.0,False,3,0
2025-10-21,C08,1,97.1,0.0,False,0,0
2025-10-22,A01,2,721.0,2233.0,False,0,0
2025-10-22,A02,18,4281.0,2451.0,False,0,1
2025-10-22,A03,4,1258.0,0.0,False,0,0
2025-10-22,A04,0,536.0,0.0,False,0,0
2025-10-22,A05,6,2466.0,3635.0,False,0,1
2025-10-22,A06,23,6064.0,5953.0,False,0,1
2025-10-22,A07,51,590.0,718.0,False,0,0
2025-10-22,A08,11,0.0,329.0,False,11,0
2025-10-22,A09,2,945.0,0.0,False,0,0
2025-10-22,A10,320,7660.0,7825.0,False,0,2
2025-10-22,B01,0,178.0,355.0,False,0,0
2025-10-22,B02,0,605.0,1620.0,False,0,0
2025-10-22,B03,5,334.7,746.0,False,0,0
2025-10-22,B04,2,684.0,0.0,False,0,0
2025-10-22,B05,0,205.0,0.0,False,0,0
2025-10-22,B06,0,989.0,0.0,False,0,0
2025-10-22,B07,23,4733.0,5189.0,False,0,1
2025-10-22,B08,7,1690.0,0.0,False,0,0
2025-10-22,B09,11,14.0,708.0,False,0,0
2025-10-22,B10,4,189.0,0.0,False,0,0
2025-10-22,B11,24,495.0,0.0,False,0,0
2025-10-22,B12,20,0.0,1072.0,False,20,0
2025-10-22,C01,0,28.0,49.0,False,0,0
2025-10-22,C02,7,663.0,0.0,False,0,0
2025-10-22,C03,0,60.0,0.0,False,0,0
2025-10-22,C04,6,336.0,0.0,False,0,0
2025-10-22,C05,2,68.0,0.0,False,0,0
2025-10-22,C06,1,516.0,0.0,False,0,0
2025-10-22,C07,0,0.0,643.0,False,0,0
2025-10-22,C08,0,98.0,0.0,False,0,0
2025-10-23,A01,65,656.0,2233.0,False,0,0
2025-10-23,A02,2,4278.0,2451.0,False,0,1
2025-10-23,A03,0,1258.0,0.0,False,0,0
2025-10-23,A04,1,535.0,0.0,False,0,0
2025-10-23,A05,21,2444.0,3635.0,False,0,1
2025-10-23,A06,197,5866.0,5953.0,False,0,1
2025-10-23,A07,56,534.0,718.0,False,0,0
2025-10-23,A08,0,329.0,0.0,False,0,0
2025-10-23,A09,11,934.0,0.0,False,0,0
2025-10-23,A10,16,7642.0,7825.0,False,0,2
2025-10-23,B01,11,167.0,355.0,False,0,0
2025-10-23,B02,22,583.0,1620.0,False,0,0
2025-10-23,B03,4,312.3,746.0,False,0,0
2025-10-23,B04,0,684.0,0.0,False,0,0
2025-10-23,B05,0,205.0,0.0,False,0,0
2025-10-23,B06,1,941.1,0.0,False,0,0
2025-10-23,B07,155,4577.0,5189.0,False,0,1
2025-10-23,B08,40,1650.0,0.0,False,0,0
2025-10-23,B09,10,4.0,708.0,False,0,0
2025-10-23,B10,0,189.0,0.0,False,0,0
2025-10-23,B11,6,489.0,0.0,False,0,0
2025-10-23,B12,8,0.0,1072.0,False,8,0
2025-10-23,C01,0,28.0,49.0,False,0,0
2025-10-23,C02,5,658.0,0.0,False,0,0
2025-10-23,C03,0,60.0,0.0,False,0,0
2025-10-23,C04,7,332.6,0.0,False,0,0
2025-10-23,C05,0,68.0,0.0,False,0,0
2025-10-23,C06,2,514.0,0.0,False,0,0
2025-10-23,C07,2,641.0,0.0,False,0,0
2025-10-23,C08,1,97.0,0.0,False,0,0
2025-10-24,A01,7,649.0,2233.0,False,0,0
2025-10-24,A02,3,4580.5,2451.0,False,0,1
2025-10-24,A03,1,1257.0,0.0,False,0,0
2025-10-24,A04,0,535.0,0.0,False,0,0
2025-10-24,A05,27,2417.0,3635.0,False,0,0
2025-10-24,A06,49,5816.0,5953.0,False,0,1
2025-10-24,A07,6,528.0,718.0,False,0,0
2025-10-24,A08,3,326.0,0.0,False,0,0
2025-10-24,A09,15,919.0,0.0,False,0,0
2025-10-24,A10,0,7640.0,7825.0,False,0,2
2025-10-24,B01,5,162.0,355.0,False,0,0
2025-10-24,B02,3,580.0,1620.0,False,0,0
2025-10-24,B03,10,298.0,746.0,False,0,0
2025-10-24,B04,1,683.0,0.0,False,0,0
2025-10-24,B05,1,204.0,0.0,False,0,0
2025-10-24,B06,23,965.0,0.0,False,0,0
2025-10-24,B07,39,4537.0,5189.0,False,0,1
2025-10-24,B08,4,1646.0,0.0,False,0,0
2025-10-24,B09,0,4.0,708.0,False,0,0
2025-10-24,B10,0,189.0,0.0,False,0,0
2025-10-24,B11,1,488.0,0.0,False,0,0
2025-10-24,B12,12,0.0,1072.0,False,12,0
2025-10-24,C01,0,24.0,49.0,False,0,0
2025-10-24,C02,3,655.0,0.0,False,0,0
2025-10-24,C03,0,60.0,0.0,False,0,0
2025-10-24,C04,7,291.2,0.0,False,0,0
2025-10-24,C05,4,64.0,0.0,False,0,0
2025-10-24,C06,0,514.0,0.0,False,0,0
2025-10-24,C07,1,640.0,0.0,False,0,0
2025-10-24,C08,0,97.0,0.0,False,0,0
2025-10-25,A01,20,629.0,2233.0,False,0,0
2025-10-25,A02,1,4272.0,2451.0,False,0,1
2025-10-25,A03,0,1257.0,0.0,False,0,0
2025-10-25,A04,3,532.0,0.0,False,0,0
2025-10-25,A05,141,1981.2,3635.0,False,0,0
2025-10-25,A06,50,5765.0,5953.0,False,0,1
2025-10-25,A07,8,520.0,718.0,False,0,0
2025-10-25,A08,2,324.0,0.0,False,0,0
2025-10-25,A09,3,916.0,0.0,False,0,0
2025-10-25,A10,0,7638.0,7825.0,False,0,2
2025-10-25,B01,0,162.0,355.0,False,0,0
2025-10-25,B02,1,579.0,1620.0,False,0,0
2025-10-25,B03,6,1038.0,0.0,False,0,0
2025-10-25,B04,1,682.0,0.0,False,0,0
2025-10-25,B05,5,199.0,0.0,False,0,0
2025-10-25,B06,9,956.0,0.0,False,0,0
2025-10-25,B07,6,5121.5,5189.0,False,0,1
2025-10-25,B08,5,1641.0,0.0,False,0,0
2025-10-25,B09,24,0.0,708.0,False,20,0
2025-10-25,B10,1,188.0,0.0,False,0,0
2025-10-25,B11,1,487.0,0.0,False,0,0
2025-10-25,B12,21,0.0,1072.0,False,21,0
2025-10-25,C01,0,28.0,49.0,False,0,0
2025-10-25,C02,1,654.0,0.0,False,0,0
2025-10-25,C03,0,60.0,0.0,False,0,0
2025-10-25,C04,2,320.0,0.0,False,0,0
2025-10-25,C05,2,62.0,0.0,False,0,0
2025-10-25,C06,2,512.0,0.0,False,0,0
2025-10-25,C07,0,640.0,0.0,False,0,0
2025-10-25,C08,1,96.0,0.0,False,0,0
2025-10-26,A01,0,629.0,2233.0,False,0,0
2025-10-26,A02,16,3797.6,2451.0,False,0,1
2025-10-26,A03,8,1249.0,0.0,False,0,0
2025-10-26,A04,6,526.0,0.0,False,0,0
2025-10-26,A05,2,2274.0,3635.0,False,0,0
2025-10-26,A06,279,5485.0,5953.0,False,0,1
2025-10-26,A07,2,518.0,718.0,False,0,0
2025-10-26,A08,1,323.0,0.0,False,0,0
2025-10-26,A09,4,912.0,0.0,False,0,0
2025-10-26,A10,330,7306.0,7825.0,False,0,2
2025-10-26,B01,4,158.0,355.0,False,0,0
2025-10-26,B02,27,552.0,1620.0,False,0,0
2025-10-26,B03,4,1034.0,0.0,False,0,0
2025-10-26,B04,1,681.0,0.0,False,0,0
2025-10-26,B05,2,197.0,0.0,False,0,0
2025-10-26,B06,18,938.0,0.0,False,0,0
2025-10-26,B07,267,4262.0,5189.0,False,0,1
2025-10-26,B08,36,1605.0,0.0,False,0,0
2025-10-26,B09,4,0.0,708.0,False,4,0
2025-10-26,B10,1,187.0,0.0,False,0,0
2025-10-26,B11,1,486.0,0.0,False,0,0
2025-10-26,B12,8,0.0,1072.0,False,8,0
2025-10-26,C01,2,26.0,49.0,False,0,0
2025-10-26,C02,10,644.0,0.0,False,0,0
2025-10-26,C03,1,59.0,0.0,False,0,0
2025-10-26,C04,2,318.0,0.0,False,0,0
2025-10-26,C05,5,57.0,0.0,False,0,0
2025-10-26,C06,6,506.0,0.0,False,0,0
2025-10-26,C07,0,640.0,0.0,False,0,0
2025-10-26,C08,1,95.0,0.0,False,0,0
2025-10-27,A01,9,620.0,2233.0,False,0,0
2025-10-27,A02,108,4146.0,2451.0,False,0,1
2025-10-27,A03,10,1239.0,0.0,False,0,0
2025-10-27,A04,5,504.5,0.0,False,0,0
2025-10-27,A05,216,2058.0,3635.0,False,0,0
2025-10-27,A06,130,5354.0,5953.0,False,0,1
2025-10-27,A07,44,412.8,718.0,False,0,0
2025-10-27,A08,12,311.0,0.0,False,0,0
2025-10-27,A09,17,895.0,0.0,False,0,0
2025-10-27,A10,60,7245.0,7825.0,False,0,1
2025-10-27,B01,1,157.0,355.0,False,0,0
2025-10-27,B02,11,541.0,1620.0,False,0,0
2025-10-27,B03,0,1034.0,0.0,False,0,0
2025-10-27,B04,1,680.0,0.0,False,0,0
2025-10-27,B05,0,197.0,0.0,False,0,0
2025-10-27,B06,1,937.0,0.0,False,0,0
2025-10-27,B07,165,4096.0,5189.0,False,0,1
2025-10-27,B08,2,1603.0,0.0,False,0,0
2025-10-27,B09,0,0.0,708.0,False,0,0
2025-10-27,B10,0,187.0,0.0,False,0,0
2025-10-27,B11,62,424.0,0.0,False,0,0
2025-10-27,B12,4,0.0,1072.0,False,4,0
2025-10-27,C01,4,22.0,49.0,False,0,0
2025-10-27,C02,3,641.0,0.0,False,0,0
2025-10-27,C03,0,59.0,0.0,False,0,0
2025-10-27,C04,0,294.8,0.0,False,0,0
2025-10-27,C05,0,57.0,0.0,False,0,0
2025-10-27,C06,5,501.0,0.0,False,0,0
2025-10-27,C07,1,560.9,0.0,False,0,0
2025-10-27,C08,0,95.0,0.0,False,0,0
2025-10-28,A01,57,563.0,2233.0,False,0,0
2025-10-28,A02,169,3976.0,2451.0,False,0,1
2025-10-28,A03,12,1227.0,0.0,False,0,0
2025-10-28,A04,7,514.0,0.0,False,0,0
2025-10-28,A05,57,2001.0,3635.0,False,0,0
2025-10-28,A06,31,5322.0,5953.0,False,0,1
2025-10-28,A07,14,460.0,718.0,False,0,0
2025-10-28,A08,3,308.0,0.0,False,0,0
2025-10-28,A09,2,893.0,0.0,False,0,0
2025-10-28,A10,9,7235.0,7825.0,False,0,1
2025-10-28,B01,7,150.0,355.0,False,0,0
2025-10-28,B02,17,524.0,1620.0,False,0,0
2025-10-28,B03,6,1028.0,0.0,False,0,0
2025-10-28,B04,2,778.3,0.0,False,0,0
2025-10-28,B05,1,196.0,0.0,False,0,0
2025-10-28,B06,4,933.0,0.0,False,0,0
2025-10-28,B07,72,3961.5,5189.0,False,0,1
2025-10-28,B08,42,1561.0,0.0,False,0,0
2025-10-28,B09,5,0.0,708.0,False,5,0
2025-10-28,B10,2,185.0,0.0,False,0,0
2025-10-28,B11,0,424.0,0.0,False,0,0
2025-10-28,B12,0,1072.0,0.0,False,0,0
2025-10-28,C01,0,22.0,49.0,False,0,0
2025-10-28,C02,31,610.0,0.0,False,0,0
2025-10-28,C03,0,59.0,0.0,False,0,0
2025-10-28,C04,10,345.1,0.0,False,0,0
2025-10-28,C05,4,53.0,0.0,False,0,0
2025-10-28,C06,3,498.0,0.0,False,0,0
2025-10-28,C07,3,636.0,0.0,False,0,0
2025-10-28,C08,0,95.0,0.0,False,0,0
2025-10-29,A01,1,562.0,2233.0,False,0,0
2025-10-29,A02,3,3972.0,2451.0,False,0,1
2025-10-29,A03,2,1225.0,0.0,False,0,0
2025-10-29,A04,3,511.0,0.0,False,0,0
2025-10-29,A05,157,1844.0,3635.0,False,0,0
2025-10-29,A06,74,5247.0,5953.0,False,0,1
2025-10-29,A07,70,390.0,718.0,False,0,0
2025-10-29,A08,8,300.0,0.0,False,0,0
2025-10-29,A09,2,891.0,0.0,False,0,0
2025-10-29,A10,2,7232.0,7825.0,False,0,1
2025-10-29,B01,2,148.0,355.0,False,0,0
2025-10-29,B02,12,512.0,1620.0,False,0,0
2025-10-29,B03,14,1014.0,0.0,False,0,0
2025-10-29,B04,7,671.0,0.0,False,0,0
2025-10-29,B05,0,196.0,0.0,False,0,0
2025-10-29,B06,27,899.7,0.0,False,0,0
2025-10-29,B07,182,3840.0,5189.0,False,0,1
2025-10-29,B08,43,1518.0,0.0,False,0,0
2025-10-29,B09,1,0.0,708.0,False,1,0
2025-10-29,B10,0,185.0,0.0,False,0,0
2025-10-29,B11,5,419.0,0.0,False,0,0
2025-10-29,B12,0,1072.0,0.0,False,0,0
2025-10-29,C01,0,21.5,49.0,False,0,0
2025-10-29,C02,14,596.0,0.0,False,0,0
2025-10-29,C03,1,58.0,0.0,False,0,0
2025-10-29,C04,0,308.0,0.0,False,0,0
2025-10-29,C05,5,52.3,0.0,False,0,0
2025-10-29,C06,1,497.0,0.0,False,0,0
2025-10-29,C07,4,632.0,0.0,False,0,0
2025-10-29,C08,2,93.0,0.0,False,0,0
2025-10-30,A01,7,555.0,2233.0,False,0,0
2025-10-30,A02,1,6421.0,0.0,False,0,1
2025-10-30,A03,6,1219.0,0.0,False,0,0
2025-10-30,A04,0,511.0,0.0,False,0,0
2025-10-30,A05,223,1621.0,3635.0,False,0,0
2025-10-30,A06,33,5213.0,5953.0,False,0,1
2025-10-30,A07,1,389.0,718.0,False,0,0
2025-10-30,A08,6,294.0,0.0,False,0,0
2025-10-30,A09,2,889.0,0.0,False,0,0
2025-10-30,A10,7,7224.0,7825.0,False,0,1
2025-10-30,B01,1,147.0,355.0,False,0,0
2025-10-30,B02,7,505.0,1620.0,False,0,0
2025-10-30,B03,11,1003.0,0.0,False,0,0
2025-10-30,B04,1,670.0,0.0,False,0,0
2025-10-30,B05,3,193.0,0.0,False,0,0
2025-10-30,B06,0,906.0,0.0,False,0,0
2025-10-30,B07,3,3836.0,5189.0,False,0,1
2025-10-30,B08,20,1498.0,1918.0,True,0,0
2025-10-30,B09,4,0.0,708.0,False,4,0
2025-10-30,B10,8,177.0,0.0,False,0,0
2025-10-30,B11,3,416.0,0.0,False,0,0
2025-10-30,B12,10,1062.0,0.0,False,0,0
2025-10-30,C01,1,21.0,49.0,False,0,0
2025-10-30,C02,1,670.5,0.0,False,0,0
2025-10-30,C03,0,64.9,0.0,False,0,0
2025-10-30,C04,7,301.0,0.0,False,0,0
2025-10-30,C05,1,47.0,0.0,False,0,0
2025-10-30,C06,1,496.0,0.0,False,0,0
2025-10-30,C07,0,632.0,0.0,False,0,0
2025-10-30,C08,0,93.0,0.0,False,0,0
2025-10-31,A01,7,548.0,2233.0,False,0,0
2025-10-31,A02,25,6395.0,0.0,False,0,1
2025-10-31,A03,2,1217.0,0.0,False,0,0
2025-10-31,A04,0,511.0,0.0,False,0,0
2025-10-31,A05,0,1809.8,3635.0,False,0,0
2025-10-31,A06,46,5907.8,5953.0,False,0,1
2025-10-31,A07,28,361.0,718.0,False,0,0
2025-10-31,A08,0,294.0,0.0,False,0,0
2025-10-31,A09,0,889.0,0.0,False,0,0
2025-10-31,A10,201,7022.0,7825.0,False,0,1
2025-10-31,B01,6,141.0,355.0,False,0,0
2025-10-31,B02,5,500.0,1620.0,False,0,0
2025-10-31,B03,0,1003.0,0.0,False,0,0
2025-10-31,B04,0,670.0,0.0,False,0,0
2025-10-31,B05,0,193.0,0.0,False,0,0
2025-10-31,B06,0,906.0,0.0,False,0,0
2025-10-31,B07,8,3827.0,5189.0,False,0,1
2025-10-31,B08,37,1461.0,1918.0,False,0,0
2025-10-31,B09,21,0.0,708.0,False,21,0
2025-10-31,B10,1,176.0,0.0,False,0,0
2025-10-31,B11,2,414.0,0.0,False,0,0
2025-10-31,B12,16,1046.0,0.0,False,0,0
2025-10-31,C01,0,21.0,49.0,False,0,0
2025-10-31,C02,5,590.0,0.0,False,0,0
2025-10-31,C03,0,58.0,0.0,False,0,0
2025-10-31,C04,7,294.0,0.0,False,0,0
2025-10-31,C05,2,45.0,0.0,False,0,0
2025-10-31,C06,0,496.0,0.0,False,0,0
2025-10-31,C07,3,629.0,0.0,False,0,0
2025-10-31,C08,0,93.0,0.0,False,0,0
2025-11-01,A01,17,531.0,2233.0,False,0,0
2025-11-01,A02,11,6383.0,0.0,False,0,1
2025-11-01,A03,12,1205.0,0.0,False,0,0
2025-11-01,A04,4,507.0,0.0,False,0,0
2025-11-01,A05,4,1838.4,3635.0,False,0,0
2025-11-01,A06,109,5056.0,5953.0,False,0,1
2025-11-01,A07,19,342.0,718.0,False,0,0
2025-11-01,A08,0,294.0,0.0,False,0,0
2025-11-01,A09,2,924.9,0.0,False,0,0
2025-11-01,A10,8,7013.0,7825.0,False,0,1
2025-11-01,B01,4,137.0,355.0,False,0,0
2025-11-01,B02,5,495.0,1620.0,False,0,0
2025-11-01,B03,3,1000.0,0.0,False,0,0
2025-11-01,B04,10,660.0,0.0,False,0,0
2025-11-01,B05,0,193.0,0.0,False,0,0
2025-11-01,B06,6,900.0,0.0,False,0,0
2025-11-01,B07,174,3652.0,5189.0,False,0,1
2025-11-01,B08,22,1439.0,1918.0,False,0,0
2025-11-01,B09,6,0.0,708.0,False,6,0
2025-11-01,B10,2,174.0,0.0,False,0,0
2025-11-01,B11,3,411.0,0.0,False,0,0
2025-11-01,B12,19,1027.0,0.0,False,0,0
2025-11-01,C01,0,21.0,49.0,False,0,0
2025-11-01,C02,5,585.0,0.0,False,0,0
2025-11-01,C03,0,58.0,0.0,False,0,0
2025-11-01,C04,0,294.0,0.0,False,0,0
2025-11-01,C05,3,42.0,0.0,False,0,0
2025-11-01,C06,4,492.0,0.0,False,0,0
2025-11-01,C07,0,629.0,0.0,False,0,0
2025-11-01,C08,0,93.0,0.0,False,0,0
2025-11-02,A01,0,531.0,2233.0,False,0,0
2025-11-02,A02,29,6353.0,0.0,False,0,1
2025-11-02,A03,1,1234.9,0.0,False,0,0
2025-11-02,A04,2,505.0,0.0,False,0,0
2025-11-02,A05,21,1596.0,3635.0,False,0,0
2025-11-02,A06,27,5028.0,5953.0,False,0,1
2025-11-02,A07,19,323.0,718.0,False,0,0
2025-11-02,A08,8,259.9,0.0,False,0,0
2025-11-02,A09,4,883.0,0.0,False,0,0
2025-11-02,A10,197,6815.0,7825.0,False,0,1
2025-11-02,B01,2,135.0,355.0,False,0,0
2025-11-02,B02,0,495.0,1620.0,False,0,0
2025-11-02,B03,0,1042.0,0.0,False,0,0
2025-11-02,B04,0,660.0,0.0,False,0,0
2025-11-02,B05,0,193.0,0.0,False,0,0
2025-11-02,B06,8,892.0,0.0,False,0,0
2025-11-02,B07,182,3084.1,5189.0,False,0,1
2025-11-02,B08,7,1432.0,1918.0,False,0,0
2025-11-02,B09,5,0.0,708.0,False,5,0
2025-11-02,B10,2,172.0,0.0,False,0,0
2025-11-02,B11,11,400.0,0.0,False,0,0
2025-11-02,B12,85,942.0,1133.0,True,0,0
2025-11-02,C01,2,19.0,49.0,False,0,0
2025-11-02,C02,2,583.0,0.0,False,0,0
2025-11-02,C03,3,55.0,0.0,False,0,0
2025-11-02,C04,1,293.0,0.0,False,0,0
2025-11-02,C05,2,40.0,0.0,False,0,0
2025-11-02,C06,13,479.0,0.0,False,0,0
2025-11-02,C07,7,622.0,0.0,False,0,0
2025-11-02,C08,0,93.0,0.0,False,0,0
2025-11-03,A01,11,520.0,2233.0,False,0,0
2025-11-03,A02,237,6115.0,0.0,False,0,1
2025-11-03,A03,7,1197.0,0.0,False,0,0
2025-11-03,A04,0,505.0,0.0,False,0,0
2025-11-03,A05,69,1527.0,3635.0,False,0,0
2025-11-03,A06,30,4997.0,5953.0,False,0,1
2025-11-03,A07,7,316.0,718.0,False,0,0
2025-11-03,A08,8,278.0,0.0,False,0,0
2025-11-03,A09,2,881.0,0.0,False,0,0
2025-11-03,A10,1066,5748.0,7825.0,False,0,1
2025-11-03,B01,1,134.0,355.0,False,0,0
2025-11-03,B02,3,444.6,1620.0,False,0,0
2025-11-03,B03,0,1000.0,0.0,False,0,0
2025-11-03,B04,1,755.3,0.0,False,0,0
2025-11-03,B05,2,191.0,0.0,False,0,0
2025-11-03,B06,4,888.0,0.0,False,0,0
2025-11-03,B07,1,3467.0,5189.0,False,0,1
2025-11-03,B08,36,1396.0,1918.0,False,0,0
2025-11-03,B09,10,698.0,0.0,False,0,0
2025-11-03,B10,0,172.0,0.0,False,0,0
2025-11-03,B11,10,390.0,0.0,False,0,0
2025-11-03,B12,0,942.0,1133.0,False,0,0
2025-11-03,C01,0,19.0,49.0,False,0,0
2025-11-03,C02,9,574.0,0.0,False,0,0
2025-11-03,C03,0,55.0,0.0,False,0,0
2025-11-03,C04,3,290.0,0.0,False,0,0
2025-11-03,C05,0,40.0,0.0,False,0,0
2025-11-03,C06,3,476.0,0.0,False,0,0
2025-11-03,C07,2,620.0,0.0,False,0,0
2025-11-03,C08,3,90.0,0.0,False,0,0
2025-11-04,A01,25,495.0,2233.0,False,0,0
2025-11-04,A02,2,6112.0,0.0,False,0,1
2025-11-04,A03,8,1189.0,0.0,False,0,0
2025-11-04,A04,2,503.0,0.0,False,0,0
2025-11-04,A05,350,1177.0,7385.0,True,0,0
2025-11-04,A06,85,4911.0,5953.0,False,0,1
2025-11-04,A07,25,291.0,718.0,False,0,0
2025-11-04,A08,4,242.2,0.0,False,0,0
2025-11-04,A09,27,854.0,0.0,False,0,0
2025-11-04,A10,412,5335.0,7825.0,False,0,1
2025-11-04,B01,0,139.7,355.0,False,0,0
2025-11-04,B02,25,467.0,1620.0,False,0,0
2025-11-04,B03,2,998.0,0.0,False,0,0
2025-11-04,B04,4,655.0,0.0,False,0,0
2025-11-04,B05,0,191.0,0.0,False,0,0
2025-11-04,B06,3,885.0,0.0,False,0,0
2025-11-04,B07,45,3421.0,5189.0,False,0,1
2025-11-04,B08,11,1385.0,1918.0,False,0,0
2025-11-04,B09,4,694.0,0.0,False,0,0
2025-11-04,B10,1,171.0,0.0,False,0,0
2025-11-04,B11,9,381.0,0.0,False,0,0
2025-11-04,B12,1,941.0,1133.0,False,0,0
2025-11-04,C01,1,19.9,49.0,False,0,0
2025-11-04,C02,1,573.0,0.0,False,0,0
2025-11-04,C03,2,53.0,0.0,False,0,0
2025-11-04,C04,2,288.0,0.0,False,0,0
2025-11-04,C05,4,36.0,403.0,True,0,0
2025-11-04,C06,0,476.0,0.0,False,0,0
2025-11-04,C07,2,618.0,0.0,False,0,0
2025-11-04,C08,0,90.0,0.0,False,0,0
2025-11-05,A01,14,481.0,2233.0,False,0,0
2025-11-05,A02,69,6042.0,0.0,False,0,1
2025-11-05,A03,4,1185.0,0.0,False,0,0
2025-11-05,A04,1,502.0,0.0,False,0,0
2025-11-05,A05,31,1146.0,7385.0,False,0,0
2025-11-05,A06,83,4827.0,11905.0,True,0,1
2025-11-05,A07,33,288.2,718.0,False,0,0
2025-11-05,A08,1,273.0,0.0,False,0,0
2025-11-05,A09,1,956.9,0.0,False,0,0
2025-11-05,A10,300,5034.0,7825.0,False,0,1
2025-11-05,B01,2,132.0,355.0,False,0,0
2025-11-05,B02,1,466.0,1620.0,False,0,0
2025-11-05,B03,5,993.0,0.0,False,0,0
2025-11-05,B04,11,644.0,0.0,False,0,0
2025-11-05,B05,1,190.0,0.0,False,0,0
2025-11-05,B06,24,861.0,0.0,False,0,0
2025-11-05,B07,213,3207.0,5189.0,False,0,1
2025-11-05,B08,10,1375.0,1918.0,False,0,0
2025-11-05,B09,34,660.0,0.0,False,0,0
2025-11-05,B10,2,169.0,0.0,False,0,0
2025-11-05,B11,19,362.0,0.0,False,0,0
2025-11-05,B12,15,2059.0,0.0,False,0,0
2025-11-05,C01,1,17.0,49.0,False,0,0
2025-11-05,C02,0,573.0,0.0,False,0,0
2025-11-05,C03,0,53.0,0.0,False,0,0
2025-11-05,C04,1,287.0,0.0,False,0,0
2025-11-05,C05,0,36.0,403.0,False,0,0
2025-11-05,C06,2,481.8,0.0,False,0,0
2025-11-05,C07,7,611.0,0.0,False,0,0
2025-11-05,C08,2,88.0,0.0,False,0,0
2025-11-06,A01,33,448.0,2233.0,False,0,0
2025-11-06,A02,79,5962.0,0.0,False,0,1
2025-11-06,A03,3,1182.0,0.0,False,0,0
2025-11-06,A04,1,501.0,0.0,False,0,0
2025-11-06,A05,0,1146.0,7385.0,False,0,0
2025-11-06,A06,244,4582.0,11905.0,False,0,1
2025-11-06,A07,7,288.3,718.0,False,0,0
2025-11-06,A08,0,273.0,0.0,False,0,0
2025-11-06,A09,5,848.0,0.0,False,0,0
2025-11-06,A10,123,12733.0,0.0,False,0,3
2025-11-06,B01,0,132.0,355.0,False,0,0
2025-11-06,B02,5,461.0,1620.0,False,0,0
2025-11-06,B03,24,969.0,0.0,False,0,0
2025-11-06,B04,1,643.0,0.0,False,0,0
2025-11-06,B05,0,190.0,0.0,False,0,0
2025-11-06,B06,1,932.9,0.0,False,0,0
2025-11-06,B07,246,2960.0,5189.0,False,0,1
2025-11-06,B08,79,1296.0,1918.0,False,0,0
2025-11-06,B09,6,654.0,0.0,False,0,0
2025-11-06,B10,4,165.0,0.0,False,0,0
2025-11-06,B11,1,361.0,0.0,False,0,0
2025-11-06,B12,9,2050.0,0.0,False,0,0
2025-11-06,C01,1,16.0,49.0,False,0,0
2025-11-06,C02,8,565.0,0.0,False,0,0
2025-11-06,C03,0,53.0,0.0,False,0,0
2025-11-06,C04,1,286.0,0.0,False,0,0
2025-11-06,C05,2,34.0,403.0,False,0,0
2025-11-06,C06,9,465.0,0.0,False,0,0
2025-11-06,C07,6,605.0,0.0,False,0,0
2025-11-06,C08,0,88.0,0.0,False,0,0
2025-11-07,A01,18,430.0,2233.0,False,0,0
2025-11-07,A02,129,5832.0,0.0,False,0,1
2025-11-07,A03,0,1182.0,0.0,False,0,0
2025-11-07,A04,1,500.0,0.0,False,0,0
2025-11-07,A05,5,1141.0,7385.0,False,0,0
2025-11-07,A06,61,4520.0,11905.0,False,0,1
2025-11-07,A07,59,186.5,1529.0,True,0,0
2025-11-07,A08,0,273.0,0.0,False,0,0
2025-11-07,A09,13,835.0,0.0,False,0,0
2025-11-07,A10,9,12721.0,0.0,False,0,3
2025-11-07,B01,1,131.0,355.0,False,0,0
2025-11-07,B02,4,457.0,1620.0,False,0,0
2025-11-07,B03,5,964.0,0.0,False,0,0
2025-11-07,B04,4,639.0,0.0,False,0,0
2025-11-07,B05,2,188.0,0.0,False,0,0
2025-11-07,B06,4,856.0,0.0,False,0,0
2025-11-07,B07,0,2959.0,5189.0,False,0,1
2025-11-07,B08,21,1275.0,1918.0,False,0,0
2025-11-07,B09,22,632.0,0.0,False,0,0
2025-11-07,B10,0,165.0,0.0,False,0,0
2025-11-07,B11,35,372.4,0.0,False,0,0
2025-11-07,B12,9,2041.0,0.0,False,0,0
2025-11-07,C01,0,16.0,49.0,False,0,0
2025-11-07,C02,1,564.0,0.0,False,0,0
2025-11-07,C03,1,52.0,0.0,False,0,0
2025-11-07,C04,4,282.0,0.0,False,0,0
2025-11-07,C05,1,33.0,403.0,False,0,0
2025-11-07,C06,0,465.0,0.0,False,0,0
2025-11-07,C07,6,599.0,0.0,False,0,0
2025-11-07,C08,0,88.0,0.0,False,0,0
2025-11-08,A01,6,424.0,2233.0,False,0,0
2025-11-08,A02,33,5798.0,0.0,False,0,1
2025-11-08,A03,10,1161.7,0.0,False,0,0
2025-11-08,A04,1,499.0,0.0,False,0,0
2025-11-08,A05,129,1012.0,7385.0,False,0,0
2025-11-08,A06,230,4289.0,11905.0,False,0,1
2025-11-08,A07,18,174.0,1529.0,False,0,0
2025-11-08,A08,2,271.0,0.0,False,0,0
2025-11-08,A09,6,829.0,0.0,False,0,0
2025-11-08,A10,53,12665.0,0.0,False,0,3
2025-11-08,B01,3,128.0,355.0,False,0,0
2025-11-08,B02,21,436.0,1620.0,False,0,0
2025-11-08,B03,0,964.0,0.0,False,0,0
2025-11-08,B04,4,635.0,0.0,False,0,0
2025-11-08,B05,0,188.0,0.0,False,0,0
2025-11-08,B06,8,848.0,0.0,False,0,0
2025-11-08,B07,24,2934.0,5189.0,False,0,1
2025-11-08,B08,0,1275.0,1918.0,False,0,0
2025-11-08,B09,4,597.2,0.0,False,0,0
2025-11-08,B10,1,164.0,0.0,False,0,0
2025-11-08,B11,4,322.0,0.0,False,0,0
2025-11-08,B12,16,2025.0,0.0,False,0,0
2025-11-08,C01,0,16.0,49.0,False,0,0
2025-11-08,C02,0,564.0,0.0,False,0,0
2025-11-08,C03,0,52.0,0.0,False,0,0
2025-11-08,C04,0,282.0,0.0,False,0,0
2025-11-08,C05,2,30.5,403.0,False,0,0
2025-11-08,C06,0,423.6,0.0,False,0,0
2025-11-08,C07,0,599.0,0.0,False,0,0
2025-11-08,C08,0,88.0,0.0,False,0,0
2025-11-09,A01,30,394.0,2233.0,False,0,0
2025-11-09,A02,36,5761.0,0.0,False,0,1
2025-11-09,A03,0,1172.0,0.0,False,0,0
2025-11-09,A04,0,499.0,0.0,False,0,0
2025-11-09,A05,12,1000.0,7385.0,False,0,0
2025-11-09,A06,43,4245.0,11905.0,False,0,1
2025-11-09,A07,26,152.5,1529.0,False,0,0
2025-11-09,A08,0,271.0,0.0,False,0,0
2025-11-09,A09,5,824.0,0.0,False,0,0
2025-11-09,A10,9,12653.0,0.0,False,0,3
2025-11-09,B01,0,128.0,355.0,False,0,0
2025-11-09,B02,11,425.0,1620.0,False,0,0
2025-11-09,B03,7,822.7,0.0,False,0,0
2025-11-09,B04,2,633.0,0.0,False,0,0
2025-11-09,B05,1,187.0,0.0,False,0,0
2025-11-09,B06,1,847.0,0.0,False,0,0
2025-11-09,B07,15,2918.0,5189.0,False,0,1
2025-11-09,B08,33,1217.3,1918.0,False,0,0
2025-11-09,B09,3,625.0,0.0,False,0,0
2025-11-09,B10,0,164.0,0.0,False,0,0
2025-11-09,B11,7,315.0,0.0,False,0,0
2025-11-09,B12,26,1999.0,0.0,False,0,0
2025-11-09,C01,2,14.0,49.0,False,0,0
2025-11-09,C02,7,557.0,0.0,False,0,0
2025-11-09,C03,1,51.0,0.0,False,0,0
2025-11-09,C04,2,280.0,0.0,False,0,0
2025-11-09,C05,0,31.0,403.0,False,0,0
2025-11-09,C06,0,465.0,0.0,False,0,0
2025-11-09,C07,2,597.0,0.0,False,0,0
2025-11-09,C08,0,88.0,0.0,False,0,0
2025-11-10,A01,84,310.0,2233.0,False,0,0
2025-11-10,A02,8,5752.0,0.0,False,0,1
2025-11-10,A03,1,1171.0,0.0,False,0,0
2025-11-10,A04,1,498.0,0.0,False,0,0
2025-11-10,A05,61,939.0,7385.0,False,0,0
2025-11-10,A06,70,4174.0,11905.0,False,0,1
2025-11-10,A07,3,145.0,1529.0,False,0,0
2025-11-10,A08,2,269.0,0.0,False,0,0
2025-11-10,A09,12,812.0,0.0,False,0,0
2025-11-10,A10,13,12637.0,0.0,False,0,3
2025-11-10,B01,0,128.0,355.0,False,0,0
2025-11-10,B02,3,422.0,1620.0,False,0,0
2025-11-10,B03,9,948.0,0.0,False,0,0
2025-11-10,B04,6,627.0,0.0,False,0,0
2025-11-10,B05,0,187.0,0.0,False,0,0
2025-11-10,B06,58,789.0,0.0,False,0,0
2025-11-10,B07,45,2872.0,5189.0,False,0,1
2025-11-10,B08,7,1235.0,1918.0,False,0,0
2025-11-10,B09,22,603.0,0.0,False,0,0
2025-11-10,B10,12,152.0,0.0,False,0,0
2025-11-10,B11,42,273.0,0.0,False,0,0
2025-11-10,B12,66,1933.0,0.0,False,0,0
2025-11-10,C01,0,14.0,49.0,False,0,0
2025-11-10,C02,10,619.6,0.0,False,0,0
2025-11-10,C03,0,51.0,0.0,False,0,0
2025-11-10,C04,7,273.0,0.0,False,0,0
2025-11-10,C05,1,30.0,403.0,False,0,0
2025-11-10,C06,0,465.0,0.0,False,0,0
2025-11-10,C07,21,576.0,0.0,False,0,0
2025-11-10,C08,0,88.0,0.0,False,0,0
2025-11-11,A01,21,289.0,2233.0,False,0,0
2025-11-11,A02,35,5716.0,0.0,False,0,1
2025-11-11,A03,5,1166.0,0.0,False,0,0
2025-11-11,A04,1,497.0,0.0,False,0,0
2025-11-11,A05,53,759.5,7385.0,False,0,0
2025-11-11,A06,220,3953.0,11905.0,False,0,1
2025-11-11,A07,1,144.0,1529.0,False,0,0
2025-11-11,A08,1,268.0,0.0,False,0,0
2025-11-11,A09,2,810.4,0.0,False,0,0
2025-11-11,A10,16,12618.0,0.0,False,0,3
2025-11-11,B01,2,126.0,355.0,False,0,0
2025-11-11,B02,19,403.0,1620.0,False,0,0
2025-11-11,B03,0,948.0,0.0,False,0,0
2025-11-11,B04,2,625.0,0.0,False,0,0
2025-11-11,B05,0,187.0,0.0,False,0,0
2025-11-11,B06,35,754.0,0.0,False,0,0
2025-11-11,B07,12,2835.0,5189.0,False,0,1
2025-11-11,B08,2,1233.0,1918.0,False,0,0
2025-11-11,B09,11,592.0,0.0,False,0,0
2025-11-11,B10,1,151.0,0.0,False,0,0
2025-11-11,B11,40,233.0,976.0,True,0,0
2025-11-11,B12,46,1887.0,0.0,False,0,0
2025-11-11,C01,0,14.0,49.0,False,0,0
2025-11-11,C02,2,545.0,0.0,False,0,0
2025-11-11,C03,0,52.5,0.0,False,0,0
2025-11-11,C04,0,273.0,0.0,False,0,0
2025-11-11,C05,4,23.0,403.0,False,0,0
2025-11-11,C06,2,463.0,0.0,False,0,0
2025-11-11,C07,5,571.0,0.0,False,0,0
2025-11-11,C08,2,86.0,0.0,False,0,0
2025-11-12,A01,18,271.0,2233.0,False,0,0
2025-11-12,A02,177,5538.0,0.0,False,0,1
2025-11-12,A03,16,1150.0,0.0,False,0,0
2025-11-12,A04,0,497.0,0.0,False,0,0
2025-11-12,A05,56,830.0,7385.0,False,0,0
2025-11-12,A06,8,3944.0,11905.0,False,0,1
2025-11-12,A07,11,124.5,1529.0,False,0,0
2025-11-12,A08,3,265.0,0.0,False,0,0
2025-11-12,A09,1,809.0,0.0,False,0,0
2025-11-12,A10,68,12547.0,0.0,False,0,3
2025-11-12,B01,3,124.3,355.0,False,0,0
2025-11-12,B02,48,355.0,1620.0,False,0,0
2025-11-12,B03,0,948.0,0.0,False,0,0
2025-11-12,B04,1,624.0,0.0,False,0,0
2025-11-12,B05,0,187.0,0.0,False,0,0
2025-11-12,B06,30,724.0,0.0,False,0,0
2025-11-12,B07,67,2791.0,5189.0,False,0,1
2025-11-12,B08,19,1214.0,1918.0,False,0,0
2025-11-12,B09,2,590.0,0.0,False,0,0
2025-11-12,B10,1,150.0,0.0,False,0,0
2025-11-12,B11,0,233.0,976.0,False,0,0
2025-11-12,B12,20,1867.0,0.0,False,0,0
2025-11-12,C01,1,13.0,49.0,False,0,0
2025-11-12,C02,0,545.0,0.0,False,0,0
2025-11-12,C03,3,48.0,0.0,False,0,0
2025-11-12,C04,3,270.0,0.0,False,0,0
2025-11-12,C05,1,25.0,403.0,False,0,0
2025-11-12,C06,2,461.0,0.0,False,0,0
2025-11-12,C07,5,566.0,0.0,False,0,0
2025-11-12,C08,3,83.0,0.0,False,0,0
2025-11-13,A01,34,237.0,2233.0,False,0,0
2025-11-13,A02,25,5512.0,0.0,False,0,1
2025-11-13,A03,0,1234.3,0.0,False,0,0
2025-11-13,A04,1,496.0,0.0,False,0,0
2025-11-13,A05,75,755.0,7385.0,False,0,0
2025-11-13,A06,471,3472.0,11905.0,False,0,1
2025-11-13,A07,49,84.0,1529.0,False,0,0
2025-11-13,A08,0,265.0,0.0,False,0,0
2025-11-13,A09,4,805.0,0.0,False,0,0
2025-11-13,A10,172,12372.0,0.0,False,0,3
2025-11-13,B01,0,478.0,0.0,False,0,0
2025-11-13,B02,0,355.0,1620.0,False,0,0
2025-11-13,B03,9,939.0,0.0,False,0,0
2025-11-13,B04,9,615.0,0.0,False,0,0
2025-11-13,B05,0,187.0,0.0,False,0,0
2025-11-13,B06,1,723.0,0.0,False,0,0
2025-11-13,B07,320,2470.0,5189.0,False,0,1
2025-11-13,B08,4,1210.0,1918.0,False,0,0
2025-11-13,B09,2,616.7,0.0,False,0,0
2025-11-13,B10,8,142.0,0.0,False,0,0
2025-11-13,B11,5,228.0,976.0,False,0,0
2025-11-13,B12,8,1859.0,0.0,False,0,0
2025-11-13,C01,0,13.0,49.0,False,0,0
2025-11-13,C02,14,531.0,0.0,False,0,0
2025-11-13,C03,0,48.0,0.0,False,0,0
2025-11-13,C04,1,269.0,0.0,False,0,0
2025-11-13,C05,4,21.0,403.0,False,0,0
2025-11-13,C06,4,457.0,0.0,False,0,0
2025-11-13,C07,2,564.0,0.0,False,0,0
2025-11-13,C08,0,83.0,0.0,False,0,0
2025-11-14,A01,0,237.0,2233.0,False,0,0
2025-11-14,A02,28,6280.1,0.0,False,0,1
2025-11-14,A03,21,1116.4,0.0,False,0,0
2025-11-14,A04,0,500.2,0.0,False,0,0
2025-11-14,A05,179,576.0,7385.0,False,0,0
2025-11-14,A06,16,3455.0,11905.0,False,0,1
2025-11-14,A07,16,68.0,1529.0,False,0,0
2025-11-14,A08,3,262.0,0.0,False,0,0
2025-11-14,A09,0,805.0,0.0,False,0,0
2025-11-14,A10,428,11942.0,0.0,False,0,2
2025-11-14,B01,4,531.1,0.0,False,0,0
2025-11-14,B02,0,355.0,1620.0,False,0,0
2025-11-14,B03,1,938.0,0.0,False,0,0
2025-11-14,B04,0,615.0,0.0,False,0,0
2025-11-14,B05,4,183.0,0.0,False,0,0
2025-11-14,B06,9,786.0,0.0,False,0,0
2025-11-14,B07,236,2234.0,5189.0,False,0,0
2025-11-14,B08,16,1017.9,1918.0,False,0,0
2025-11-14,B09,5,583.0,0.0,False,0,0
2025-11-14,B10,0,142.0,0.0,False,0,0
2025-11-14,B11,29,199.0,976.0,False,0,0
2025-11-14,B12,0,1859.0,0.0,False,0,0
2025-11-14,C01,2,11.0,49.0,False,0,0
2025-11-14,C02,19,512.0,0.0,False,0,0
2025-11-14,C03,0,48.0,0.0,False,0,0
2025-11-14,C04,4,265.0,0.0,False,0,0
2025-11-14,C05,3,18.8,403.0,False,0,0
2025-11-14,C06,10,447.0,0.0,False,0,0
2025-11-14,C07,0,564.0,0.0,False,0,0
2025-11-14,C08,0,83.0,0.0,False,0,0
2025-11-15,A01,1,2292.9,0.0,False,0,1
2025-11-15,A02,8,6145.6,0.0,False,0,1
2025-11-15,A03,2,1127.0,0.0,False,0,0
2025-11-15,A04,0,570.0,0.0,False,0,0
2025-11-15,A05,20,556.0,7385.0,False,0,0
2025-11-15,A06,67,3387.0,11905.0,False,0,1
2025-11-15,A07,14,54.0,1529.0,False,0,0
2025-11-15,A08,0,262.0,0.0,False,0,0
2025-11-15,A09,9,796.0,0.0,False,0,0
2025-11-15,A10,148,11792.0,0.0,False,0,2
2025-11-15,B01,6,468.0,0.0,False,0,0
2025-11-15,B02,1,354.0,1620.0,False,0,0
2025-11-15,B03,6,932.0,0.0,False,0,0
2025-11-15,B04,26,589.0,0.0,False,0,0
2025-11-15,B05,0,183.0,0.0,False,0,0
2025-11-15,B06,21,693.0,0.0,False,0,0
2025-11-15,B07,80,2154.0,5189.0,False,0,0
2025-11-15,B08,29,1165.0,1918.0,False,0,0
2025-11-15,B09,6,577.0,0.0,False,0,0
2025-11-15,B10,1,141.0,0.0,False,0,0
2025-11-15,B11,0,199.0,976.0,False,0,0
2025-11-15,B12,8,1851.0,0.0,False,0,0
2025-11-15,C01,0,11.0,49.0,False,0,0
2025-11-15,C02,0,512.0,0.0,False,0,0
2025-11-15,C03,0,48.0,0.0,False,0,0
2025-11-15,C04,2,263.0,0.0,False,0,0
2025-11-15,C05,3,15.0,403.0,False,0,0
2025-11-15,C06,0,447.0,0.0,False,0,0
2025-11-15,C07,4,560.0,0.0,False,0,0
2025-11-15,C08,0,83.0,0.0,False,0,0
2025-11-16,A01,7,2460.0,0.0,False,0,1
2025-11-16,A02,238,5235.0,0.0,False,0,1
2025-11-16,A03,15,1112.0,0.0,False,0,0
2025-11-16,A04,3,493.0,0.0,False,0,0
2025-11-16,A05,230,326.0,7385.0,False,0,0
2025-11-16,A06,32,3354.0,11905.0,False,0,1
2025-11-16,A07,4,50.0,1529.0,False,0,0
2025-11-16,A08,19,243.0,0.0,False,0,0
2025-11-16,A09,1,795.0,0.0,False,0,0
2025-11-16,A10,2,11788.0,0.0,False,0,2
2025-11-16,B01,5,463.0,0.0,False,0,0
2025-11-16,B02,0,354.0,1620.0,False,0,0
2025-11-16,B03,7,925.0,0.0,False,0,0
2025-11-16,B04,7,582.0,0.0,False,0,0
2025-11-16,B05,0,183.0,0.0,False,0,0
2025-11-16,B06,23,670.0,0.0,False,0,0
2025-11-16,B07,72,2082.0,5189.0,False,0,0
2025-11-16,B08,0,1165.0,1918.0,False,0,0
2025-11-16,B09,0,577.0,0.0,False,0,0
2025-11-16,B10,0,141.0,0.0,False,0,0
2025-11-16,B11,7,192.0,976.0,False,0,0
2025-11-16,B12,5,1846.0,0.0,False,0,0
2025-11-16,C01,0,11.0,49.0,False,0,0
2025-11-16,C02,2,510.0,0.0,False,0,0
2025-11-16,C03,2,48.9,0.0,False,0,0
2025-11-16,C04,1,262.0,0.0,False,0,0
2025-11-16,C05,5,10.0,403.0,False,0,0
2025-11-16,C06,0,447.0,0.0,False,0,0
2025-11-16,C07,12,579.9,0.0,False,0,0
2025-11-16,C08,0,83.0,0.0,False,0,0
2025-11-17,A01,12,2447.0,0.0,False,0,1
2025-11-17,A02,10,5224.0,0.0,False,0,1
2025-11-17,A03,3,1109.0,0.0,False,0,0
2025-11-17,A04,0,493.0,0.0,False,0,0
2025-11-17,A05,4,358.8,7385.0,False,0,0
2025-11-17,A06,71,3282.0,11905.0,False,0,1
2025-11-17,A07,24,26.0,1529.0,False,0,0
2025-11-17,A08,0,243.0,0.0,False,0,0
2025-11-17,A09,6,789.0,0.0,False,0,0
2025-11-17,A10,500,11286.0,0.0,False,0,2
2025-11-17,B01,1,462.0,0.0,False,0,0
2025-11-17,B02,1,353.0,1620.0,False,0,0
2025-11-17,B03,5,991.9,0.0,False,0,0
2025-11-17,B04,14,568.0,0.0,False,0,0
2025-11-17,B05,0,195.1,0.0,False,0,0
2025-11-17,B06,14,656.0,0.0,False,0,0
2025-11-17,B07,1,2081.0,5189.0,False,0,0
2025-11-17,B08,3,1162.0,1918.0,False,0,0
2025-11-17,B09,5,572.0,0.0,False,0,0
2025-11-17,B10,1,140.0,0.0,False,0,0
2025-11-17,B11,0,210.8,976.0,False,0,0
2025-11-17,B12,3,1843.0,0.0,False,0,0
2025-11-17,C01,1,10.0,49.0,False,0,0
2025-11-17,C02,0,510.0,0.0,False,0,0
2025-11-17,C03,1,45.0,0.0,False,0,0
2025-11-17,C04,1,261.0,0.0,False,0,0
2025-11-17,C05,0,10.4,403.0,False,0,0
2025-11-17,C06,1,446.0,0.0,False,0,0
2025-11-17,C07,1,547.0,0.0,False,0,0
2025-11-17,C08,0,83.0,0.0,False,0,0
2025-11-18,A01,2,2444.0,0.0,False,0,1
2025-11-18,A02,8,5215.0,0.0,False,0,1
2025-11-18,A03,9,1100.0,0.0,False,0,0
2025-11-18,A04,2,491.0,0.0,False,0,0
2025-11-18,A05,65,257.0,7385.0,False,0,0
2025-11-18,A06,579,2702.0,11905.0,False,0,1
2025-11-18,A07,28,0.0,1529.0,False,2,0
2025-11-18,A08,9,234.0,0.0,False,0,0
2025-11-18,A09,0,887.1,0.0,False,0,0
2025-11-18,A10,7,11277.0,0.0,False,0,2
2025-11-18,B01,0,462.0,0.0,False,0,0
2025-11-18,B02,0,353.0,1620.0,False,0,0
2025-11-18,B03,3,881.2,0.0,False,0,0
2025-11-18,B04,2,566.0,0.0,False,0,0
2025-11-18,B05,0,183.0,0.0,False,0,0
2025-11-18,B06,11,645.0,0.0,False,0,0
2025-11-18,B07,34,2047.0,5189.0,False,0,0
2025-11-18,B08,32,1130.0,1918.0,False,0,0
2025-11-18,B09,3,569.0,0.0,False,0,0
2025-11-18,B10,1,139.0,0.0,False,0,0
2025-11-18,B11,0,192.0,976.0,False,0,0
2025-11-18,B12,17,1826.0,0.0,False,0,0
2025-11-18,C01,1,9.0,49.0,False,0,0
2025-11-18,C02,1,509.0,0.0,False,0,0
2025-11-18,C03,1,44.0,0.0,False,0,0
2025-11-18,C04,2,259.0,0.0,False,0,0
2025-11-18,C05,0,10.0,403.0,False,0,0
2025-11-18,C06,3,420.4,0.0,False,0,0
2025-11-18,C07,3,544.0,0.0,False,0,0
2025-11-18,C08,0,83.0,0.0,False,0,0
2025-11-19,A01,19,2425.0,0.0,False,0,0
2025-11-19,A02,100,5114.0,0.0,False,0,1
2025-11-19,A03,3,1246.8,0.0,False,0,0
2025-11-19,A04,6,485.0,0.0,False,0,0
2025-11-19,A05,43,214.0,7385.0,False,0,0
2025-11-19,A06,276,2426.0,11905.0,False,0,0
2025-11-19,A07,22,689.8,718.0,False,0,0
2025-11-19,A08,10,241.8,0.0,False,0,0
2025-11-19,A09,1,788.0,0.0,False,0,0
2025-11-19,A10,146,11129.0,0.0,False,0,2
2025-11-19,B01,4,512.4,0.0,False,0,0
2025-11-19,B02,14,339.0,1620.0,False,0,0
2025-11-19,B03,0,917.0,0.0,False,0,0
2025-11-19,B04,11,555.0,0.0,False,0,0
2025-11-19,B05,7,176.0,0.0,False,0,0
2025-11-19,B06,1,644.0,0.0,False,0,0
2025-11-19,B07,69,1978.0,5189.0,False,0,0
2025-11-19,B08,2,1128.0,1918.0,False,0,0
2025-11-19,B09,25,544.0,0.0,False,0,0
2025-11-19,B10,0,139.0,0.0,False,0,0
2025-11-19,B11,57,125.1,976.0,False,0,0
2025-11-19,B12,27,1799.0,0.0,False,0,0
2025-11-19,C01,0,9.0,49.0,False,0,0
2025-11-19,C02,1,508.0,0.0,False,0,0
2025-11-19,C03,0,44.8,0.0,False,0,0
2025-11-19,C04,10,249.0,0.0,False,0,0
2025-11-19,C05,5,5.0,403.0,False,0,0
2025-11-19,C06,0,443.0,0.0,False,0,0
2025-11-19,C07,1,543.0,0.0,False,0,0
2025-11-19,C08,2,81.0,0.0,False,0,0
2025-11-20,A01,1,2424.0,0.0,False,0,0
2025-11-20,A02,40,5269.3,0.0,False,0,1
2025-11-20,A03,0,1097.0,0.0,False,0,0
2025-11-20,A04,0,553.4,0.0,False,0,0
2025-11-20,A05,94,120.0,7385.0,False,0,0
2025-11-20,A06,311,2115.0,11905.0,False,0,0
2025-11-20,A07,14,775.0,718.0,False,0,0
2025-11-20,A08,0,224.0,0.0,False,0,0
2025-11-20,A09,8,681.8,0.0,False,0,0
2025-11-20,A10,85,11042.0,0.0,False,0,2
2025-11-20,B01,0,458.0,0.0,False,0,0
2025-11-20,B02,87,252.0,1620.0,False,0,0
2025-11-20,B03,11,1032.7,0.0,False,0,0
2025-11-20,B04,1,554.0,0.0,False,0,0
2025-11-20,B05,1,178.2,0.0,False,0,0
2025-11-20,B06,6,638.0,0.0,False,0,0
2025-11-20,B07,208,1770.0,5189.0,False,0,0
2025-11-20,B08,4,1124.0,1918.0,False,0,0
2025-11-20,B09,4,544.2,0.0,False,0,0
2025-11-20,B10,0,139.0,0.0,False,0,0
2025-11-20,B11,1,133.3,976.0,False,0,0
2025-11-20,B12,3,1796.0,0.0,False,0,0
2025-11-20,C01,1,7.8,49.0,False,0,0
2025-11-20,C02,0,508.0,0.0,False,0,0
2025-11-20,C03,1,43.0,0.0,False,0,0
2025-11-20,C04,9,240.0,0.0,False,0,0
2025-11-20,C05,1,4.0,403.0,False,0,0
2025-11-20,C06,0,443.0,0.0,False,0,0
2025-11-20,C07,0,543.0,0.0,False,0,0
2025-11-20,C08,0,81.0,0.0,False,0,0
2025-11-21,A01,9,2415.0,0.0,False,0,0
2025-11-21,A02,8,5064.0,0.0,False,0,1
2025-11-21,A03,23,1074.0,0.0,False,0,0
2025-11-21,A04,0,485.0,0.0,False,0,0
2025-11-21,A05,95,25.0,7385.0,False,0,0
2025-11-21,A06,217,1898.0,11905.0,False,0,0
2025-11-21,A07,7,768.0,718.0,False,0,0
2025-11-21,A08,5,229.7,0.0,False,0,0
2025-11-21,A09,5,775.0,0.0,False,0,0
2025-11-21,A10,2,11038.0,0.0,False,0,2
2025-11-21,B01,0,458.0,0.0,False,0,0
2025-11-21,B02,18,234.0,1620.0,False,0,0
2025-11-21,B03,38,868.0,0.0,False,0,0
2025-11-21,B04,5,549.0,0.0,False,0,0
2025-11-21,B05,0,166.6,0.0,False,0,0
2025-11-21,B06,9,629.0,0.0,False,0,0
2025-11-21,B07,102,1668.0,5189.0,False,0,0
2025-11-21,B08,10,1114.0,1918.0,False,0,0
2025-11-21,B09,3,537.0,0.0,False,0,0
2025-11-21,B10,1,138.0,0.0,False,0,0
2025-11-21,B11,1,133.0,976.0,False,0,0
2025-11-21,B12,31,1855.0,0.0,False,0,0
2025-11-21,C01,0,8.0,49.0,False,0,0
2025-11-21,C02,1,507.0,0.0,False,0,0
2025-11-21,C03,0,43.0,0.0,False,0,0
2025-11-21,C04,0,240.0,0.0,False,0,0
2025-11-21,C05,2,2.1,403.0,False,0,0
2025-11-21,C06,3,440.0,0.0,False,0,0
2025-11-21,C07,2,505.8,0.0,False,0,0
2025-11-21,C08,0,81.0,0.0,False,0,0
2025-11-22,A01,8,2407.0,0.0,False,0,0
2025-11-22,A02,77,4986.0,0.0,False,0,1
2025-11-22,A03,3,1071.0,0.0,False,0,0
2025-11-22,A04,1,533.9,0.0,False,0,0
2025-11-22,A05,16,9.0,7385.0,False,0,0
2025-11-22,A06,186,1712.0,11905.0,False,0,0
2025-11-22,A07,26,742.0,718.0,False,0,0
2025-11-22,A08,2,217.0,0.0,False,0,0
2025-11-22,A09,5,770.0,0.0,False,0,0
2025-11-22,A10,48,10988.0,0.0,False,0,2
2025-11-22,B01,1,457.0,0.0,False,0,0
2025-11-22,B02,38,196.0,1620.0,False,0,0
2025-11-22,B03,5,863.0,0.0,False,0,0
2025-11-22,B04,5,544.0,0.0,False,0,0
2025-11-22,B05,1,174.0,0.0,False,0,0
2025-11-22,B06,0,630.8,0.0,False,0,0
2025-11-22,B07,36,1632.0,5189.0,False,0,0
2025-11-22,B08,29,1085.0,1918.0,False,0,0
2025-11-22,B09,20,517.0,0.0,False,0,0
2025-11-22,B10,0,138.0,0.0,False,0,0
2025-11-22,B11,4,118.1,976.0,False,0,0
2025-11-22,B12,89,1676.0,0.0,False,0,0
2025-11-22,C01,0,8.0,49.0,False,0,0
2025-11-22,C02,14,493.0,0.0,False,0,0
2025-11-22,C03,0,43.0,0.0,False,0,0
2025-11-22,C04,6,234.0,0.0,False,0,0
2025-11-22,C05,3,0.0,403.0,False,1,0
2025-11-22,C06,9,410.1,0.0,False,0,0
2025-11-22,C07,0,541.0,0.0,False,0,0
2025-11-22,C08,0,81.0,0.0,False,0,0
2025-11-23,A01,38,2369.0,0.0,False,0,0
2025-11-23,A02,10,4338.9,0.0,False,0,1
2025-11-23,A03,1,941.7,0.0,False,0,0
2025-11-23,A04,0,484.0,0.0,False,0,0
2025-11-23,A05,8,1.0,7385.0,False,0,0
2025-11-23,A06,1,1711.0,11905.0,False,0,0
2025-11-23,A07,15,725.8,718.0,False,0,0
2025-11-23,A08,1,216.0,0.0,False,0,0
2025-11-23,A09,4,661.0,0.0,False,0,0
2025-11-23,A10,53,10933.0,0.0,False,0,2
2025-11-23,B01,3,454.0,0.0,False,0,0
2025-11-23,B02,10,186.0,1620.0,False,0,0
2025-11-23,B03,10,853.0,0.0,False,0,0
2025-11-23,B04,0,544.0,0.0,False,0,0
2025-11-23,B05,3,171.0,0.0,False,0,0
2025-11-23,B06,2,545.5,0.0,False,0,0
2025-11-23,B07,157,1475.0,5189.0,False,0,0
2025-11-23,B08,2,1083.0,1918.0,False,0,0
2025-11-23,B09,9,508.0,0.0,False,0,0
2025-11-23,B10,0,138.0,0.0,False,0,0
2025-11-23,B11,8,121.0,976.0,False,0,0
2025-11-23,B12,0,1676.0,0.0,False,0,0
2025-11-23,C01,0,7.0,49.0,False,0,0
2025-11-23,C02,0,493.0,0.0,False,0,0
2025-11-23,C03,1,42.0,0.0,False,0,0
2025-11-23,C04,6,228.0,0.0,False,0,0
2025-11-23,C05,0,0.0,403.0,False,0,0
2025-11-23,C06,0,431.0,0.0,False,0,0
2025-11-23,C07,0,541.0,0.0,False,0,0
2025-11-23,C08,2,79.0,0.0,False,0,0
2025-11-24,A01,36,2333.0,0.0,False,0,0
2025-11-24,A02,6,4968.0,0.0,False,0,1
2025-11-24,A03,2,1068.0,0.0,False,0,0
2025-11-24,A04,1,483.0,0.0,False,0,0
2025-11-24,A05,16,0.0,7385.0,False,15,0
2025-11-24,A06,16,1566.7,11905.0,False,0,0
2025-11-24,A07,36,691.0,718.0,False,0,0
2025-11-24,A08,1,203.0,0.0,False,0,0
2025-11-24,A09,0,656.3,0.0,False,0,0
2025-11-24,A10,169,10762.0,0.0,False,0,2
2025-11-24,B01,0,454.0,0.0,False,0,0
2025-11-24,B02,1,185.0,1620.0,False,0,0
2025-11-24,B03,1,852.0,0.0,False,0,0
2025-11-24,B04,3,541.0,0.0,False,0,0
2025-11-24,B05,4,167.0,0.0,False,0,0
2025-11-24,B06,9,618.0,0.0,False,0,0
2025-11-24,B07,45,1430.0,5189.0,False,0,0
2025-11-24,B08,19,1064.0,1918.0,False,0,0
2025-11-24,B09,10,498.0,665.0,True,0,0
2025-11-24,B10,0,138.0,0.0,False,0,0
2025-11-24,B11,10,111.0,976.0,False,0,0
2025-11-24,B12,7,1669.0,0.0,False,0,0
2025-11-24,C01,0,8.0,49.0,False,0,0
2025-11-24,C02,1,492.0,0.0,False,0,0
2025-11-24,C03,0,42.0,0.0,False,0,0
2025-11-24,C04,1,227.0,0.0,False,0,0
2025-11-24,C05,0,0.0,403.0,False,0,0
2025-11-24,C06,2,429.0,0.0,False,0,0
2025-11-24,C07,3,538.0,0.0,False,0,0
2025-11-24,C08,1,78.0,0.0,False,0,0
2025-11-25,A01,12,2321.0,0.0,False,0,0
2025-11-25,A02,23,4944.0,0.0,False,0,1
2025-11-25,A03,25,1043.0,0.0,False,0,0
2025-11-25,A04,0,483.0,0.0,False,0,0
2025-11-25,A05,42,0.0,7385.0,False,42,0
2025-11-25,A06,23,1672.0,11905.0,False,0,0
2025-11-25,A07,2,689.0,718.0,False,0,0
2025-11-25,A08,2,213.0,0.0,False,0,0
2025-11-25,A09,4,762.0,0.0,False,0,0
2025-11-25,A10,58,11668.3,0.0,False,0,2
2025-11-25,B01,3,451.0,0.0,False,0,0
2025-11-25,B02,0,185.0,1620.0,False,0,0
2025-11-25,B03,0,922.2,0.0,False,0,0
2025-11-25,B04,0,608.3,0.0,False,0,0
2025-11-25,B05,0,167.0,0.0,False,0,0
2025-11-25,B06,11,607.0,0.0,False,0,0
2025-11-25,B07,186,1070.4,5189.0,False,0,0
2025-11-25,B08,62,1002.0,1918.0,False,0,0
2025-11-25,B09,6,492.0,665.0,False,0,0
2025-11-25,B10,3,135.0,0.0,False,0,0
2025-11-25,B11,13,98.0,976.0,False,0,0
2025-11-25,B12,5,1664.0,0.0,False,0,0
2025-11-25,C01,1,7.0,49.0,False,0,0
2025-11-25,C02,2,490.0,0.0,False,0,0
2025-11-25,C03,0,42.0,0.0,False,0,0
2025-11-25,C04,2,225.0,0.0,False,0,0
2025-11-25,C05,0,0.0,403.0,False,0,0
2025-11-25,C06,3,426.0,0.0,False,0,0
2025-11-25,C07,0,538.0,0.0,False,0,0
2025-11-25,C08,4,74.0,0.0,False,0,0
2025-11-26,A01,11,2310.0,0.0,False,0,0
2025-11-26,A02,175,4768.0,0.0,False,0,1
2025-11-26,A03,12,1031.0,0.0,False,0,0
2025-11-26,A04,0,483.0,0.0,False,0,0
2025-11-26,A05,63,0.0,7385.0,False,63,0
2025-11-26,A06,51,1621.0,11905.0,False,0,0
2025-11-26,A07,6,683.0,718.0,False,0,0
2025-11-26,A08,0,213.0,0.0,False,0,0
2025-11-26,A09,10,752.0,0.0,False,0,0
2025-11-26,A10,589,10145.1,0.0,False,0,2
2025-11-26,B01,0,451.0,0.0,False,0,0
2025-11-26,B02,49,136.0,1620.0,False,0,0
2025-11-26,B03,1,851.0,0.0,False,0,0
2025-11-26,B04,0,541.0,0.0,False,0,0
2025-11-26,B05,4,163.0,0.0,False,0,0
2025-11-26,B06,0,607.0,0.0,False,0,0
2025-11-26,B07,25,1219.0,5189.0,False,0,0
2025-11-26,B08,13,989.0,1918.0,False,0,0
2025-11-26,B09,11,481.0,665.0,False,0,0
2025-11-26,B10,1,134.0,0.0,False,0,0
2025-11-26,B11,0,98.0,976.0,False,0,0
2025-11-26,B12,17,1647.0,0.0,False,0,0
2025-11-26,C01,0,7.0,49.0,False,0,0
2025-11-26,C02,19,471.0,0.0,False,0,0
2025-11-26,C03,1,41.0,0.0,False,0,0
2025-11-26,C04,1,224.0,0.0,False,0,0
2025-11-26,C05,1,0.0,403.0,False,1,0
2025-11-26,C06,0,426.0,0.0,False,0,0
2025-11-26,C07,10,528.0,0.0,False,0,0
2025-11-26,C08,0,74.0,0.0,False,0,0
2025-11-27,A01,25,2285.0,0.0,False,0,0
2025-11-27,A02,4,4629.4,0.0,False,0,1
2025-11-27,A03,4,986.1,0.0,False,0,0
2025-11-27,A04,0,483.0,0.0,False,0,0
2025-11-27,A05,106,0.0,7385.0,False,106,0
2025-11-27,A06,96,1525.0,11905.0,False,0,0
2025-11-27,A07,10,747.1,718.0,False,0,0
2025-11-27,A08,22,191.0,0.0,False,0,0
2025-11-27,A09,13,739.0,0.0,False,0,0
2025-11-27,A10,4,10105.0,0.0,False,0,2
2025-11-27,B01,4,447.0,0.0,False,0,0
2025-11-27,B02,7,129.0,1620.0,False,0,0
2025-11-27,B03,2,849.0,0.0,False,0,0
2025-11-27,B04,5,536.0,0.0,False,0,0
2025-11-27,B05,2,161.0,0.0,False,0,0
2025-11-27,B06,34,524.1,0.0,False,0,0
2025-11-27,B07,40,1179.0,5189.0,False,0,0
2025-11-27,B08,55,934.0,1918.0,False,0,0
2025-11-27,B09,1,480.0,665.0,False,0,0
2025-11-27,B10,0,134.0,0.0,False,0,0
2025-11-27,B11,2,96.0,976.0,False,0,0
2025-11-27,B12,92,1555.0,0.0,False,0,0
2025-11-27,C01,0,7.0,49.0,False,0,0
2025-11-27,C02,0,471.0,0.0,False,0,0
2025-11-27,C03,0,41.0,0.0,False,0,0
2025-11-27,C04,0,224.0,0.0,False,0,0
2025-11-27,C05,6,0.0,403.0,False,6,0
2025-11-27,C06,6,420.0,0.0,False,0,0
2025-11-27,C07,8,520.0,0.0,False,0,0
2025-11-27,C08,0,74.0,0.0,False,0,0
2025-11-28,A01,26,2259.0,0.0,False,0,0
2025-11-28,A02,125,4504.9,0.0,False,0,1
2025-11-28,A03,5,1022.0,0.0,False,0,0
2025-11-28,A04,1,482.0,0.0,False,0,0
2025-11-28,A05,98,0.0,7385.0,False,98,0
2025-11-28,A06,4,1591.0,11905.0,False,0,0
2025-11-28,A07,12,661.0,718.0,False,0,0
2025-11-28,A08,0,191.0,0.0,False,0,0
2025-11-28,A09,1,738.0,0.0,False,0,0
2025-11-28,A10,34,10069.0,0.0,False,0,2
2025-11-28,B01,3,444.0,0.0,False,0,0
2025-11-28,B02,13,116.0,1620.0,False,0,0
2025-11-28,B03,3,846.0,0.0,False,0,0
2025-11-28,B04,1,535.0,0.0,False,0,0
2025-11-28,B05,0,161.0,0.0,False,0,0
2025-11-28,B06,28,545.0,0.0,False,0,0
2025-11-28,B07,11,1168.0,5189.0,False,0,0
2025-11-28,B08,5,2846.0,0.0,False,0,1
2025-11-28,B09,3,520.3,665.0,False,0,0
2025-11-28,B10,1,133.0,0.0,False,0,0
2025-11-28,B11,7,89.0,976.0,False,0,0
2025-11-28,B12,14,1320.0,0.0,False,0,0
2025-11-28,C01,1,6.0,73.0,True,0,0
2025-11-28,C02,1,512.4,0.0,False,0,0
2025-11-28,C03,0,41.0,0.0,False,0,0
2025-11-28,C04,0,247.5,0.0,False,0,0
2025-11-28,C05,1,0.0,403.0,False,1,0
2025-11-28,C06,0,429.1,0.0,False,0,0
2025-11-28,C07,1,519.0,0.0,False,0,0
2025-11-28,C08,0,74.0,0.0,False,0,0
2025-11-29,A01,25,2234.0,0.0,False,0,0
2025-11-29,A02,3,4633.0,0.0,False,0,1
2025-11-29,A03,1,1021.0,0.0,False,0,0
2025-11-29,A04,0,482.0,0.0,False,0,0
2025-11-29,A05,30,0.0,7385.0,False,30,0
2025-11-29,A06,6,1515.0,11905.0,False,0,0
2025-11-29,A07,12,649.0,718.0,False,0,0
2025-11-29,A08,27,164.0,0.0,False,0,0
2025-11-29,A09,1,697.0,0.0,False,0,0
2025-11-29,A10,51,10016.0,0.0,False,0,2
2025-11-29,B01,0,444.0,0.0,False,0,0
2025-11-29,B02,18,105.1,1620.0,False,0,0
2025-11-29,B03,15,831.0,0.0,False,0,0
2025-11-29,B04,1,508.2,0.0,False,0,0
2025-11-29,B05,1,160.0,0.0,False,0,0
2025-11-29,B06,13,532.0,0.0,False,0,0
2025-11-29,B07,12,1156.0,5189.0,False,0,0
2025-11-29,B08,0,2845.0,0.0,False,0,1
2025-11-29,B09,2,475.0,665.0,False,0,0
2025-11-29,B10,0,133.0,0.0,False,0,0
2025-11-29,B11,2,94.6,976.0,False,0,0
2025-11-29,B12,28,1513.0,0.0,False,0,0
2025-11-29,C01,5,1.0,73.0,False,0,0
2025-11-29,C02,1,469.0,0.0,False,0,0
2025-11-29,C03,0,41.0,0.0,False,0,0
2025-11-29,C04,1,223.0,0.0,False,0,0
2025-11-29,C05,0,0.0,403.0,False,0,0
2025-11-29,C06,0,420.0,0.0,False,0,0
2025-11-29,C07,2,517.0,0.0,False,0,0
2025-11-29,C08,0,74.0,0.0,False,0,0
2025-11-30,A01,33,2365.7,0.0,False,0,0
2025-11-30,A02,377,4255.0,2393.0,True,0,1
2025-11-30,A03,1,1020.0,0.0,False,0,0
2025-11-30,A04,2,480.0,0.0,False,0,0
2025-11-30,A05,36,0.0,7385.0,False,36,0
2025-11-30,A06,1213,302.0,11905.0,False,0,0
2025-11-30,A07,58,647.0,718.0,False,0,0
2025-11-30,A08,1,163.0,0.0,False,0,0
2025-11-30,A09,5,732.0,0.0,False,0,0
2025-11-30,A10,134,9880.0,0.0,False,0,2
2025-11-30,B01,9,435.0,0.0,False,0,0
2025-11-30,B02,22,76.0,1620.0,False,0,0
2025-11-30,B03,24,807.0,0.0,False,0,0
2025-11-30,B04,25,509.0,0.0,False,0,0
2025-11-30,B05,0,161.6,0.0,False,0,0
2025-11-30,B06,11,503.7,0.0,False,0,0
2025-11-30,B07,260,896.0,5189.0,False,0,0
2025-11-30,B08,25,2819.0,0.0,False,0,1
2025-11-30,B09,32,443.0,665.0,False,0,0
2025-11-30,B10,0,133.0,0.0,False,0,0
2025-11-30,B11,0,87.0,976.0,False,0,0
2025-11-30,B12,12,1501.0,0.0,False,0,0
2025-11-30,C01,1,0.0,73.0,False,0,0
2025-11-30,C02,3,466.0,0.0,False,0,0
2025-11-30,C03,0,41.0,0.0,False,0,0
2025-11-30,C04,4,219.0,0.0,False,0,0
2025-11-30,C05,0,0.0,403.0,False,0,0
2025-11-30,C06,4,416.0,0.0,False,0,0
2025-11-30,C07,4,513.0,0.0,False,0,0
2025-11-30,C08,0,74.0,0.0,False,0,0
2025-12-01,A01,33,2168.0,0.0,False,0,0
2025-12-01,A02,26,4228.0,2393.0,False,0,1
2025-12-01,A03,3,1017.0,0.0,False,0,0
2025-12-01,A04,0,480.0,0.0,False,0,0
2025-12-01,A05,5,0.0,7385.0,False,5,0
2025-12-01,A06,499,0.0,11905.0,False,197,0
2025-12-01,A07,45,546.0,718.0,False,0,0
2025-12-01,A08,1,162.0,0.0,False,0,0
2025-12-01,A09,0,732.0,0.0,False,0,0
2025-12-01,A10,77,9801.0,0.0,False,0,2
2025-12-01,B01,0,435.0,0.0,False,0,0
2025-12-01,B02,0,76.0,1620.0,False,0,0
2025-12-01,B03,0,807.0,0.0,False,0,0
2025-12-01,B04,0,509.0,0.0,False,0,0
2025-12-01,B05,0,160.0,0.0,False,0,0
2025-12-01,B06,4,517.0,0.0,False,0,0
2025-12-01,B07,14,882.0,5189.0,False,0,0
2025-12-01,B08,3,2815.0,0.0,False,0,1
2025-12-01,B09,5,438.0,665.0,False,0,0
2025-12-01,B10,1,132.0,0.0,False,0,0
2025-12-01,B11,1,86.0,976.0,False,0,0
2025-12-01,B12,55,1446.0,0.0,False,0,0
2025-12-01,C01,1,0.0,73.0,False,1,0
2025-12-01,C02,0,466.0,0.0,False,0,0
2025-12-01,C03,0,41.0,0.0,False,0,0
2025-12-01,C04,5,214.0,0.0,False,0,0
2025-12-01,C05,2,0.0,403.0,False,2,0
2025-12-01,C06,12,404.0,0.0,False,0,0
2025-12-01,C07,1,512.0,0.0,False,0,0
2025-12-01,C08,5,69.0,0.0,False,0,0
2025-12-02,A01,20,2148.0,0.0,False,0,0
2025-12-02,A02,18,4661.5,2393.0,False,0,1
2025-12-02,A03,0,1017.0,0.0,False,0,0
2025-12-02,A04,2,478.0,0.0,False,0,0
2025-12-02,A05,5,0.0,7385.0,False,5,0
2025-12-02,A06,245,0.0,11905.0,False,245,0
2025-12-02,A07,27,558.2,718.0,False,0,0
2025-12-02,A08,2,160.0,0.0,False,0,0
2025-12-02,A09,1,731.0,0.0,False,0,0
2025-12-02,A10,142,9657.0,0.0,False,0,2
2025-12-02,B01,7,428.0,0.0,False,0,0
2025-12-02,B02,1,75.0,1620.0,False,0,0
2025-12-02,B03,0,807.0,0.0,False,0,0
2025-12-02,B04,5,504.0,0.0,False,0,0
2025-12-02,B05,1,159.0,0.0,False,0,0
2025-12-02,B06,8,509.0,0.0,False,0,0
2025-12-02,B07,51,831.0,5189.0,False,0,0
2025-12-02,B08,0,2814.0,0.0,False,0,1
2025-12-02,B09,8,430.0,665.0,False,0,0
2025-12-02,B10,0,132.0,0.0,False,0,0
2025-12-02,B11,2,84.0,976.0,False,0,0
2025-12-02,B12,26,1420.0,0.0,False,0,0
2025-12-02,C01,1,24.0,48.0,False,0,0
2025-12-02,C02,2,402.4,0.0,False,0,0
2025-12-02,C03,0,41.0,0.0,False,0,0
2025-12-02,C04,0,214.0,0.0,False,0,0
2025-12-02,C05,1,0.0,403.0,False,1,0
2025-12-02,C06,0,404.0,0.0,False,0,0
2025-12-02,C07,4,508.0,0.0,False,0,0
2025-12-02,C08,1,71.6,0.0,False,0,0
2025-12-03,A01,17,2113.3,0.0,False,0,0
2025-12-03,A02,36,4172.0,2393.0,False,0,1
2025-12-03,A03,5,1012.0,0.0,False,0,0
2025-12-03,A04,0,478.0,0.0,False,0,0
2025-12-03,A05,0,0.0,7385.0,False,0,0
2025-12-03,A06,468,0.0,11905.0,False,468,0
2025-12-03,A07,10,509.0,718.0,False,0,0
2025-12-03,A08,3,157.0,0.0,False,0,0
2025-12-03,A09,0,731.0,0.0,False,0,0
2025-12-03,A10,244,9470.8,0.0,False,0,2
2025-12-03,B01,1,427.0,0.0,False,0,0
2025-12-03,B02,12,63.0,1620.0,False,0,0
2025-12-03,B03,3,804.0,0.0,False,0,0
2025-12-03,B04,12,492.0,0.0,False,0,0
2025-12-03,B05,2,157.0,0.0,False,0,0
2025-12-03,B06,122,387.0,0.0,False,0,0
2025-12-03,B07,3,828.0,5189.0,False,0,0
2025-12-03,B08,47,2766.0,0.0,False,0,1
2025-12-03,B09,1,442.7,665.0,False,0,0
2025-12-03,B10,2,130.0,0.0,False,0,0
2025-12-03,B11,7,77.0,976.0,False,0,0
2025-12-03,B12,10,1410.0,0.0,False,0,0
2025-12-03,C01,4,17.2,48.0,False,0,0
2025-12-03,C02,24,440.0,0.0,False,0,0
2025-12-03,C03,0,41.0,0.0,False,0,0
2025-12-03,C04,1,213.0,0.0,False,0,0
2025-12-03,C05,0,0.0,403.0,False,0,0
2025-12-03,C06,2,402.0,0.0,False,0,0
2025-12-03,C07,1,507.0,0.0,False,0,0
2025-12-03,C08,2,66.0,0.0,False,0,0
2025-12-04,A01,22,2332.6,0.0,False,0,0
2025-12-04,A02,121,4050.0,2393.0,False,0,1
2025-12-04,A03,22,990.0,0.0,False,0,0
2025-12-04,A04,1,477.0,0.0,False,0,0
2025-12-04,A05,52,0.0,7385.0,False,52,0
2025-12-04,A06,379,0.0,11905.0,False,379,0
2025-12-04,A07,41,468.0,718.0,False,0,0
2025-12-04,A08,14,143.0,0.0,False,0,0
2025-12-04,A09,23,708.0,0.0,False,0,0
2025-12-04,A10,215,9194.0,0.0,False,0,2
2025-12-04,B01,1,426.0,0.0,False,0,0
2025-12-04,B02,8,55.0,1620.0,False,0,0
2025-12-04,B03,18,786.0,0.0,False,0,0
2025-12-04,B04,3,489.0,0.0,False,0,0
2025-12-04,B05,1,156.0,0.0,False,0,0
2025-12-04,B06,0,387.0,0.0,False,0,0
2025-12-04,B07,75,753.0,5189.0,False,0,0
2025-12-04,B08,33,2732.0,0.0,False,0,1
2025-12-04,B09,1,456.5,665.0,False,0,0
2025-12-04,B10,2,128.0,0.0,False,0,0
2025-12-04,B11,3,74.0,976.0,False,0,0
2025-12-04,B12,0,1410.0,0.0,False,0,0
2025-12-04,C01,0,20.0,48.0,False,0,0
2025-12-04,C02,3,437.0,0.0,False,0,0
2025-12-04,C03,0,41.0,0.0,False,0,0
2025-12-04,C04,6,207.0,0.0,False,0,0
2025-12-04,C05,2,424.6,0.0,False,0,0
2025-12-04,C06,4,398.0,0.0,False,0,0
2025-12-04,C07,0,507.0,0.0,False,0,0
2025-12-04,C08,0,66.0,0.0,False,0,0
2025-12-05,A01,8,2101.0,0.0,False,0,0
2025-12-05,A02,35,4014.0,2393.0,False,0,1
2025-12-05,A03,7,983.0,0.0,False,0,0
2025-12-05,A04,2,467.6,0.0,False,0,0
2025-12-05,A05,8,0.0,7385.0,False,8,0
2025-12-05,A06,168,0.0,11905.0,False,168,0
2025-12-05,A07,4,464.0,718.0,False,0,0
2025-12-05,A08,0,143.0,0.0,False,0,0
2025-12-05,A09,4,704.0,0.0,False,0,0
2025-12-05,A10,160,7817.2,8132.0,True,0,2
2025-12-05,B01,6,420.0,0.0,False,0,0
2025-12-05,B02,7,48.0,1620.0,False,0,0
2025-12-05,B03,22,764.0,0.0,False,0,0
2025-12-05,B04,1,488.0,0.0,False,0,0
2025-12-05,B05,1,155.0,0.0,False,0,0
2025-12-05,B06,35,352.0,0.0,False,0,0
2025-12-05,B07,5,748.0,5189.0,False,0,0
2025-12-05,B08,20,2711.0,0.0,False,0,1
2025-12-05,B09,4,424.0,665.0,False,0,0
2025-12-05,B10,15,113.0,0.0,False,0,0
2025-12-05,B11,2,72.0,976.0,False,0,0
2025-12-05,B12,0,1387.7,0.0,False,0,0
2025-12-05,C01,1,21.5,48.0,False,0,0
2025-12-05,C02,4,433.0,0.0,False,0,0
2025-12-05,C03,0,41.0,0.0,False,0,0
2025-12-05,C04,0,207.0,0.0,False,0,0
2025-12-05,C05,4,397.0,0.0,False,0,0
2025-12-05,C06,0,398.0,0.0,False,0,0
2025-12-05,C07,10,560.5,0.0,False,0,0
2025-12-05,C08,1,65.0,0.0,False,0,0
2025-12-06,A01,19,2082.0,0.0,False,0,0
2025-12-06,A02,2,4011.0,2393.0,False,0,1
2025-12-06,A03,13,970.0,0.0,False,0,0
2025-12-06,A04,14,461.0,0.0,False,0,0
2025-12-06,A05,5,0.0,7385.0,False,5,0
2025-12-06,A06,42,0.0,11905.0,False,42,0
2025-12-06,A07,0,464.0,718.0,False,0,0
2025-12-06,A08,21,122.0,0.0,False,0,0
2025-12-06,A09,22,682.0,0.0,False,0,0
2025-12-06,A10,44,8986.0,8132.0,False,0,2
2025-12-06,B01,4,416.0,0.0,False,0,0
2025-12-06,B02,12,36.0,1620.0,False,0,0
2025-12-06,B03,0,808.5,0.0,False,0,0
2025-12-06,B04,1,487.0,0.0,False,0,0
2025-12-06,B05,1,154.0,0.0,False,0,0
2025-12-06,B06,2,350.0,0.0,False,0,0
2025-12-06,B07,368,380.0,5189.0,False,0,0
2025-12-06,B08,5,3055.1,0.0,False,0,1
2025-12-06,B09,0,424.0,665.0,False,0,0
2025-12-06,B10,0,113.0,0.0,False,0,0
2025-12-06,B11,6,66.0,976.0,False,0,0
2025-12-06,B12,11,1336.8,0.0,False,0,0
2025-12-06,C01,0,19.0,48.0,False,0,0
2025-12-06,C02,39,426.3,0.0,False,0,0
2025-12-06,C03,0,35.1,0.0,False,0,0
2025-12-06,C04,0,181.6,465.0,True,0,0
2025-12-06,C05,2,395.0,0.0,False,0,0
2025-12-06,C06,1,438.0,0.0,False,0,0
2025-12-06,C07,13,484.0,0.0,False,0,0
2025-12-06,C08,1,64.0,0.0,False,0,0
2025-12-07,A01,3,2079.0,0.0,False,0,0
2025-12-07,A02,66,3944.0,2393.0,False,0,1
2025-12-07,A03,3,1003.2,0.0,False,0,0
2025-12-07,A04,6,455.0,0.0,False,0,0
2025-12-07,A05,29,0.0,7385.0,False,29,0
2025-12-07,A06,155,0.0,11905.0,False,155,0
2025-12-07,A07,1,427.5,718.0,False,0,0
2025-12-07,A08,28,94.0,333.0,True,0,0
2025-12-07,A09,1,681.0,0.0,False,0,0
2025-12-07,A10,95,8889.0,8132.0,False,0,2
2025-12-07,B01,7,458.1,0.0,False,0,0
2025-12-07,B02,116,0.0,1620.0,False,80,0
2025-12-07,B03,0,764.0,0.0,False,0,0
2025-12-07,B04,0,487.0,0.0,False,0,0
2025-12-07,B05,0,154.0,0.0,False,0,0
2025-12-07,B06,9,341.0,0.0,False,0,0
2025-12-07,B07,93,287.0,5189.0,False,0,0
2025-12-07,B08,69,2635.0,0.0,False,0,1
2025-12-07,B09,2,422.0,665.0,False,0,0
2025-12-07,B10,0,113.0,0.0,False,0,0
2025-12-07,B11,10,56.0,976.0,False,0,0
2025-12-07,B12,0,1399.0,0.0,False,0,0
2025-12-07,C01,0,19.0,48.0,False,0,0
2025-12-07,C02,0,411.6,0.0,False,0,0
2025-12-07,C03,1,40.0,0.0,False,0,0
2025-12-07,C04,0,207.0,465.0,False,0,0
2025-12-07,C05,1,394.0,0.0,False,0,0
2025-12-07,C06,0,397.0,0.0,False,0,0
2025-12-07,C07,0,484.0,0.0,False,0,0
2025-12-07,C08,0,64.0,0.0,False,0,0
2025-12-08,A01,88,1991.0,0.0,False,0,0
2025-12-08,A02,6,3937.0,2393.0,False,0,1
2025-12-08,A03,2,965.0,0.0,False,0,0
2025-12-08,A04,10,445.0,0.0,False,0,0
2025-12-08,A05,147,0.0,7385.0,False,147,0
2025-12-08,A06,28,0.0,11905.0,False,28,0
2025-12-08,A07,3,460.0,718.0,False,0,0
2025-12-08,A08,13,81.0,333.0,False,0,0
2025-12-08,A09,9,672.0,0.0,False,0,0
2025-12-08,A10,89,8798.0,8132.0,False,0,2
2025-12-08,B01,8,401.0,0.0,False,0,0
2025-12-08,B02,5,0.0,1620.0,False,5,0
2025-12-08,B03,4,797.3,0.0,False,0,0
2025-12-08,B04,1,486.0,0.0,False,0,0
2025-12-08,B05,0,154.0,0.0,False,0,0
2025-12-08,B06,6,335.0,0.0,False,0,0
2025-12-08,B07,47,240.0,10127.0,True,0,0
2025-12-08,B08,8,2626.0,0.0,False,0,1
2025-12-08,B09,15,407.0,665.0,False,0,0
2025-12-08,B10,1,112.0,0.0,False,0,0
2025-12-08,B11,1,55.0,976.0,False,0,0
2025-12-08,B12,1,1398.0,0.0,False,0,0
2025-12-08,C01,0,19.0,48.0,False,0,0
2025-12-08,C02,8,386.0,0.0,False,0,0
2025-12-08,C03,2,38.0,0.0,False,0,0
2025-12-08,C04,0,207.0,465.0,False,0,0
2025-12-08,C05,0,394.0,0.0,False,0,0
2025-12-08,C06,1,404.5,0.0,False,0,0
2025-12-08,C07,1,483.0,0.0,False,0,0
2025-12-08,C08,0,64.0,0.0,False,0,0
2025-12-09,A01,65,1926.0,1077.0,True,0,0
2025-12-09,A02,11,3925.0,2393.0,False,0,1
2025-12-09,A03,30,816.1,0.0,False,0,0
2025-12-09,A04,8,437.0,0.0,False,0,0
2025-12-09,A05,0,3787.9,3635.0,False,0,1
2025-12-09,A06,209,0.0,11905.0,False,209,0
2025-12-09,A07,8,452.0,718.0,False,0,0
2025-12-09,A08,0,81.0,333.0,False,0,0
2025-12-09,A09,9,663.0,0.0,False,0,0
2025-12-09,A10,49,8747.0,8132.0,False,0,2
2025-12-09,B01,1,400.0,0.0,False,0,0
2025-12-09,B02,6,0.0,1620.0,False,6,0
2025-12-09,B03,0,760.0,0.0,False,0,0
2025-12-09,B04,0,423.4,0.0,False,0,0
2025-12-09,B05,2,152.0,0.0,False,0,0
2025-12-09,B06,0,335.0,0.0,False,0,0
2025-12-09,B07,10,230.0,10127.0,False,0,0
2025-12-09,B08,4,2621.0,0.0,False,0,1
2025-12-09,B09,2,405.0,665.0,False,0,0
2025-12-09,B10,4,108.0,0.0,False,0,0
2025-12-09,B11,6,49.0,976.0,False,0,0
2025-12-09,B12,2,1396.0,0.0,False,0,0
2025-12-09,C01,0,19.0,48.0,False,0,0
2025-12-09,C02,3,383.0,0.0,False,0,0
2025-12-09,C03,0,38.0,0.0,False,0,0
2025-12-09,C04,8,194.3,465.0,False,0,0
2025-12-09,C05,0,394.0,0.0,False,0,0
2025-12-09,C06,1,395.0,0.0,False,0,0
2025-12-09,C07,2,481.0,0.0,False,0,0
2025-12-09,C08,1,63.0,0.0,False,0,0
2025-12-10,A01,17,1909.0,1077.0,False,0,0
2025-12-10,A02,168,3756.0,2393.0,False,0,1
2025-12-10,A03,22,913.0,0.0,False,0,0
2025-12-10,A04,1,436.0,0.0,False,0,0
2025-12-10,A05,77,3671.0,3635.0,False,0,1
2025-12-10,A06,46,0.0,11905.0,False,46,0
2025-12-10,A07,4,448.0,718.0,False,0,0
2025-12-10,A08,7,74.0,333.0,False,0,0
2025-12-10,A09,0,663.0,0.0,False,0,0
2025-12-10,A10,91,8654.0,8132.0,False,0,2
2025-12-10,B01,0,400.0,0.0,False,0,0
2025-12-10,B02,10,0.0,1620.0,False,10,0
2025-12-10,B03,1,759.0,0.0,False,0,0
2025-12-10,B04,6,480.0,0.0,False,0,0
2025-12-10,B05,0,152.0,0.0,False,0,0
2025-12-10,B06,2,360.6,0.0,False,0,0
2025-12-10,B07,2,228.0,10127.0,False,0,0
2025-12-10,B08,74,2546.0,0.0,False,0,1
2025-12-10,B09,14,391.0,665.0,False,0,0
2025-12-10,B10,3,91.4,0.0,False,0,0
2025-12-10,B11,1,48.0,976.0,False,0,0
2025-12-10,B12,2,1394.0,0.0,False,0,0
2025-12-10,C01,0,19.0,48.0,False,0,0
2025-12-10,C02,0,383.0,0.0,False,0,0
2025-12-10,C03,0,38.0,0.0,False,0,0
2025-12-10,C04,0,199.0,465.0,False,0,0
2025-12-10,C05,1,393.0,0.0,False,0,0
2025-12-10,C06,0,395.0,0.0,False,0,0
2025-12-10,C07,1,480.0,0.0,False,0,0
2025-12-10,C08,0,63.0,0.0,False,0,0
2025-12-11,A01,92,2078.0,1077.0,False,0,0
2025-12-11,A02,8,3747.0,2393.0,False,0,1
2025-12-11,A03,9,904.0,0.0,False,0,0
2025-12-11,A04,2,434.0,0.0,False,0,0
2025-12-11,A05,25,3428.0,3635.0,False,0,1
2025-12-11,A06,33,0.0,11905.0,False,33,0
2025-12-11,A07,3,475.5,718.0,False,0,0
2025-12-11,A08,24,50.0,333.0,False,0,0
2025-12-11,A09,5,658.0,0.0,False,0,0
2025-12-11,A10,129,8523.0,8132.0,False,0,2
2025-12-11,B01,0,400.0,0.0,False,0,0
2025-12-11,B02,6,0.0,1620.0,False,6,0
2025-12-11,B03,0,747.3,0.0,False,0,0
2025-12-11,B04,1,514.6,0.0,False,0,0
2025-12-11,B05,2,150.0,0.0,False,0,0
2025-12-11,B06,12,321.0,0.0,False,0,0
2025-12-11,B07,52,176.0,10127.0,False,0,0
2025-12-11,B08,15,2530.0,0.0,False,0,1
2025-12-11,B09,2,389.0,665.0,False,0,0
2025-12-11,B10,1,104.0,0.0,False,0,0
2025-12-11,B11,6,42.0,976.0,False,0,0
2025-12-11,B12,12,1382.0,0.0,False,0,0
2025-12-11,C01,1,18.0,48.0,False,0,0
2025-12-11,C02,2,431.5,0.0,False,0,0
2025-12-11,C03,0,38.0,0.0,False,0,0
2025-12-11,C04,0,199.0,465.0,False,0,0
2025-12-11,C05,2,391.0,0.0,False,0,0
2025-12-11,C06,1,394.0,0.0,False,0,0
2025-12-11,C07,3,477.0,0.0,False,0,0
2025-12-11,C08,0,63.0,0.0,False,0,0
2025-12-12,A01,2,1815.0,1077.0,False,0,0
2025-12-12,A02,239,3305.6,2393.0,False,0,1
2025-12-12,A03,56,848.0,0.0,False,0,0
2025-12-12,A04,0,452.7,0.0,False,0,0
2025-12-12,A05,7,3637.0,3635.0,False,0,1
2025-12-12,A06,235,0.0,11905.0,False,235,0
2025-12-12,A07,14,431.0,718.0,False,0,0
2025-12-12,A08,2,48.0,333.0,False,0,0
2025-12-12,A09,0,658.0,0.0,False,0,0
2025-12-12,A10,330,7271.6,8132.0,False,0,2
2025-12-12,B01,2,398.0,0.0,False,0,0
2025-12-12,B02,9,0.0,1620.0,False,9,0
2025-12-12,B03,6,783.2,0.0,False,0,0
2025-12-12,B04,1,478.0,0.0,False,0,0
2025-12-12,B05,1,149.0,0.0,False,0,0
2025-12-12,B06,0,321.0,0.0,False,0,0
2025-12-12,B07,94,82.0,10127.0,False,0,0
2025-12-12,B08,0,2529.0,0.0,False,0,1
2025-12-12,B09,10,379.0,665.0,False,0,0
2025-12-12,B10,2,102.0,0.0,False,0,0
2025-12-12,B11,1,41.0,976.0,False,0,0
2025-12-12,B12,0,1382.0,0.0,False,0,0
2025-12-12,C01,0,18.0,48.0,False,0,0
2025-12-12,C02,3,378.0,0.0,False,0,0
2025-12-12,C03,0,38.0,0.0,False,0,0
2025-12-12,C04,2,197.0,465.0,False,0,0
2025-12-12,C05,1,390.0,0.0,False,0,0
2025-12-12,C06,0,394.0,0.0,False,0,0
2025-12-12,C07,0,477.0,0.0,False,0,0
2025-12-12,C08,1,62.0,0.0,False,0,0
2025-12-13,A01,40,1775.0,1077.0,False,0,0
2025-12-13,A02,134,3028.7,2393.0,False,0,1
2025-12-13,A03,1,847.0,0.0,False,0,0
2025-12-13,A04,0,434.0,0.0,False,0,0
2025-12-13,A05,40,3596.0,3635.0,False,0,1
2025-12-13,A06,18,0.0,11905.0,False,18,0
2025-12-13,A07,2,429.0,718.0,False,0,0
2025-12-13,A08,4,44.0,333.0,False,0,0
2025-12-13,A09,1,657.0,0.0,False,0,0
2025-12-13,A10,76,8113.0,8132.0,False,0,2
2025-12-13,B01,1,397.0,0.0,False,0,0
2025-12-13,B02,1,0.0,1620.0,False,1,0
2025-12-13,B03,7,746.0,0.0,False,0,0
2025-12-13,B04,2,476.0,0.0,False,0,0
2025-12-13,B05,0,149.0,0.0,False,0,0
2025-12-13,B06,1,320.0,0.0,False,0,0
2025-12-13,B07,5,77.0,10127.0,False,0,0
2025-12-13,B08,7,2521.0,0.0,False,0,1
2025-12-13,B09,6,340.0,665.0,False,0,0
2025-12-13,B10,0,102.0,0.0,False,0,0
2025-12-13,B11,2,39.0,976.0,False,0,0
2025-12-13,B12,23,1359.0,0.0,False,0,0
2025-12-13,C01,6,12.0,48.0,False,0,0
2025-12-13,C02,19,359.0,0.0,False,0,0
2025-12-13,C03,0,38.0,0.0,False,0,0
2025-12-13,C04,1,196.0,465.0,False,0,0
2025-12-13,C05,0,390.0,0.0,False,0,0
2025-12-13,C06,2,392.0,0.0,False,0,0
2025-12-13,C07,6,471.0,0.0,False,0,0
2025-12-13,C08,2,60.0,0.0,False,0,0
2025-12-14,A01,44,1731.0,1077.0,False,0,0
2025-12-14,A02,13,3358.0,2393.0,False,0,1
2025-12-14,A03,1,846.0,0.0,False,0,0
2025-12-14,A04,1,433.0,0.0,False,0,0
2025-12-14,A05,1,3594.0,3635.0,False,0,1
2025-12-14,A06,129,0.0,11905.0,False,129,0
2025-12-14,A07,2,427.0,718.0,False,0,0
2025-12-14,A08,0,44.0,333.0,False,0,0
2025-12-14,A09,0,657.0,0.0,False,0,0
2025-12-14,A10,22,7064.1,8132.0,False,0,2
2025-12-14,B01,0,397.0,0.0,False,0,0
2025-12-14,B02,10,0.0,1620.0,False,10,0
2025-12-14,B03,1,745.0,0.0,False,0,0
2025-12-14,B04,1,475.0,0.0,False,0,0
2025-12-14,B05,0,149.0,0.0,False,0,0
2025-12-14,B06,0,320.0,0.0,False,0,0
2025-12-14,B07,10,67.0,10127.0,False,0,0
2025-12-14,B08,10,2510.0,0.0,False,0,1
2025-12-14,B09,3,370.0,665.0,False,0,0
2025-12-14,B10,0,102.0,0.0,False,0,0
2025-12-14,B11,0,39.0,976.0,False,0,0
2025-12-14,B12,4,1355.0,0.0,False,0,0
2025-12-14,C01,3,9.7,48.0,False,0,0
2025-12-14,C02,6,321.9,0.0,False,0,0
2025-12-14,C03,0,38.0,0.0,False,0,0
2025-12-14,C04,7,161.7,465.0,False,0,0
2025-12-14,C05,0,390.0,0.0,False,0,0
2025-12-14,C06,1,391.0,0.0,False,0,0
2025-12-14,C07,2,469.0,0.0,False,0,0
2025-12-14,C08,1,59.0,0.0,False,0,0
2025-12-15,A01,8,1723.0,1077.0,False,0,0
2025-12-15,A02,0,3357.0,2393.0,False,0,1
2025-12-15,A03,1,845.0,0.0,False,0,0
2025-12-15,A04,2,431.0,0.0,False,0,0
2025-12-15,A05,218,3375.0,3635.0,False,0,1
2025-12-15,A06,35,0.0,11905.0,False,35,0
2025-12-15,A07,4,423.0,718.0,False,0,0
2025-12-15,A08,3,41.0,333.0,False,0,0
2025-12-15,A09,6,651.0,0.0,False,0,0
2025-12-15,A10,64,8023.0,8132.0,False,0,2
2025-12-15,B01,0,397.0,0.0,False,0,0
2025-12-15,B02,9,0.0,1620.0,False,9,0
2025-12-15,B03,12,733.0,0.0,False,0,0
2025-12-15,B04,0,475.0,0.0,False,0,0
2025-12-15,B05,1,148.0,0.0,False,0,0
2025-12-15,B06,33,287.0,1173.0,True,0,0
2025-12-15,B07,60,7.0,10127.0,False,0,0
2025-12-15,B08,25,2484.0,0.0,False,0,1
2025-12-15,B09,3,367.0,665.0,False,0,0
2025-12-15,B10,0,102.0,0.0,False,0,0
2025-12-15,B11,2,37.0,976.0,False,0,0
2025-12-15,B12,33,1322.0,0.0,False,0,0
2025-12-15,C01,4,5.0,74.0,True,0,0
2025-12-15,C02,0,353.0,0.0,False,0,0
2025-12-15,C03,0,38.0,0.0,False,0,0
2025-12-15,C04,1,188.0,465.0,False,0,0
2025-12-15,C05,2,388.0,0.0,False,0,0
2025-12-15,C06,0,391.0,0.0,False,0,0
2025-12-15,C07,0,469.0,0.0,False,0,0
2025-12-15,C08,0,50.2,0.0,False,0,0
2025-12-16,A01,44,1679.0,1077.0,False,0,0
2025-12-16,A02,81,3275.0,2393.0,False,0,1
2025-12-16,A03,0,845.0,0.0,False,0,0
2025-12-16,A04,0,431.0,0.0,False,0,0
2025-12-16,A05,109,3265.0,3635.0,False,0,1
2025-12-16,A06,58,0.0,11905.0,False,58,0
2025-12-16,A07,1,404.1,718.0,False,0,0
2025-12-16,A08,0,44.5,333.0,False,0,0
2025-12-16,A09,6,645.0,0.0,False,0,0
2025-12-16,A10,42,7979.0,8132.0,False,0,2
2025-12-16,B01,3,394.0,0.0,False,0,0
2025-12-16,B02,2,0.0,1620.0,False,2,0
2025-12-16,B03,2,731.0,0.0,False,0,0
2025-12-16,B04,0,475.0,0.0,False,0,0
2025-12-16,B05,0,148.0,0.0,False,0,0
2025-12-16,B06,0,287.0,1173.0,False,0,0
2025-12-16,B07,95,0.0,10127.0,False,88,0
2025-12-16,B08,2,2481.0,0.0,False,0,1
2025-12-16,B09,7,342.9,665.0,False,0,0
2025-12-16,B10,0,102.0,0.0,False,0,0
2025-12-16,B11,10,27.0,976.0,False,0,0
2025-12-16,B12,21,1412.2,0.0,False,0,0
2025-12-16,C01,0,5.0,74.0,False,0,0
2025-12-16,C02,1,352.0,0.0,False,0,0
2025-12-16,C03,0,38.0,0.0,False,0,0
2025-12-16,C04,0,210.2,465.0,False,0,0
2025-12-16,C05,2,386.0,0.0,False,0,0
2025-12-16,C06,1,390.0,0.0,False,0,0
2025-12-16,C07,1,468.0,0.0,False,0,0
2025-12-16,C08,1,58.0,0.0,False,0,0
2025-12-17,A01,23,1656.0,1077.0,False,0,0
2025-12-17,A02,82,3192.0,2393.0,False,0,1
2025-12-17,A03,2,843.0,0.0,False,0,0
2025-12-17,A04,4,427.0,0.0,False,0,0
2025-12-17,A05,32,3232.0,3635.0,False,0,1
2025-12-17,A06,115,0.0,11905.0,False,115,0
2025-12-17,A07,28,394.0,718.0,False,0,0
2025-12-17,A08,3,38.0,333.0,False,0,0
2025-12-17,A09,0,645.0,0.0,False,0,0
2025-12-17,A10,4,8633.8,8132.0,False,0,2
2025-12-17,B01,2,392.0,0.0,False,0,0
2025-12-17,B02,35,0.0,1620.0,False,35,0
2025-12-17,B03,0,731.0,0.0,False,0,0
2025-12-17,B04,3,472.0,0.0,False,0,0
2025-12-17,B05,1,147.0,0.0,False,0,0
2025-12-17,B06,28,259.0,1173.0,False,0,0
2025-12-17,B07,107,0.0,10127.0,False,107,0
2025-12-17,B08,1,2479.0,0.0,False,0,1
2025-12-17,B09,5,355.0,665.0,False,0,0
2025-12-17,B10,0,102.0,0.0,False,0,0
2025-12-17,B11,3,24.0,976.0,False,0,0
2025-12-17,B12,104,1197.0,0.0,False,0,0
2025-12-17,C01,4,1.0,74.0,False,0,0
2025-12-17,C02,13,339.0,0.0,False,0,0
2025-12-17,C03,0,38.0,0.0,False,0,0
2025-12-17,C04,0,188.0,465.0,False,0,0
2025-12-17,C05,13,373.0,0.0,False,0,0
2025-12-17,C06,0,390.0,0.0,False,0,0
2025-12-17,C07,0,468.0,0.0,False,0,0
2025-12-17,C08,1,57.0,0.0,False,0,0
2025-12-18,A01,11,1645.0,1077.0,False,0,0
2025-12-18,A02,103,3088.0,2393.0,False,0,1
2025-12-18,A03,1,842.0,0.0,False,0,0
2025-12-18,A04,1,425.4,0.0,False,0,0
2025-12-18,A05,30,3201.0,3635.0,False,0,1
2025-12-18,A06,57,0.0,11905.0,False,57,0
2025-12-18,A07,48,346.0,718.0,False,0,0
2025-12-18,A08,2,36.0,333.0,False,0,0
2025-12-18,A09,0,645.0,0.0,False,0,0
2025-12-18,A10,3,8995.6,8132.0,False,0,2
2025-12-18,B01,0,392.0,0.0,False,0,0
2025-12-18,B02,23,1366.3,0.0,False,0,0
2025-12-18,B03,3,728.0,0.0,False,0,0
2025-12-18,B04,9,463.0,0.0,False,0,0
2025-12-18,B05,0,147.0,0.0,False,0,0
2025-12-18,B06,5,254.0,1173.0,False,0,0
2025-12-18,B07,1,0.0,10127.0,False,1,0
2025-12-18,B08,3,2475.0,0.0,False,0,1
2025-12-18,B09,19,336.0,665.0,False,0,0
2025-12-18,B10,1,101.0,0.0,False,0,0
2025-12-18,B11,0,24.0,976.0,False,0,0
2025-12-18,B12,10,1187.0,0.0,False,0,0
2025-12-18,C01,0,1.0,74.0,False,0,0
2025-12-18,C02,4,335.0,0.0,False,0,0
2025-12-18,C03,0,38.0,0.0,False,0,0
2025-12-18,C04,3,185.0,465.0,False,0,0
2025-12-18,C05,5,368.0,0.0,False,0,0
2025-12-18,C06,1,389.0,0.0,False,0,0
2025-12-18,C07,4,464.0,0.0,False,0,0
2025-12-18,C08,0,57.0,0.0,False,0,0
2025-12-19,A01,3,1608.9,1077.0,False,0,0
2025-12-19,A02,141,2946.0,2393.0,False,0,1
2025-12-19,A03,15,827.0,0.0,False,0,0
2025-12-19,A04,0,426.0,0.0,False,0,0
2025-12-19,A05,15,3185.0,3635.0,False,0,1
2025-12-19,A06,62,0.0,11905.0,False,62,0
2025-12-19,A07,25,321.0,718.0,False,0,0
2025-12-19,A08,7,29.0,333.0,False,0,0
2025-12-19,A09,24,621.0,0.0,False,0,0
2025-12-19,A10,186,7780.0,8132.0,False,0,2
2025-12-19,B01,8,384.0,0.0,False,0,0
2025-12-19,B02,7,1590.0,0.0,False,0,0
2025-12-19,B03,9,719.0,0.0,False,0,0
2025-12-19,B04,7,456.0,0.0,False,0,0
2025-12-19,B05,0,147.0,0.0,False,0,0
2025-12-19,B06,26,228.0,1173.0,False,0,0
2025-12-19,B07,173,0.0,10127.0,False,173,0
2025-12-19,B08,2,2472.0,0.0,False,0,1
2025-12-19,B09,0,336.0,665.0,False,0,0
2025-12-19,B10,1,94.9,0.0,False,0,0
2025-12-19,B11,2,998.0,0.0,False,0,0
2025-12-19,B12,29,1177.0,0.0,False,0,0
2025-12-19,C01,0,1.0,74.0,False,0,0
2025-12-19,C02,3,332.0,0.0,False,0,0
2025-12-19,C03,0,38.0,0.0,False,0,0
2025-12-19,C04,0,185.0,465.0,False,0,0
2025-12-19,C05,0,368.0,0.0,False,0,0
2025-12-19,C06,7,382.0,0.0,False,0,0
2025-12-19,C07,3,461.0,0.0,False,0,0
2025-12-19,C08,0,57.0,0.0,False,0,0
2025-12-20,A01,8,1634.0,1077.0,False,0,0
2025-12-20,A02,83,2862.0,2393.0,False,0,1
2025-12-20,A03,6,821.0,0.0,False,0,0
2025-12-20,A04,3,423.0,0.0,False,0,0
2025-12-20,A05,0,3294.8,3635.0,False,0,1
2025-12-20,A06,25,0.0,11905.0,False,25,0
2025-12-20,A07,10,311.0,718.0,False,0,0
2025-12-20,A08,0,29.0,333.0,False,0,0
2025-12-20,A09,0,621.0,0.0,False,0,0
2025-12-20,A10,194,7584.0,8132.0,False,0,2
2025-12-20,B01,8,376.0,0.0,False,0,0
2025-12-20,B02,1,1589.0,0.0,False,0,0
2025-12-20,B03,0,719.0,0.0,False,0,0
2025-12-20,B04,5,455.0,0.0,False,0,0
2025-12-20,B05,3,144.0,0.0,False,0,0
2025-12-20,B06,2,226.0,1173.0,False,0,0
2025-12-20,B07,29,0.0,10127.0,False,29,0
2025-12-20,B08,17,2454.0,0.0,False,0,1
2025-12-20,B09,9,343.8,665.0,False,0,0
2025-12-20,B10,0,100.0,0.0,False,0,0
2025-12-20,B11,38,960.0,0.0,False,0,0
2025-12-20,B12,24,1134.0,0.0,False,0,0
2025-12-20,C01,0,1.0,74.0,False,0,0
2025-12-20,C02,6,326.0,0.0,False,0,0
2025-12-20,C03,0,38.0,0.0,False,0,0
2025-12-20,C04,0,185.0,465.0,False,0,0
2025-12-20,C05,5,363.0,0.0,False,0,0
2025-12-20,C06,1,381.0,0.0,False,0,0
2025-12-20,C07,0,461.0,0.0,False,0,0
2025-12-20,C08,0,57.0,0.0,False,0,0
2025-12-21,A01,24,1610.0,1077.0,False,0,0
2025-12-21,A02,44,2817.0,2393.0,False,0,1
2025-12-21,A03,1,820.0,0.0,False,0,0
2025-12-21,A04,5,418.0,0.0,False,0,0
2025-12-21,A05,75,3108.0,3635.0,False,0,1
2025-12-21,A06,134,0.0,11905.0,False,134,0
2025-12-21,A07,8,310.6,718.0,False,0,0
2025-12-21,A08,2,27.0,333.0,False,0,0
2025-12-21,A09,0,621.0,0.0,False,0,0
2025-12-21,A10,25,7557.0,8132.0,False,0,2
2025-12-21,B01,7,377.7,0.0,False,0,0
2025-12-21,B02,10,1579.0,0.0,False,0,0
2025-12-21,B03,7,712.0,0.0,False,0,0
2025-12-21,B04,1,450.0,0.0,False,0,0
2025-12-21,B05,1,143.0,0.0,False,0,0
2025-12-21,B06,3,223.0,1173.0,False,0,0
2025-12-21,B07,128,0.0,10127.0,False,128,0
2025-12-21,B08,29,2425.0,0.0,False,0,0
2025-12-21,B09,8,319.0,665.0,False,0,0
2025-12-21,B10,0,100.0,0.0,False,0,0
2025-12-21,B11,0,1013.7,0.0,False,0,0
2025-12-21,B12,47,1087.0,0.0,False,0,0
2025-12-21,C01,0,0.9,74.0,False,0,0
2025-12-21,C02,0,326.0,0.0,False,0,0
2025-12-21,C03,0,38.0,0.0,False,0,0
2025-12-21,C04,1,164.2,465.0,False,0,0
2025-12-21,C05,9,354.0,0.0,False,0,0
2025-12-21,C06,0,381.0,0.0,False,0,0
2025-12-21,C07,9,452.0,0.0,False,0,0
2025-12-21,C08,1,56.0,0.0,False,0,0
2025-12-22,A01,97,1513.0,1077.0,False,0,0
2025-12-22,A02,166,2650.0,2393.0,False,0,1
2025-12-22,A03,4,816.0,0.0,False,0,0
2025-12-22,A04,0,418.0,0.0,False,0,0
2025-12-22,A05,12,3095.0,3635.0,False,0,1
2025-12-22,A06,26,0.0,11905.0,False,26,0
2025-12-22,A07,11,292.0,718.0,False,0,0
2025-12-22,A08,1,26.0,333.0,False,0,0
2025-12-22,A09,1,575.1,0.0,False,0,0
2025-12-22,A10,40,7515.0,8132.0,False,0,2
2025-12-22,B01,0,369.0,0.0,False,0,0
2025-12-22,B02,26,1553.0,0.0,False,0,0
2025-12-22,B03,3,709.0,0.0,False,0,0
2025-12-22,B04,0,450.0,0.0,False,0,0
2025-12-22,B05,3,140.0,0.0,False,0,0
2025-12-22,B06,16,207.0,1173.0,False,0,0
2025-12-22,B07,1,0.0,10127.0,False,1,0
2025-12-22,B08,11,2414.0,0.0,False,0,0
2025-12-22,B09,14,305.0,665.0,False,0,0
2025-12-22,B10,4,96.0,0.0,False,0,0
2025-12-22,B11,7,953.0,0.0,False,0,0
2025-12-22,B12,15,1072.0,0.0,False,0,0
2025-12-22,C01,0,1.0,74.0,False,0,0
2025-12-22,C02,0,326.0,0.0,False,0,0
2025-12-22,C03,0,38.0,0.0,False,0,0
2025-12-22,C04,3,181.0,465.0,False,0,0
2025-12-22,C05,0,354.0,0.0,False,0,0
2025-12-22,C06,6,375.0,0.0,False,0,0
2025-12-22,C07,0,452.0,0.0,False,0,0
2025-12-22,C08,0,56.0,0.0,False,0,0
2025-12-23,A01,237,1276.0,1077.0,False,0,0
2025-12-23,A02,47,2602.0,2393.0,False,0,1
2025-12-23,A03,23,793.0,0.0,False,0,0
2025-12-23,A04,0,418.0,0.0,False,0,0
2025-12-23,A05,62,6667.0,0.0,False,0,1
2025-12-23,A06,24,0.0,11905.0,False,24,0
2025-12-23,A07,2,290.0,718.0,False,0,0
2025-12-23,A08,6,20.0,333.0,False,0,0
2025-12-23,A09,0,620.0,0.0,False,0,0
2025-12-23,A10,58,7455.0,8132.0,False,0,2
2025-12-23,B01,9,360.0,0.0,False,0,0
2025-12-23,B02,1,1552.0,0.0,False,0,0
2025-12-23,B03,0,709.0,0.0,False,0,0
2025-12-23,B04,0,450.0,0.0,False,0,0
2025-12-23,B05,2,138.0,0.0,False,0,0
2025-12-23,B06,18,189.0,1173.0,False,0,0
2025-12-23,B07,112,0.0,10127.0,False,112,0
2025-12-23,B08,34,2380.0,0.0,False,0,0
2025-12-23,B09,4,301.0,665.0,False,0,0
2025-12-23,B10,3,93.0,0.0,False,0,0
2025-12-23,B11,17,1032.6,0.0,False,0,0
2025-12-23,B12,34,1038.0,0.0,False,0,0
2025-12-23,C01,0,1.0,74.0,False,0,0
2025-12-23,C02,0,307.5,0.0,False,0,0
2025-12-23,C03,0,38.0,0.0,False,0,0
2025-12-23,C04,1,180.0,465.0,False,0,0
2025-12-23,C05,4,350.0,0.0,False,0,0
2025-12-23,C06,1,374.0,0.0,False,0,0
2025-12-23,C07,2,450.0,0.0,False,0,0
2025-12-23,C08,0,56.0,0.0,False,0,0
2025-12-24,A01,3,1273.0,1077.0,False,0,0
2025-12-24,A02,79,2522.0,2393.0,False,0,1
2025-12-24,A03,2,791.0,0.0,False,0,0
2025-12-24,A04,0,418.0,0.0,False,0,0
2025-12-24,A05,9,6657.0,0.0,False,0,1
2025-12-24,A06,76,0.0,11905.0,False,76,0
2025-12-24,A07,4,260.4,1456.0,True,0,0
2025-12-24,A08,5,15.0,333.0,False,0,0
2025-12-24,A09,21,599.0,0.0,False,0,0
2025-12-24,A10,32,7421.0,8132.0,False,0,2
2025-12-24,B01,1,359.0,0.0,False,0,0
2025-12-24,B02,0,1466.7,0.0,False,0,0
2025-12-24,B03,26,683.0,0.0,False,0,0
2025-12-24,B04,13,437.0,0.0,False,0,0
2025-12-24,B05,0,138.0,0.0,False,0,0
2025-12-24,B06,4,185.0,1173.0,False,0,0
2025-12-24,B07,78,0.0,10127.0,False,78,0
2025-12-24,B08,83,2297.0,0.0,False,0,0
2025-12-24,B09,2,299.0,665.0,False,0,0
2025-12-24,B10,0,93.0,0.0,False,0,0
2025-12-24,B11,9,927.0,0.0,False,0,0
2025-12-24,B12,15,1023.0,1052.0,True,0,0
2025-12-24,C01,1,0.0,74.0,False,0,0
2025-12-24,C02,4,322.0,0.0,False,0,0
2025-12-24,C03,0,38.0,0.0,False,0,0
2025-12-24,C04,0,180.0,465.0,False,0,0
2025-12-24,C05,0,350.0,0.0,False,0,0
2025-12-24,C06,3,320.7,0.0,False,0,0
2025-12-24,C07,0,479.4,0.0,False,0,0
2025-12-24,C08,0,56.0,0.0,False,0,0
2025-12-25,A01,25,1248.0,1077.0,False,0,0
2025-12-25,A02,2,2519.0,2393.0,False,0,1
2025-12-25,A03,10,781.0,0.0,False,0,0
2025-12-25,A04,0,418.0,0.0,False,0,0
2025-12-25,A05,8,6648.0,0.0,False,0,1
2025-12-25,A06,19,0.0,11905.0,False,19,0
2025-12-25,A07,0,286.0,1456.0,False,0,0
2025-12-25,A08,0,15.0,333.0,False,0,0
2025-12-25,A09,0,599.0,0.0,False,0,0
2025-12-25,A10,10,7409.0,8132.0,False,0,2
2025-12-25,B01,3,358.2,0.0,False,0,0
2025-12-25,B02,4,1548.0,0.0,False,0,0
2025-12-25,B03,0,683.0,0.0,False,0,0
2025-12-25,B04,0,437.0,0.0,False,0,0
2025-12-25,B05,0,138.0,0.0,False,0,0
2025-12-25,B06,20,165.0,1173.0,False,0,0
2025-12-25,B07,40,0.0,10127.0,False,40,0
2025-12-25,B08,25,2272.0,0.0,False,0,0
2025-12-25,B09,3,296.0,665.0,False,0,0
2025-12-25,B10,0,93.0,0.0,False,0,0
2025-12-25,B11,13,914.0,0.0,False,0,0
2025-12-25,B12,5,1018.0,1052.0,False,0,0
2025-12-25,C01,0,0.0,74.0,False,0,0
2025-12-25,C02,2,320.0,0.0,False,0,0
2025-12-25,C03,0,38.0,0.0,False,0,0
2025-12-25,C04,6,174.0,465.0,False,0,0
2025-12-25,C05,0,350.0,0.0,False,0,0
2025-12-25,C06,2,369.0,0.0,False,0,0
2025-12-25,C07,1,449.0,0.0,False,0,0
2025-12-25,C08,0,56.0,0.0,False,0,0
2025-12-26,A01,28,1220.0,1077.0,False,0,0
2025-12-26,A02,137,2382.0,2393.0,False,0,0
2025-12-26,A03,72,665.4,0.0,False,0,0
2025-12-26,A04,0,418.0,0.0,False,0,0
2025-12-26,A05,114,6533.0,0.0,False,0,1
2025-12-26,A06,0,0.0,11905.0,False,0,0
2025-12-26,A07,0,286.0,1456.0,False,0,0
2025-12-26,A08,21,0.0,333.0,False,6,0
2025-12-26,A09,24,528.6,0.0,False,0,0
2025-12-26,A10,34,7373.0,8132.0,False,0,2
2025-12-26,B01,1,378.2,0.0,False,0,0
2025-12-26,B02,10,1538.0,0.0,False,0,0
2025-12-26,B03,3,680.0,0.0,False,0,0
2025-12-26,B04,1,436.0,0.0,False,0,0
2025-12-26,B05,0,138.0,0.0,False,0,0
2025-12-26,B06,19,146.0,1173.0,False,0,0
2025-12-26,B07,0,0.0,10127.0,False,0,0
2025-12-26,B08,0,2272.0,0.0,False,0,0
2025-12-26,B09,0,296.0,665.0,False,0,0
2025-12-26,B10,0,93.0,0.0,False,0,0
2025-12-26,B11,3,911.0,0.0,False,0,0
2025-12-26,B12,38,980.0,1052.0,False,0,0
2025-12-26,C01,0,0.0,74.0,False,0,0
2025-12-26,C02,1,355.9,0.0,False,0,0
2025-12-26,C03,1,37.0,0.0,False,0,0
2025-12-26,C04,0,174.0,465.0,False,0,0
2025-12-26,C05,1,349.0,0.0,False,0,0
2025-12-26,C06,5,364.0,0.0,False,0,0
2025-12-26,C07,2,447.0,0.0,False,0,0
2025-12-26,C08,0,56.0,0.0,False,0,0
2025-12-27,A01,56,1198.3,1077.0,False,0,0
2025-12-27,A02,80,2302.0,2393.0,False,0,0
2025-12-27,A03,1,708.0,0.0,False,0,0
2025-12-27,A04,1,417.0,0.0,False,0,0
2025-12-27,A05,17,6872.6,0.0,False,0,1
2025-12-27,A06,13,0.0,11905.0,False,13,0
2025-12-27,A07,14,272.0,1456.0,False,0,0
2025-12-27,A08,2,0.0,333.0,False,2,0
2025-12-27,A09,0,575.0,0.0,False,0,0
2025-12-27,A10,31,7340.0,8132.0,False,0,2
2025-12-27,B01,5,350.0,0.0,False,0,0
2025-12-27,B02,1,1537.0,0.0,False,0,0
2025-12-27,B03,0,680.0,0.0,False,0,0
2025-12-27,B04,0,436.0,0.0,False,0,0
2025-12-27,B05,0,138.0,0.0,False,0,0
2025-12-27,B06,0,146.0,1173.0,False,0,0
2025-12-27,B07,7,0.0,10127.0,False,7,0
2025-12-27,B08,4,2268.0,0.0,False,0,0
2025-12-27,B09,1,295.0,665.0,False,0,0
2025-12-27,B10,0,93.0,0.0,False,0,0
2025-12-27,B11,12,899.0,0.0,False,0,0
2025-12-27,B12,15,965.0,1052.0,False,0,0
2025-12-27,C01,0,0.0,74.0,False,0,0
2025-12-27,C02,9,310.0,0.0,False,0,0
2025-12-27,C03,1,38.0,0.0,False,0,0
2025-12-27,C04,2,172.0,465.0,False,0,0
2025-12-27,C05,10,339.0,0.0,False,0,0
2025-12-27,C06,5,359.0,0.0,False,0,0
2025-12-27,C07,0,447.0,0.0,False,0,0
2025-12-27,C08,0,56.0,0.0,False,0,0
2025-12-28,A01,10,1154.0,1077.0,False,0,0
2025-12-28,A02,32,4667.0,0.0,False,0,1
2025-12-28,A03,1,707.0,0.0,False,0,0
2025-12-28,A04,3,414.0,0.0,False,0,0
2025-12-28,A05,7,6507.0,0.0,False,0,1
2025-12-28,A06,177,0.0,11905.0,False,177,0
2025-12-28,A07,5,267.0,1456.0,False,0,0
2025-12-28,A08,0,0.0,333.0,False,0,0
2025-12-28,A09,8,567.0,0.0,False,0,0
2025-12-28,A10,65,8031.9,8132.0,False,0,1
2025-12-28,B01,5,345.0,0.0,False,0,0
2025-12-28,B02,30,1507.0,0.0,False,0,0
2025-12-28,B03,1,656.7,0.0,False,0,0
2025-12-28,B04,6,430.0,0.0,False,0,0
2025-12-28,B05,2,136.0,0.0,False,0,0
2025-12-28,B06,2,144.0,1173.0,False,0,0
2025-12-28,B07,13,0.0,10127.0,False,13,0
2025-12-28,B08,110,2158.0,0.0,False,0,0
2025-12-28,B09,3,292.0,665.0,False,0,0
2025-12-28,B10,1,92.0,0.0,False,0,0
2025-12-28,B11,0,977.2,0.0,False,0,0
2025-12-28,B12,3,962.0,1052.0,False,0,0
2025-12-28,C01,1,0.0,74.0,False,1,0
2025-12-28,C02,2,308.0,0.0,False,0,0
2025-12-28,C03,0,36.0,0.0,False,0,0
2025-12-28,C04,0,172.0,465.0,False,0,0
2025-12-28,C05,0,339.0,0.0,False,0,0
2025-12-28,C06,5,354.0,0.0,False,0,0
2025-12-28,C07,0,447.0,0.0,False,0,0
2025-12-28,C08,0,56.0,0.0,False,0,0
2025-12-29,A01,14,1140.0,1077.0,False,0,0
2025-12-29,A02,15,4646.0,0.0,False,0,1
2025-12-29,A03,0,707.0,0.0,False,0,0
2025-12-29,A04,0,373.0,0.0,False,0,0
2025-12-29,A05,0,6506.0,0.0,False,0,1
2025-12-29,A06,41,0.0,11905.0,False,41,0
2025-12-29,A07,33,234.0,1456.0,False,0,0
2025-12-29,A08,1,0.0,333.0,False,1,0
2025-12-29,A09,8,559.0,0.0,False,0,0
2025-12-29,A10,29,7244.0,8132.0,False,0,1
2025-12-29,B01,2,343.0,0.0,False,0,0
2025-12-29,B02,6,1501.0,0.0,False,0,0
2025-12-29,B03,4,675.0,0.0,False,0,0
2025-12-29,B04,2,428.0,0.0,False,0,0
2025-12-29,B05,1,135.0,0.0,False,0,0
2025-12-29,B06,29,115.0,1173.0,False,0,0
2025-12-29,B07,157,0.0,10127.0,False,157,0
2025-12-29,B08,47,2111.0,0.0,False,0,0
2025-12-29,B09,13,279.0,665.0,False,0,0
2025-12-29,B10,1,91.0,0.0,False,0,0
2025-12-29,B11,1,898.0,0.0,False,0,0
2025-12-29,B12,0,962.0,1052.0,False,0,0
2025-12-29,C01,1,0.0,74.0,False,1,0
2025-12-29,C02,2,306.0,0.0,False,0,0
2025-12-29,C03,0,36.0,0.0,False,0,0
2025-12-29,C04,0,172.0,465.0,False,0,0
2025-12-29,C05,0,323.9,0.0,False,0,0
2025-12-29,C06,0,354.0,0.0,False,0,0
2025-12-29,C07,5,442.0,0.0,False,0,0
2025-12-29,C08,0,56.0,0.0,False,0,0
2025-12-30,A01,49,1091.0,1077.0,False,0,0
2025-12-30,A02,15,4630.0,0.0,False,0,1
2025-12-30,A03,0,707.0,0.0,False,0,0
2025-12-30,A04,1,413.0,0.0,False,0,0
2025-12-30,A05,131,6374.0,0.0,False,0,1
2025-12-30,A06,222,0.0,11905.0,False,222,0
2025-12-30,A07,14,856.8,718.0,False,0,0
2025-12-30,A08,4,0.0,333.0,False,4,0
2025-12-30,A09,0,559.0,0.0,False,0,0
2025-12-30,A10,437,6806.0,8132.0,False,0,1
2025-12-30,B01,5,327.3,0.0,False,0,0
2025-12-30,B02,0,1501.0,0.0,False,0,0
2025-12-30,B03,4,671.0,0.0,False,0,0
2025-12-30,B04,1,427.0,0.0,False,0,0
2025-12-30,B05,2,133.0,0.0,False,0,0
2025-12-30,B06,7,102.8,1173.0,False,0,0
2025-12-30,B07,0,0.0,10127.0,False,0,0
2025-12-30,B08,31,2080.0,0.0,False,0,0
2025-12-30,B09,0,279.0,665.0,False,0,0
2025-12-30,B10,1,90.0,0.0,False,0,0
2025-12-30,B11,11,998.9,0.0,False,0,0
2025-12-30,B12,18,944.0,1052.0,False,0,0
2025-12-30,C01,0,0.0,74.0,False,0,0
2025-12-30,C02,1,300.6,0.0,False,0,0
2025-12-30,C03,0,36.0,0.0,False,0,0
2025-12-30,C04,0,177.0,465.0,False,0,0
2025-12-30,C05,1,338.0,0.0,False,0,0
2025-12-30,C06,0,354.0,0.0,False,0,0
2025-12-30,C07,0,442.0,0.0,False,0,0
2025-12-30,C08,0,53.7,0.0,False,0,0
2025-12-31,A01,10,1081.0,1077.0,False,0,0
2025-12-31,A02,63,4566.0,0.0,False,0,1
2025-12-31,A03,0,707.0,0.0,False,0,0
2025-12-31,A04,0,413.0,0.0,False,0,0
2025-12-31,A05,33,6340.0,0.0,False,0,1
2025-12-31,A06,26,0.0,11905.0,False,26,0
2025-12-31,A07,5,996.7,718.0,False,0,0
2025-12-31,A08,6,0.0,333.0,False,6,0
2025-12-31,A09,1,518.5,0.0,False,0,0
2025-12-31,A10,40,6765.0,8132.0,False,0,1
2025-12-31,B01,1,337.0,0.0,False,0,0
2025-12-31,B02,10,1491.0,0.0,False,0,0
2025-12-31,B03,0,671.0,0.0,False,0,0
2025-12-31,B04,9,418.0,0.0,False,0,0
2025-12-31,B05,0,128.5,0.0,False,0,0
2025-12-31,B06,4,104.0,1173.0,False,0,0
2025-12-31,B07,15,0.0,10127.0,False,15,0
2025-12-31,B08,56,2024.0,0.0,False,0,0
2025-12-31,B09,5,274.0,665.0,False,0,0
2025-12-31,B10,4,95.5,0.0,False,0,0
2025-12-31,B11,3,884.0,0.0,False,0,0
2025-12-31,B12,17,927.0,1052.0,False,0,0
2025-12-31,C01,0,0.0,74.0,False,0,0
2025-12-31,C02,0,305.0,0.0,False,0,0
2025-12-31,C03,1,35.0,0.0,False,0,0
2025-12-31,C04,3,169.0,465.0,False,0,0
2025-12-31,C05,1,337.0,0.0,False,0,0
2025-12-31,C06,0,354.0,0.0,False,0,0
2025-12-31,C07,0,442.0,0.0,False,0,0
2025-12-31,C08,0,56.0,0.0,False,0,0
2026-01-01,A01,21,1060.0,1077.0,False,0,0
2026-01-01,A02,77,4488.0,0.0,False,0,1
2026-01-01,A03,2,705.0,0.0,False,0,0
2026-01-01,A04,0,413.0,0.0,False,0,0
2026-01-01,A05,41,6298.0,0.0,False,0,1
2026-01-01,A06,77,0.0,11905.0,False,77,0
2026-01-01,A07,22,931.0,718.0,False,0,0
2026-01-01,A08,0,0.0,333.0,False,0,0
2026-01-01,A09,9,549.0,0.0,False,0,0
2026-01-01,A10,163,6804.4,8132.0,False,0,1
2026-01-01,B01,0,348.1,0.0,False,0,0
2026-01-01,B02,0,1491.0,0.0,False,0,0
2026-01-01,B03,5,666.0,0.0,False,0,0
2026-01-01,B04,0,418.0,0.0,False,0,0
2026-01-01,B05,1,132.0,0.0,False,0,0
2026-01-01,B06,8,96.0,1173.0,False,0,0
2026-01-01,B07,75,0.0,10127.0,False,75,0
2026-01-01,B08,0,2024.0,0.0,False,0,0
2026-01-01,B09,0,274.0,665.0,False,0,0
2026-01-01,B10,1,85.0,0.0,False,0,0
2026-01-01,B11,6,878.0,0.0,False,0,0
2026-01-01,B12,6,921.0,1052.0,False,0,0
2026-01-01,C01,1,25.0,48.0,False,0,0
2026-01-01,C02,8,297.0,0.0,False,0,0
2026-01-01,C03,0,35.0,0.0,False,0,0
2026-01-01,C04,0,169.0,465.0,False,0,0
2026-01-01,C05,0,300.9,0.0,False,0,0
2026-01-01,C06,1,353.0,0.0,False,0,0
2026-01-01,C07,0,453.4,0.0,False,0,0
2026-01-01,C08,2,55.4,0.0,False,0,0
2026-01-02,A01,20,1040.0,1077.0,False,0,0
2026-01-02,A02,48,4439.0,0.0,False,0,1
2026-01-02,A03,37,668.0,0.0,False,0,0
2026-01-02,A04,0,413.0,0.0,False,0,0
2026-01-02,A05,108,6189.0,0.0,False,0,1
2026-01-02,A06,34,0.0,11905.0,False,34,0
2026-01-02,A07,48,1000.1,718.0,False,0,0
2026-01-02,A08,4,0.0,333.0,False,4,0
2026-01-02,A09,1,548.0,0.0,False,0,0
2026-01-02,A10,112,6488.0,8132.0,False,0,1
2026-01-02,B01,1,287.4,0.0,False,0,0
2026-01-02,B02,0,1491.0,0.0,False,0,0
2026-01-02,B03,1,665.0,0.0,False,0,0
2026-01-02,B04,0,418.0,0.0,False,0,0
2026-01-02,B05,0,132.0,0.0,False,0,0
2026-01-02,B06,0,96.0,1173.0,False,0,0
2026-01-02,B07,215,0.0,10127.0,False,215,0
2026-01-02,B08,49,1975.0,0.0,False,0,0
2026-01-02,B09,3,271.0,665.0,False,0,0
2026-01-02,B10,0,85.0,0.0,False,0,0
2026-01-02,B11,5,875.0,0.0,False,0,0
2026-01-02,B12,0,921.0,1052.0,False,0,0
2026-01-02,C01,0,22.3,48.0,False,0,0
2026-01-02,C02,24,273.0,0.0,False,0,0
2026-01-02,C03,0,35.0,0.0,False,0,0
2026-01-02,C04,3,142.8,465.0,False,0,0
2026-01-02,C05,2,335.0,0.0,False,0,0
2026-01-02,C06,2,351.0,0.0,False,0,0
2026-01-02,C07,0,442.0,0.0,False,0,0
2026-01-02,C08,1,55.3,0.0,False,0,0
2026-01-03,A01,44,996.0,1077.0,False,0,0
2026-01-03,A02,52,3939.4,2708.0,True,0,1
2026-01-03,A03,4,664.0,0.0,False,0,0
2026-01-03,A04,0,427.2,0.0,False,0,0
2026-01-03,A05,9,6179.0,0.0,False,0,1
2026-01-03,A06,333,0.0,11905.0,False,333,0
2026-01-03,A07,0,883.0,718.0,False,0,0
2026-01-03,A08,13,0.0,333.0,False,13,0
2026-01-03,A09,0,548.0,0.0,False,0,0
2026-01-03,A10,0,6487.0,8132.0,False,0,1
2026-01-03,B01,7,329.0,0.0,False,0,0
2026-01-03,B02,18,1473.0,0.0,False,0,0
2026-01-03,B03,9,656.0,0.0,False,0,0
2026-01-03,B04,6,412.0,0.0,False,0,0
2026-01-03,B05,1,131.0,0.0,False,0,0
2026-01-03,B06,12,84.0,1173.0,False,0,0
2026-01-03,B07,18,0.0,10127.0,False,18,0
2026-01-03,B08,24,1951.0,0.0,False,0,0
2026-01-03,B09,2,269.0,665.0,False,0,0
2026-01-03,B10,1,84.0,0.0,False,0,0
2026-01-03,B11,1,872.0,0.0,False,0,0
2026-01-03,B12,40,881.0,1052.0,False,0,0
2026-01-03,C01,0,25.0,48.0,False,0,0
2026-01-03,C02,25,248.0,0.0,False,0,0
2026-01-03,C03,0,35.0,0.0,False,0,0
2026-01-03,C04,4,162.0,465.0,False,0,0
2026-01-03,C05,0,335.0,0.0,False,0,0
2026-01-03,C06,0,351.0,0.0,False,0,0
2026-01-03,C07,3,439.0,0.0,False,0,0
2026-01-03,C08,0,53.0,0.0,False,0,0
2026-01-04,A01,1,995.0,1077.0,False,0,0
2026-01-04,A02,135,4250.0,2708.0,False,0,1
2026-01-04,A03,1,759.1,0.0,False,0,0
2026-01-04,A04,0,413.0,0.0,False,0,0
2026-01-04,A05,8,6170.0,0.0,False,0,1
2026-01-04,A06,16,0.0,11905.0,False,16,0
2026-01-04,A07,14,869.0,718.0,False,0,0
2026-01-04,A08,0,0.0,333.0,False,0,0
2026-01-04,A09,4,544.0,0.0,False,0,0
2026-01-04,A10,58,6428.0,8132.0,False,0,1
2026-01-04,B01,0,329.0,0.0,False,0,0
2026-01-04,B02,1,1472.0,0.0,False,0,0
2026-01-04,B03,4,652.0,0.0,False,0,0
2026-01-04,B04,1,411.0,0.0,False,0,0
2026-01-04,B05,1,130.0,0.0,False,0,0
2026-01-04,B06,20,71.4,1173.0,False,0,0
2026-01-04,B07,76,0.0,10127.0,False,76,0
2026-01-04,B08,0,1951.0,0.0,False,0,0
2026-01-04,B09,8,223.3,665.0,False,0,0
2026-01-04,B10,2,82.0,0.0,False,0,0
2026-01-04,B11,2,870.0,0.0,False,0,0
2026-01-04,B12,2,879.0,1052.0,False,0,0
2026-01-04,C01,0,25.0,48.0,False,0,0
2026-01-04,C02,4,244.0,0.0,False,0,0
2026-01-04,C03,1,34.0,0.0,False,0,0
2026-01-04,C04,0,162.0,465.0,False,0,0
2026-01-04,C05,0,335.0,0.0,False,0,0
2026-01-04,C06,1,350.0,0.0,False,0,0
2026-01-04,C07,0,439.0,0.0,False,0,0
2026-01-04,C08,0,53.0,0.0,False,0,0
2026-01-05,A01,103,892.0,1077.0,False,0,0
2026-01-05,A02,185,4064.0,2708.0,False,0,1
2026-01-05,A03,5,658.0,0.0,False,0,0
2026-01-05,A04,7,443.6,0.0,False,0,0
2026-01-05,A05,31,6138.0,0.0,False,0,1
2026-01-05,A06,35,0.0,11905.0,False,35,0
2026-01-05,A07,3,866.0,718.0,False,0,0
2026-01-05,A08,0,0.0,333.0,False,0,0
2026-01-05,A09,0,544.0,0.0,False,0,0
2026-01-05,A10,243,6184.0,8132.0,False,0,1
2026-01-05,B01,6,323.0,0.0,False,0,0
2026-01-05,B02,7,1465.0,0.0,False,0,0
2026-01-05,B03,13,639.0,0.0,False,0,0
2026-01-05,B04,1,410.0,0.0,False,0,0
2026-01-05,B05,0,130.0,0.0,False,0,0
2026-01-05,B06,8,63.3,1173.0,False,0,0
2026-01-05,B07,20,0.0,10127.0,False,20,0
2026-01-05,B08,4,1686.2,0.0,False,0,0
2026-01-05,B09,1,925.0,0.0,False,0,0
2026-01-05,B10,4,78.0,0.0,False,0,0
2026-01-05,B11,12,858.0,0.0,False,0,0
2026-01-05,B12,10,813.2,1052.0,False,0,0
2026-01-05,C01,0,25.0,48.0,False,0,0
2026-01-05,C02,1,243.0,0.0,False,0,0
2026-01-05,C03,0,34.0,0.0,False,0,0
2026-01-05,C04,0,162.0,465.0,False,0,0
2026-01-05,C05,3,332.0,0.0,False,0,0
2026-01-05,C06,0,350.0,0.0,False,0,0
2026-01-05,C07,4,435.0,0.0,False,0,0
2026-01-05,C08,0,53.0,0.0,False,0,0
2026-01-06,A01,21,871.0,1077.0,False,0,0
2026-01-06,A02,0,4063.0,2708.0,False,0,1
2026-01-06,A03,11,647.0,0.0,False,0,0
2026-01-06,A04,2,404.0,0.0,False,0,0
2026-01-06,A05,1,6136.0,0.0,False,0,1
2026-01-06,A06,140,0.0,11905.0,False,140,0
2026-01-06,A07,22,844.0,718.0,False,0,0
2026-01-06,A08,2,0.0,333.0,False,2,0
2026-01-06,A09,6,538.0,0.0,False,0,0
2026-01-06,A10,83,6483.3,8132.0,False,0,1
2026-01-06,B01,0,323.0,0.0,False,0,0
2026-01-06,B02,0,1465.0,0.0,False,0,0
2026-01-06,B03,5,634.0,0.0,False,0,0
2026-01-06,B04,8,402.0,0.0,False,0,0
2026-01-06,B05,0,130.0,0.0,False,0,0
2026-01-06,B06,15,41.0,1173.0,False,0,0
2026-01-06,B07,18,0.0,10127.0,False,18,0
2026-01-06,B08,6,1941.0,0.0,False,0,0
2026-01-06,B09,2,786.5,0.0,False,0,0
2026-01-06,B10,1,77.0,0.0,False,0,0
2026-01-06,B11,118,740.0,0.0,False,0,0
2026-01-06,B12,2,867.0,1052.0,False,0,0
2026-01-06,C01,1,26.7,48.0,False,0,0
2026-01-06,C02,4,239.0,0.0,False,0,0
2026-01-06,C03,0,34.0,0.0,False,0,0
2026-01-06,C04,3,159.0,465.0,False,0,0
2026-01-06,C05,0,332.0,0.0,False,0,0
2026-01-06,C06,9,341.0,0.0,False,0,0
2026-01-06,C07,5,430.0,0.0,False,0,0
2026-01-06,C08,0,53.0,0.0,False,0,0
2026-01-07,A01,13,858.0,1077.0,False,0,0
2026-01-07,A02,11,4371.7,2708.0,False,0,1
2026-01-07,A03,7,654.5,0.0,False,0,0
2026-01-07,A04,5,399.0,0.0,False,0,0
2026-01-07,A05,19,6116.0,0.0,False,0,1
2026-01-07,A06,17,0.0,11905.0,False,17,0
2026-01-07,A07,0,844.0,718.0,False,0,0
2026-01-07,A08,1,0.0,333.0,False,1,0
2026-01-07,A09,11,577.3,0.0,False,0,0
2026-01-07,A10,69,6030.0,8132.0,False,0,1
2026-01-07,B01,3,320.0,0.0,False,0,0
2026-01-07,B02,0,1465.0,0.0,False,0,0
2026-01-07,B03,3,631.0,0.0,False,0,0
2026-01-07,B04,0,402.0,0.0,False,0,0
2026-01-07,B05,0,130.0,0.0,False,0,0
2026-01-07,B06,3,38.0,1173.0,False,0,0
2026-01-07,B07,63,0.0,10127.0,False,63,0
2026-01-07,B08,23,1918.0,0.0,False,0,0
2026-01-07,B09,2,921.0,0.0,False,0,0
2026-01-07,B10,0,70.3,0.0,False,0,0
2026-01-07,B11,17,723.0,0.0,False,0,0
2026-01-07,B12,29,838.0,1052.0,False,0,0
2026-01-07,C01,0,24.0,48.0,False,0,0
2026-01-07,C02,2,237.0,0.0,False,0,0
2026-01-07,C03,0,34.0,0.0,False,0,0
2026-01-07,C04,2,157.0,465.0,False,0,0
2026-01-07,C05,0,332.0,0.0,False,0,0
2026-01-07,C06,0,341.0,0.0,False,0,0
2026-01-07,C07,2,428.0,0.0,False,0,0
2026-01-07,C08,0,53.0,0.0,False,0,0
2026-01-08,A01,90,768.0,2235.0,True,0,0
2026-01-08,A02,56,3994.0,2708.0,False,0,1
2026-01-08,A03,8,632.0,0.0,False,0,0
2026-01-08,A04,1,340.2,0.0,False,0,0
2026-01-08,A05,94,6021.0,0.0,False,0,1
2026-01-08,A06,118,0.0,11905.0,False,118,0
2026-01-08,A07,1,843.0,718.0,False,0,0
2026-01-08,A08,3,0.0,333.0,False,3,0
2026-01-08,A09,4,523.0,0.0,False,0,0
2026-01-08,A10,90,5939.0,8132.0,False,0,1
2026-01-08,B01,21,276.2,0.0,False,0,0
2026-01-08,B02,3,1462.0,0.0,False,0,0
2026-01-08,B03,0,652.1,0.0,False,0,0
2026-01-08,B04,5,397.0,0.0,False,0,0
2026-01-08,B05,3,127.0,0.0,False,0,0
2026-01-08,B06,10,28.0,1173.0,False,0,0
2026-01-08,B07,12,0.0,10127.0,False,12,0
2026-01-08,B08,24,1894.0,0.0,False,0,0
2026-01-08,B09,8,964.4,0.0,False,0,0
2026-01-08,B10,0,77.0,0.0,False,0,0
2026-01-08,B11,13,784.7,0.0,False,0,0
2026-01-08,B12,45,793.0,1052.0,False,0,0
2026-01-08,C01,0,24.0,48.0,False,0,0
2026-01-08,C02,5,232.0,0.0,False,0,0
2026-01-08,C03,2,31.5,0.0,False,0,0
2026-01-08,C04,2,155.0,465.0,False,0,0
2026-01-08,C05,1,331.0,0.0,False,0,0
2026-01-08,C06,11,330.0,0.0,False,0,0
2026-01-08,C07,19,409.0,0.0,False,0,0
2026-01-08,C08,1,52.0,0.0,False,0,0
2026-01-09,A01,0,768.0,2235.0,False,0,0
2026-01-09,A02,3,3990.0,2708.0,False,0,1
2026-01-09,A03,22,610.0,0.0,False,0,0
2026-01-09,A04,4,394.0,0.0,False,0,0
2026-01-09,A05,54,5966.0,0.0,False,0,1
2026-01-09,A06,141,0.0,11905.0,False,141,0
2026-01-09,A07,15,857.5,718.0,False,0,0
2026-01-09,A08,1,0.0,333.0,False,1,0
2026-01-09,A09,2,521.0,0.0,False,0,0
2026-01-09,A10,40,5898.0,8132.0,False,0,1
2026-01-09,B01,4,295.0,0.0,False,0,0
2026-01-09,B02,8,1454.0,0.0,False,0,0
2026-01-09,B03,1,630.0,0.0,False,0,0
2026-01-09,B04,0,397.0,0.0,False,0,0
2026-01-09,B05,0,127.0,0.0,False,0,0
2026-01-09,B06,51,0.0,1173.0,False,23,0
2026-01-09,B07,65,0.0,10127.0,False,65,0
2026-01-09,B08,41,1853.0,0.0,False,0,0
2026-01-09,B09,0,993.1,0.0,False,0,0
2026-01-09,B10,3,74.0,0.0,False,0,0
2026-01-09,B11,7,703.0,0.0,False,0,0
2026-01-09,B12,43,750.0,1052.0,False,0,0
2026-01-09,C01,0,24.0,48.0,False,0,0
2026-01-09,C02,3,229.0,0.0,False,0,0
2026-01-09,C03,1,31.0,0.0,False,0,0
2026-01-09,C04,1,154.0,465.0,False,0,0
2026-01-09,C05,0,331.0,0.0,False,0,0
2026-01-09,C06,3,327.0,0.0,False,0,0
2026-01-09,C07,1,408.0,0.0,False,0,0
2026-01-09,C08,1,51.0,0.0,False,0,0
2026-01-10,A01,50,718.0,2235.0,False,0,0
2026-01-10,A02,10,3979.0,2708.0,False,0,1
2026-01-10,A03,15,595.0,0.0,False,0,0
2026-01-10,A04,1,393.0,0.0,False,0,0
2026-01-10,A05,252,5713.0,0.0,False,0,1
2026-01-10,A06,16,5935.0,5953.0,False,0,1
2026-01-10,A07,6,822.0,718.0,False,0,0
2026-01-10,A08,0,0.0,333.0,False,0,0
2026-01-10,A09,19,502.0,0.0,False,0,0
2026-01-10,A10,106,5791.0,8132.0,False,0,1
2026-01-10,B01,0,295.0,0.0,False,0,0
2026-01-10,B02,2,1452.0,0.0,False,0,0
2026-01-10,B03,15,615.0,0.0,False,0,0
2026-01-10,B04,5,392.0,0.0,False,0,0
2026-01-10,B05,0,112.9,0.0,False,0,0
2026-01-10,B06,46,0.0,1173.0,False,46,0
2026-01-10,B07,5,0.0,10127.0,False,5,0
2026-01-10,B08,5,1848.0,0.0,False,0,0
2026-01-10,B09,4,909.0,0.0,False,0,0
2026-01-10,B10,0,81.6,0.0,False,0,0
2026-01-10,B11,25,678.0,0.0,False,0,0
2026-01-10,B12,0,750.0,1052.0,False,0,0
2026-01-10,C01,0,24.0,48.0,False,0,0
2026-01-10,C02,7,222.0,0.0,False,0,0
2026-01-10,C03,0,31.0,0.0,False,0,0
2026-01-10,C04,5,149.0,465.0,False,0,0
2026-01-10,C05,1,323.5,0.0,False,0,0
2026-01-10,C06,0,327.0,0.0,False,0,0
2026-01-10,C07,2,406.0,0.0,False,0,0
2026-01-10,C08,0,51.0,0.0,False,0,0
2026-01-11,A01,0,718.0,2235.0,False,0,0
2026-01-11,A02,19,3959.0,2708.0,False,0,1
2026-01-11,A03,4,591.0,0.0,False,0,0
2026-01-11,A04,4,389.0,0.0,False,0,0
2026-01-11,A05,4,5708.0,0.0,False,0,1
2026-01-11,A06,468,5466.0,5953.0,False,0,1
2026-01-11,A07,5,817.0,718.0,False,0,0
2026-01-11,A08,3,0.0,333.0,False,3,0
2026-01-11,A09,1,501.0,0.0,False,0,0
2026-01-11,A10,28,5762.0,8132.0,False,0,1
2026-01-11,B01,2,284.2,0.0,False,0,0
2026-01-11,B02,69,1383.0,0.0,False,0,0
2026-01-11,B03,3,636.2,0.0,False,0,0
2026-01-11,B04,6,427.7,0.0,False,0,0
2026-01-11,B05,5,122.0,0.0,False,0,0
2026-01-11,B06,35,0.0,1173.0,False,35,0
2026-01-11,B07,3,0.0,10127.0,False,3,0
2026-01-11,B08,7,1841.0,0.0,False,0,0
2026-01-11,B09,1,908.0,0.0,False,0,0
2026-01-11,B10,0,74.0,0.0,False,0,0
2026-01-11,B11,13,665.0,0.0,False,0,0
2026-01-11,B12,27,723.0,1052.0,False,0,0
2026-01-11,C01,0,24.0,48.0,False,0,0
2026-01-11,C02,2,220.0,0.0,False,0,0
2026-01-11,C03,1,30.0,0.0,False,0,0
2026-01-11,C04,0,149.0,465.0,False,0,0
2026-01-11,C05,2,328.0,0.0,False,0,0
2026-01-11,C06,1,326.0,0.0,False,0,0
2026-01-11,C07,1,405.0,0.0,False,0,0
2026-01-11,C08,2,49.0,0.0,False,0,0
2026-01-12,A01,15,703.0,2235.0,False,0,0
2026-01-12,A02,127,3831.0,2708.0,False,0,1
2026-01-12,A03,0,591.0,0.0,False,0,0
2026-01-12,A04,0,389.0,0.0,False,0,0
2026-01-12,A05,155,5552.0,0.0,False,0,1
2026-01-12,A06,157,5308.0,5953.0,False,0,1
2026-01-12,A07,0,817.0,718.0,False,0,0
2026-01-12,A08,15,0.0,333.0,False,15,0
2026-01-12,A09,5,496.0,0.0,False,0,0
2026-01-12,A10,8,5753.0,8132.0,False,0,1
2026-01-12,B01,0,293.0,0.0,False,0,0
2026-01-12,B02,1,1382.0,0.0,False,0,0
2026-01-12,B03,1,611.0,0.0,False,0,0
2026-01-12,B04,1,394.9,0.0,False,0,0
2026-01-12,B05,1,121.0,0.0,False,0,0
2026-01-12,B06,2,0.0,1173.0,False,2,0
2026-01-12,B07,80,0.0,10127.0,False,80,0
2026-01-12,B08,34,1807.0,0.0,False,0,0
2026-01-12,B09,3,905.0,0.0,False,0,0
2026-01-12,B10,0,74.0,0.0,False,0,0
2026-01-12,B11,2,663.0,0.0,False,0,0
2026-01-12,B12,18,705.0,1052.0,False,0,0
2026-01-12,C01,0,24.0,48.0,False,0,0
2026-01-12,C02,3,217.0,0.0,False,0,0
2026-01-12,C03,0,30.0,0.0,False,0,0
2026-01-12,C04,2,147.0,465.0,False,0,0
2026-01-12,C05,0,328.0,0.0,False,0,0
2026-01-12,C06,0,326.0,0.0,False,0,0
2026-01-12,C07,0,405.0,0.0,False,0,0
2026-01-12,C08,0,45.5,0.0,False,0,0
2026-01-13,A01,10,693.0,2235.0,False,0,0
2026-01-13,A02,24,3806.0,2708.0,False,0,1
2026-01-13,A03,3,588.0,0.0,False,0,0
2026-01-13,A04,0,389.0,0.0,False,0,0
2026-01-13,A05,81,5470.0,0.0,False,0,1
2026-01-13,A06,136,5171.0,5953.0,False,0,1
2026-01-13,A07,35,782.0,718.0,False,0,0
2026-01-13,A08,5,0.0,333.0,False,5,0
2026-01-13,A09,0,496.0,0.0,False,0,0
2026-01-13,A10,303,5449.0,8132.0,False,0,1
2026-01-13,B01,0,293.0,0.0,False,0,0
2026-01-13,B02,7,1375.0,0.0,False,0,0
2026-01-13,B03,0,611.0,0.0,False,0,0
2026-01-13,B04,0,385.0,0.0,False,0,0
2026-01-13,B05,4,117.0,0.0,False,0,0
2026-01-13,B06,1,0.0,1173.0,False,1,0
2026-01-13,B07,226,0.0,10127.0,False,226,0
2026-01-13,B08,62,1745.0,0.0,False,0,0
2026-01-13,B09,5,900.0,0.0,False,0,0
2026-01-13,B10,5,69.0,0.0,False,0,0
2026-01-13,B11,11,652.0,0.0,False,0,0
2026-01-13,B12,2,703.0,1052.0,False,0,0
2026-01-13,C01,0,24.0,48.0,False,0,0
2026-01-13,C02,6,211.0,0.0,False,0,0
2026-01-13,C03,0,30.0,0.0,False,0,0
2026-01-13,C04,11,131.9,465.0,False,0,0
2026-01-13,C05,0,328.0,0.0,False,0,0
2026-01-13,C06,0,326.0,0.0,False,0,0
2026-01-13,C07,10,395.0,0.0,False,0,0
2026-01-13,C08,1,48.0,0.0,False,0,0
2026-01-14,A01,21,595.3,2235.0,False,0,0
2026-01-14,A02,2,3803.0,2708.0,False,0,1
2026-01-14,A03,0,588.0,0.0,False,0,0
2026-01-14,A04,1,392.3,0.0,False,0,0
2026-01-14,A05,8,5461.0,0.0,False,0,1
2026-01-14,A06,196,4974.0,5953.0,False,0,1
2026-01-14,A07,0,782.0,718.0,False,0,0
2026-01-14,A08,0,0.0,333.0,False,0,0
2026-01-14,A09,2,494.0,0.0,False,0,0
2026-01-14,A10,571,4877.0,8132.0,False,0,1
2026-01-14,B01,2,279.5,0.0,False,0,0
2026-01-14,B02,61,1314.0,0.0,False,0,0
2026-01-14,B03,0,611.0,0.0,False,0,0
2026-01-14,B04,10,375.0,0.0,False,0,0
2026-01-14,B05,0,117.0,0.0,False,0,0
2026-01-14,B06,0,0.0,1173.0,False,0,0
2026-01-14,B07,324,0.0,10127.0,False,324,0
2026-01-14,B08,0,1745.0,0.0,False,0,0
2026-01-14,B09,1,899.0,0.0,False,0,0
2026-01-14,B10,1,68.0,0.0,False,0,0
2026-01-14,B11,10,642.0,0.0,False,0,0
2026-01-14,B12,5,698.0,1052.0,False,0,0
2026-01-14,C01,1,23.0,48.0,False,0,0
2026-01-14,C02,6,205.0,0.0,False,0,0
2026-01-14,C03,8,22.0,126.0,True,0,0
2026-01-14,C04,1,127.3,465.0,False,0,0
2026-01-14,C05,0,328.0,0.0,False,0,0
2026-01-14,C06,0,326.0,0.0,False,0,0
2026-01-14,C07,0,395.0,0.0,False,0,0
2026-01-14,C08,0,48.0,0.0,False,0,0
2026-01-15,A01,52,620.0,2235.0,False,0,0
2026-01-15,A02,70,6440.0,0.0,False,0,1
2026-01-15,A03,9,579.0,0.0,False,0,0
2026-01-15,A04,0,408.0,0.0,False,0,0
2026-01-15,A05,34,5426.0,0.0,False,0,1
2026-01-15,A06,58,4915.0,5953.0,False,0,1
2026-01-15,A07,7,775.0,718.0,False,0,0
2026-01-15,A08,6,0.0,333.0,False,6,0
2026-01-15,A09,6,488.0,0.0,False,0,0
2026-01-15,A10,236,4640.0,8132.0,False,0,1
2026-01-15,B01,4,287.0,0.0,False,0,0
2026-01-15,B02,34,1280.0,0.0,False,0,0
2026-01-15,B03,9,602.0,0.0,False,0,0
2026-01-15,B04,0,375.0,0.0,False,0,0
2026-01-15,B05,2,115.0,0.0,False,0,0
2026-01-15,B06,2,0.0,1173.0,False,2,0
2026-01-15,B07,41,0.0,10127.0,False,41,0
2026-01-15,B08,18,1727.0,0.0,False,0,0
2026-01-15,B09,7,892.0,0.0,False,0,0
2026-01-15,B10,0,68.0,0.0,False,0,0
2026-01-15,B11,44,598.0,0.0,False,0,0
2026-01-15,B12,11,687.0,1052.0,False,0,0
2026-01-15,C01,0,23.0,48.0,False,0,0
2026-01-15,C02,4,201.0,0.0,False,0,0
2026-01-15,C03,0,22.0,126.0,False,0,0
2026-01-15,C04,0,116.7,465.0,False,0,0
2026-01-15,C05,0,328.0,0.0,False,0,0
2026-01-15,C06,0,326.0,0.0,False,0,0
2026-01-15,C07,1,394.0,0.0,False,0,0
2026-01-15,C08,0,48.0,0.0,False,0,0
2026-01-16,A01,41,655.7,2235.0,False,0,0
2026-01-16,A02,114,6325.0,0.0,False,0,1
2026-01-16,A03,0,579.0,0.0,False,0,0
2026-01-16,A04,2,386.0,0.0,False,0,0
2026-01-16,A05,215,4507.2,4055.0,True,0,1
2026-01-16,A06,225,5140.3,5953.0,False,0,1
2026-01-16,A07,47,728.0,718.0,False,0,0
2026-01-16,A08,8,0.0,333.0,False,8,0
2026-01-16,A09,2,486.0,0.0,False,0,0
2026-01-16,A10,13,4626.0,8132.0,False,0,1
2026-01-16,B01,4,283.0,0.0,False,0,0
2026-01-16,B02,10,1270.0,0.0,False,0,0
2026-01-16,B03,6,596.0,0.0,False,0,0
2026-01-16,B04,4,371.0,0.0,False,0,0
2026-01-16,B05,2,113.0,0.0,False,0,0
2026-01-16,B06,1,0.0,1173.0,False,1,0
2026-01-16,B07,156,0.0,10127.0,False,156,0
2026-01-16,B08,3,1724.0,0.0,False,0,0
2026-01-16,B09,22,870.0,0.0,False,0,0
2026-01-16,B10,0,68.0,0.0,False,0,0
2026-01-16,B11,19,579.0,0.0,False,0,0
2026-01-16,B12,1,686.0,1052.0,False,0,0
2026-01-16,C01,0,23.0,48.0,False,0,0
2026-01-16,C02,8,193.0,0.0,False,0,0
2026-01-16,C03,0,22.0,126.0,False,0,0
2026-01-16,C04,3,132.0,465.0,False,0,0
2026-01-16,C05,3,325.0,0.0,False,0,0
2026-01-16,C06,1,325.0,0.0,False,0,0
2026-01-16,C07,3,421.2,0.0,False,0,0
2026-01-16,C08,1,47.3,0.0,False,0,0
2026-01-17,A01,35,544.0,2235.0,False,0,0
2026-01-17,A02,25,6299.0,0.0,False,0,1
2026-01-17,A03,4,575.0,0.0,False,0,0
2026-01-17,A04,0,386.0,0.0,False,0,0
2026-01-17,A05,76,5133.0,4055.0,False,0,1
2026-01-17,A06,221,4467.0,12265.0,True,0,1
2026-01-17,A07,17,711.0,718.0,False,0,0
2026-01-17,A08,0,333.0,0.0,False,0,0
2026-01-17,A09,2,484.0,0.0,False,0,0
2026-01-17,A10,41,4584.0,8132.0,False,0,1
2026-01-17,B01,0,283.0,0.0,False,0,0
2026-01-17,B02,1,1269.0,0.0,False,0,0
2026-01-17,B03,8,588.0,0.0,False,0,0
2026-01-17,B04,14,357.0,0.0,False,0,0
2026-01-17,B05,0,113.0,0.0,False,0,0
2026-01-17,B06,13,0.0,1173.0,False,13,0
2026-01-17,B07,5,0.0,10127.0,False,5,0
2026-01-17,B08,2,1722.0,0.0,False,0,0
2026-01-17,B09,6,864.0,0.0,False,0,0
2026-01-17,B10,2,59.6,226.0,True,0,0
2026-01-17,B11,5,574.0,0.0,False,0,0
2026-01-17,B12,0,686.0,1052.0,False,0,0
2026-01-17,C01,2,21.0,48.0,False,0,0
2026-01-17,C02,1,192.0,0.0,False,0,0
2026-01-17,C03,0,22.0,126.0,False,0,0
2026-01-17,C04,1,131.0,465.0,False,0,0
2026-01-17,C05,0,325.0,0.0,False,0,0
2026-01-17,C06,0,325.0,0.0,False,0,0
2026-01-17,C07,6,385.0,0.0,False,0,0
2026-01-17,C08,0,47.0,0.0,False,0,0
2026-01-18,A01,21,523.0,2235.0,False,0,0
2026-01-18,A02,26,6272.0,0.0,False,0,1
2026-01-18,A03,10,565.0,0.0,False,0,0
2026-01-18,A04,2,384.0,0.0,False,0,0
2026-01-18,A05,334,4798.0,4055.0,False,0,1
2026-01-18,A06,203,4263.0,12265.0,False,0,1
2026-01-18,A07,1,710.0,718.0,False,0,0
2026-01-18,A08,6,298.5,0.0,False,0,0
2026-01-18,A09,2,482.0,0.0,False,0,0
2026-01-18,A10,107,4476.0,8132.0,False,0,1
2026-01-18,B01,2,281.0,0.0,False,0,0
2026-01-18,B02,7,1262.0,0.0,False,0,0
2026-01-18,B03,0,588.0,0.0,False,0,0
2026-01-18,B04,4,353.0,0.0,False,0,0
2026-01-18,B05,0,113.0,0.0,False,0,0
2026-01-18,B06,0,0.0,1173.0,False,0,0
2026-01-18,B07,6,0.0,10127.0,False,6,0
2026-01-18,B08,2,1720.0,0.0,False,0,0
2026-01-18,B09,1,863.0,0.0,False,0,0
2026-01-18,B10,1,65.0,226.0,False,0,0
2026-01-18,B11,6,568.0,0.0,False,0,0
2026-01-18,B12,16,670.0,1052.0,False,0,0
2026-01-18,C01,1,20.0,48.0,False,0,0
2026-01-18,C02,2,190.0,0.0,False,0,0
2026-01-18,C03,0,22.0,126.0,False,0,0
2026-01-18,C04,4,127.0,465.0,False,0,0
2026-01-18,C05,0,325.0,0.0,False,0,0
2026-01-18,C06,0,325.0,0.0,False,0,0
2026-01-18,C07,0,406.7,0.0,False,0,0
2026-01-18,C08,0,47.0,0.0,False,0,0
2026-01-19,A01,2,521.0,2235.0,False,0,0
2026-01-19,A02,1,6270.0,0.0,False,0,1
2026-01-19,A03,1,564.0,0.0,False,0,0
2026-01-19,A04,2,384.9,0.0,False,0,0
2026-01-19,A05,34,4763.0,4055.0,False,0,1
2026-01-19,A06,27,4235.0,12265.0,False,0,1
2026-01-19,A07,13,697.0,718.0,False,0,0
2026-01-19,A08,0,306.5,0.0,False,0,0
2026-01-19,A09,19,463.0,0.0,False,0,0
2026-01-19,A10,138,4337.0,8132.0,False,0,1
2026-01-19,B01,6,275.0,0.0,False,0,0
2026-01-19,B02,0,1262.0,0.0,False,0,0
2026-01-19,B03,1,587.0,0.0,False,0,0
2026-01-19,B04,2,351.0,0.0,False,0,0
2026-01-19,B05,0,97.8,0.0,False,0,0
2026-01-19,B06,0,0.0,1173.0,False,0,0
2026-01-19,B07,1,0.0,10127.0,False,1,0
2026-01-19,B08,17,1703.0,0.0,False,0,0
2026-01-19,B09,1,873.5,0.0,False,0,0
2026-01-19,B10,0,65.8,226.0,False,0,0
2026-01-19,B11,17,551.0,0.0,False,0,0
2026-01-19,B12,5,665.0,1052.0,False,0,0
2026-01-19,C01,0,20.0,48.0,False,0,0
2026-01-19,C02,0,190.0,0.0,False,0,0
2026-01-19,C03,0,22.0,126.0,False,0,0
2026-01-19,C04,4,137.9,465.0,False,0,0
2026-01-19,C05,1,324.0,0.0,False,0,0
2026-01-19,C06,0,325.0,0.0,False,0,0
2026-01-19,C07,4,381.0,0.0,False,0,0
2026-01-19,C08,0,47.0,0.0,False,0,0
2026-01-20,A01,6,515.0,2235.0,False,0,0
2026-01-20,A02,77,6192.0,0.0,False,0,1
2026-01-20,A03,3,561.0,765.0,True,0,0
2026-01-20,A04,0,382.0,0.0,False,0,0
2026-01-20,A05,271,4491.0,4055.0,False,0,1
2026-01-20,A06,58,4247.4,12265.0,False,0,1
2026-01-20,A07,5,692.0,718.0,False,0,0
2026-01-20,A08,1,326.0,0.0,False,0,0
2026-01-20,A09,1,462.0,0.0,False,0,0
2026-01-20,A10,333,4003.0,8132.0,False,0,1
2026-01-20,B01,2,273.0,0.0,False,0,0
2026-01-20,B02,1,1261.0,0.0,False,0,0
2026-01-20,B03,19,568.0,0.0,False,0,0
2026-01-20,B04,1,350.0,0.0,False,0,0
2026-01-20,B05,0,113.0,0.0,False,0,0
2026-01-20,B06,35,0.0,1173.0,False,35,0
2026-01-20,B07,125,0.0,10127.0,False,125,0
2026-01-20,B08,8,1695.0,0.0,False,0,0
2026-01-20,B09,22,840.0,0.0,False,0,0
2026-01-20,B10,5,60.0,226.0,False,0,0
2026-01-20,B11,17,534.0,0.0,False,0,0
2026-01-20,B12,13,652.0,1052.0,False,0,0
2026-01-20,C01,0,20.0,48.0,False,0,0
2026-01-20,C02,2,188.0,0.0,False,0,0
2026-01-20,C03,0,22.0,126.0,False,0,0
2026-01-20,C04,0,123.0,465.0,False,0,0
2026-01-20,C05,1,323.0,0.0,False,0,0
2026-01-20,C06,3,357.3,0.0,False,0,0
2026-01-20,C07,5,376.0,0.0,False,0,0
2026-01-20,C08,1,46.0,0.0,False,0,0
2026-01-21,A01,1,514.0,2235.0,False,0,0
2026-01-21,A02,61,6130.0,0.0,False,0,1
2026-01-21,A03,6,555.0,765.0,False,0,0
2026-01-21,A04,3,379.0,0.0,False,0,0
2026-01-21,A05,59,4902.9,4055.0,False,0,1
2026-01-21,A06,128,4047.0,12265.0,False,0,1
2026-01-21,A07,14,678.0,718.0,False,0,0
2026-01-21,A08,8,318.0,0.0,False,0,0
2026-01-21,A09,1,461.0,0.0,False,0,0
2026-01-21,A10,0,4002.0,8132.0,False,0,1
2026-01-21,B01,0,273.0,0.0,False,0,0
2026-01-21,B02,2,1259.0,0.0,False,0,0
2026-01-21,B03,6,562.0,0.0,False,0,0
2026-01-21,B04,20,330.0,0.0,False,0,0
2026-01-21,B05,3,110.0,0.0,False,0,0
2026-01-21,B06,0,0.0,1173.0,False,0,0
2026-01-21,B07,130,0.0,10127.0,False,130,0
2026-01-21,B08,0,1695.0,0.0,False,0,0
2026-01-21,B09,0,840.0,0.0,False,0,0
2026-01-21,B10,0,60.0,226.0,False,0,0
2026-01-21,B11,3,531.0,0.0,False,0,0
2026-01-21,B12,15,637.0,1052.0,False,0,0
2026-01-21,C01,0,20.0,48.0,False,0,0
2026-01-21,C02,2,186.0,0.0,False,0,0
2026-01-21,C03,4,144.0,0.0,False,0,0
2026-01-21,C04,1,122.0,465.0,False,0,0
2026-01-21,C05,2,321.0,0.0,False,0,0
2026-01-21,C06,0,322.0,0.0,False,0,0
2026-01-21,C07,4,352.8,0.0,False,0,0
2026-01-21,C08,0,46.0,0.0,False,0,0
2026-01-22,A01,21,493.0,2235.0,False,0,0
2026-01-22,A02,68,6061.0,0.0,False,0,1
2026-01-22,A03,24,531.0,765.0,False,0,0
2026-01-22,A04,1,378.0,0.0,False,0,0
2026-01-22,A05,107,4323.0,4055.0,False,0,1
2026-01-22,A06,16,4030.0,12265.0,False,0,1
2026-01-22,A07,11,667.0,718.0,False,0,0
2026-01-22,A08,3,315.0,0.0,False,0,0
2026-01-22,A09,0,461.0,0.0,False,0,0
2026-01-22,A10,50,3951.0,8132.0,False,0,1
2026-01-22,B01,1,272.0,0.0,False,0,0
2026-01-22,B02,13,1246.0,0.0,False,0,0
2026-01-22,B03,8,554.0,0.0,False,0,0
2026-01-22,B04,9,321.0,0.0,False,0,0
2026-01-22,B05,0,110.0,0.0,False,0,0
2026-01-22,B06,12,0.0,1173.0,False,12,0
2026-01-22,B07,4,0.0,10127.0,False,4,0
2026-01-22,B08,162,1533.0,0.0,False,0,0
2026-01-22,B09,3,858.2,0.0,False,0,0
2026-01-22,B10,2,58.0,226.0,False,0,0
2026-01-22,B11,3,528.0,0.0,False,0,0
2026-01-22,B12,12,625.0,1052.0,False,0,0
2026-01-22,C01,1,19.0,48.0,False,0,0
2026-01-22,C02,20,147.6,0.0,False,0,0
2026-01-22,C03,0,144.0,0.0,False,0,0
2026-01-22,C04,0,119.3,465.0,False,0,0
2026-01-22,C05,2,319.0,0.0,False,0,0
2026-01-22,C06,0,322.0,0.0,False,0,0
2026-01-22,C07,0,372.0,0.0,False,0,0
2026-01-22,C08,0,46.0,0.0,False,0,0
2026-01-23,A01,82,411.0,2235.0,False,0,0
2026-01-23,A02,67,5993.0,0.0,False,0,1
2026-01-23,A03,5,526.0,765.0,False,0,0
2026-01-23,A04,0,378.0,0.0,False,0,0
2026-01-23,A05,1,4321.0,4055.0,False,0,1
2026-01-23,A06,5,4024.0,12265.0,False,0,1
2026-01-23,A07,22,645.0,718.0,False,0,0
2026-01-23,A08,2,313.0,0.0,False,0,0
2026-01-23,A09,1,460.0,0.0,False,0,0
2026-01-23,A10,149,3801.0,8132.0,False,0,1
2026-01-23,B01,2,303.3,0.0,False,0,0
2026-01-23,B02,28,1090.9,0.0,False,0,0
2026-01-23,B03,8,515.9,0.0,False,0,0
2026-01-23,B04,7,314.0,0.0,False,0,0
2026-01-23,B05,1,105.8,0.0,False,0,0
2026-01-23,B06,4,0.0,1173.0,False,4,0
2026-01-23,B07,30,0.0,10127.0,False,30,0
2026-01-23,B08,29,1504.0,0.0,False,0,0
2026-01-23,B09,2,835.0,0.0,False,0,0
2026-01-23,B10,0,51.7,226.0,False,0,0
2026-01-23,B11,29,499.0,0.0,False,0,0
2026-01-23,B12,7,618.0,1052.0,False,0,0
2026-01-23,C01,0,19.0,48.0,False,0,0
2026-01-23,C02,1,165.0,0.0,False,0,0
2026-01-23,C03,0,144.0,0.0,False,0,0
2026-01-23,C04,2,120.0,465.0,False,0,0
2026-01-23,C05,0,319.0,0.0,False,0,0
2026-01-23,C06,2,320.0,0.0,False,0,0
2026-01-23,C07,0,372.0,0.0,False,0,0
2026-01-23,C08,0,46.0,0.0,False,0,0
2026-01-24,A01,41,370.0,2235.0,False,0,0
2026-01-24,A02,0,5992.0,0.0,False,0,1
2026-01-24,A03,11,515.0,765.0,False,0,0
2026-01-24,A04,9,369.0,0.0,False,0,0
2026-01-24,A05,70,4250.0,4055.0,False,0,1
2026-01-24,A06,362,3661.0,12265.0,False,0,1
2026-01-24,A07,6,650.3,718.0,False,0,0
2026-01-24,A08,51,262.0,0.0,False,0,0
2026-01-24,A09,1,459.0,0.0,False,0,0
2026-01-24,A10,0,3800.0,8132.0,False,0,1
2026-01-24,B01,1,269.0,0.0,False,0,0
2026-01-24,B02,1,1217.0,0.0,False,0,0
2026-01-24,B03,7,537.4,0.0,False,0,0
2026-01-24,B04,7,307.0,0.0,False,0,0
2026-01-24,B05,1,108.0,0.0,False,0,0
2026-01-24,B06,6,0.0,1173.0,False,6,0
2026-01-24,B07,9,0.0,10127.0,False,9,0
2026-01-24,B08,40,1464.0,1952.0,True,0,0
2026-01-24,B09,9,826.0,0.0,False,0,0
2026-01-24,B10,1,57.0,226.0,False,0,0
2026-01-24,B11,5,494.0,0.0,False,0,0
2026-01-24,B12,8,610.0,1052.0,False,0,0
2026-01-24,C01,0,16.6,48.0,False,0,0
2026-01-24,C02,1,164.0,0.0,False,0,0
2026-01-24,C03,0,144.0,0.0,False,0,0
2026-01-24,C04,4,116.0,465.0,False,0,0
2026-01-24,C05,4,315.0,0.0,False,0,0
2026-01-24,C06,2,318.0,0.0,False,0,0
2026-01-24,C07,0,372.0,0.0,False,0,0
2026-01-24,C08,1,45.0,0.0,False,0,0
2026-01-25,A01,132,238.0,2235.0,False,0,0
2026-01-25,A02,9,5807.1,0.0,False,0,1
2026-01-25,A03,33,443.7,765.0,False,0,0
2026-01-25,A04,3,366.0,0.0,False,0,0
2026-01-25,A05,102,4147.0,4055.0,False,0,1
2026-01-25,A06,154,3506.0,12265.0,False,0,1
2026-01-25,A07,14,625.0,718.0,False,0,0
2026-01-25,A08,17,245.0,0.0,False,0,0
2026-01-25,A09,14,445.0,0.0,False,0,0
2026-01-25,A10,137,3662.0,8132.0,False,0,1
2026-01-25,B01,0,269.0,0.0,False,0,0
2026-01-25,B02,11,1206.0,0.0,False,0,0
2026-01-25,B03,4,535.0,0.0,False,0,0
2026-01-25,B04,1,306.0,0.0,False,0,0
2026-01-25,B05,8,100.0,0.0,False,0,0
2026-01-25,B06,2,1171.0,0.0,False,0,0
2026-01-25,B07,53,0.0,10127.0,False,53,0
2026-01-25,B08,2,1547.0,1952.0,False,0,0
2026-01-25,B09,4,822.0,0.0,False,0,0
2026-01-25,B10,2,55.0,226.0,False,0,0
2026-01-25,B11,9,443.5,0.0,False,0,0
2026-01-25,B12,0,610.0,1052.0,False,0,0
2026-01-25,C01,0,19.0,48.0,False,0,0
2026-01-25,C02,4,160.0,0.0,False,0,0
2026-01-25,C03,0,144.0,0.0,False,0,0
2026-01-25,C04,9,107.0,465.0,False,0,0
2026-01-25,C05,4,311.0,0.0,False,0,0
2026-01-25,C06,0,318.0,0.0,False,0,0
2026-01-25,C07,1,371.0,0.0,False,0,0
2026-01-25,C08,0,45.0,0.0,False,0,0
2026-01-26,A01,0,238.0,2235.0,False,0,0
2026-01-26,A02,105,5876.0,0.0,False,0,1
2026-01-26,A03,55,419.5,765.0,False,0,0
2026-01-26,A04,0,366.0,0.0,False,0,0
2026-01-26,A05,4,4142.0,4055.0,False,0,1
2026-01-26,A06,216,3289.0,12265.0,False,0,1
2026-01-26,A07,26,599.0,718.0,False,0,0
2026-01-26,A08,1,244.0,0.0,False,0,0
2026-01-26,A09,0,445.0,0.0,False,0,0
2026-01-26,A10,129,3532.0,8132.0,False,0,1
2026-01-26,B01,2,267.0,0.0,False,0,0
2026-01-26,B02,26,1180.0,0.0,False,0,0
2026-01-26,B03,25,510.0,0.0,False,0,0
2026-01-26,B04,1,305.0,0.0,False,0,0
2026-01-26,B05,0,100.0,0.0,False,0,0
2026-01-26,B06,49,1122.0,0.0,False,0,0
2026-01-26,B07,81,0.0,10127.0,False,81,0
2026-01-26,B08,4,1458.0,1952.0,False,0,0
2026-01-26,B09,4,818.0,0.0,False,0,0
2026-01-26,B10,4,51.0,226.0,False,0,0
2026-01-26,B11,3,482.0,0.0,False,0,0
2026-01-26,B12,20,590.0,1052.0,False,0,0
2026-01-26,C01,0,19.0,48.0,False,0,0
2026-01-26,C02,1,159.0,0.0,False,0,0
2026-01-26,C03,0,144.0,0.0,False,0,0
2026-01-26,C04,2,105.0,465.0,False,0,0
2026-01-26,C05,0,311.0,0.0,False,0,0
2026-01-26,C06,1,317.0,0.0,False,0,0
2026-01-26,C07,0,371.0,0.0,False,0,0
2026-01-26,C08,0,45.0,0.0,False,0,0
2026-01-27,A01,13,225.0,2235.0,False,0,0
2026-01-27,A02,9,5866.0,0.0,False,0,1
2026-01-27,A03,2,425.0,765.0,False,0,0
2026-01-27,A04,0,366.0,0.0,False,0,0
2026-01-27,A05,272,3869.0,4055.0,False,0,1
2026-01-27,A06,115,3173.0,12265.0,False,0,1
2026-01-27,A07,8,591.0,718.0,False,0,0
2026-01-27,A08,0,244.0,0.0,False,0,0
2026-01-27,A09,0,503.3,0.0,False,0,0
2026-01-27,A10,13,3518.0,8132.0,False,0,1
2026-01-27,B01,0,267.0,0.0,False,0,0
2026-01-27,B02,11,1169.0,0.0,False,0,0
2026-01-27,B03,2,508.0,0.0,False,0,0
2026-01-27,B04,10,295.0,0.0,False,0,0
2026-01-27,B05,4,96.0,0.0,False,0,0
2026-01-27,B06,1,1121.0,0.0,False,0,0
2026-01-27,B07,52,0.0,10127.0,False,52,0
2026-01-27,B08,53,1405.0,1952.0,False,0,0
2026-01-27,B09,0,818.0,0.0,False,0,0
2026-01-27,B10,2,49.0,226.0,False,0,0
2026-01-27,B11,26,456.0,0.0,False,0,0
2026-01-27,B12,1,589.0,1052.0,False,0,0
2026-01-27,C01,0,19.0,48.0,False,0,0
2026-01-27,C02,20,139.0,0.0,False,0,0
2026-01-27,C03,2,142.0,0.0,False,0,0
2026-01-27,C04,1,104.0,465.0,False,0,0
2026-01-27,C05,0,311.0,0.0,False,0,0
2026-01-27,C06,0,317.0,0.0,False,0,0
2026-01-27,C07,0,321.5,0.0,False,0,0
2026-01-27,C08,1,44.0,0.0,False,0,0
2026-01-28,A01,1,245.1,2235.0,False,0,0
2026-01-28,A02,11,5854.0,0.0,False,0,1
2026-01-28,A03,1,424.0,765.0,False,0,0
2026-01-28,A04,0,366.0,0.0,False,0,0
2026-01-28,A05,30,3838.0,4055.0,False,0,1
2026-01-28,A06,40,3132.0,12265.0,False,0,1
2026-01-28,A07,8,583.0,718.0,False,0,0
2026-01-28,A08,4,240.0,0.0,False,0,0
2026-01-28,A09,13,432.0,662.0,True,0,0
2026-01-28,A10,34,3483.0,8132.0,False,0,1
2026-01-28,B01,0,267.0,0.0,False,0,0
2026-01-28,B02,15,1154.0,0.0,False,0,0
2026-01-28,B03,1,507.0,0.0,False,0,0
2026-01-28,B04,1,303.9,0.0,False,0,0
2026-01-28,B05,0,96.0,0.0,False,0,0
2026-01-28,B06,0,1121.0,0.0,False,0,0
2026-01-28,B07,3,0.0,10127.0,False,3,0
2026-01-28,B08,19,1386.0,1952.0,False,0,0
2026-01-28,B09,0,818.0,0.0,False,0,0
2026-01-28,B10,0,49.0,226.0,False,0,0
2026-01-28,B11,9,447.0,0.0,False,0,0
2026-01-28,B12,7,582.0,1052.0,False,0,0
2026-01-28,C01,0,19.0,48.0,False,0,0
2026-01-28,C02,0,139.0,0.0,False,0,0
2026-01-28,C03,1,141.0,0.0,False,0,0
2026-01-28,C04,5,99.0,465.0,False,0,0
2026-01-28,C05,0,311.0,0.0,False,0,0
2026-01-28,C06,5,312.0,0.0,False,0,0
2026-01-28,C07,5,366.0,0.0,False,0,0
2026-01-28,C08,0,44.0,0.0,False,0,0
2026-01-29,A01,31,193.0,2235.0,False,0,0
2026-01-29,A02,53,5800.0,0.0,False,0,1
2026-01-29,A03,7,417.0,765.0,False,0,0
2026-01-29,A04,2,364.0,0.0,False,0,0
2026-01-29,A05,80,3757.0,4055.0,False,0,1
2026-01-29,A06,60,3071.0,12265.0,False,0,1
2026-01-29,A07,14,569.0,718.0,False,0,0
2026-01-29,A08,1,239.0,0.0,False,0,0
2026-01-29,A09,0,432.0,662.0,False,0,0
2026-01-29,A10,0,3083.9,8132.0,False,0,1
2026-01-29,B01,2,265.0,0.0,False,0,0
2026-01-29,B02,22,1132.0,0.0,False,0,0
2026-01-29,B03,0,507.0,0.0,False,0,0
2026-01-29,B04,13,281.0,0.0,False,0,0
2026-01-29,B05,0,96.0,0.0,False,0,0
2026-01-29,B06,7,1114.0,0.0,False,0,0
2026-01-29,B07,45,0.0,10127.0,False,45,0
2026-01-29,B08,30,1353.1,1952.0,False,0,0
2026-01-29,B09,3,815.0,0.0,False,0,0
2026-01-29,B10,0,49.0,226.0,False,0,0
2026-01-29,B11,0,447.0,0.0,False,0,0
2026-01-29,B12,42,534.0,1052.0,False,0,0
2026-01-29,C01,5,14.0,48.0,False,0,0
2026-01-29,C02,3,136.0,0.0,False,0,0
2026-01-29,C03,0,155.5,0.0,False,0,0
2026-01-29,C04,0,99.0,465.0,False,0,0
2026-01-29,C05,5,306.0,0.0,False,0,0
2026-01-29,C06,6,306.0,0.0,False,0,0
2026-01-29,C07,3,363.0,0.0,False,0,0
2026-01-29,C08,0,44.0,0.0,False,0,0
2026-01-30,A01,45,148.0,2235.0,False,0,0
2026-01-30,A02,74,5725.0,0.0,False,0,1
2026-01-30,A03,5,412.0,765.0,False,0,0
2026-01-30,A04,0,342.3,0.0,False,0,0
2026-01-30,A05,1,3755.0,4055.0,False,0,1
2026-01-30,A06,39,3031.0,12265.0,False,0,1
2026-01-30,A07,2,567.0,718.0,False,0,0
2026-01-30,A08,5,234.0,0.0,False,0,0
2026-01-30,A09,8,424.0,662.0,False,0,0
2026-01-30,A10,2,3479.0,8132.0,False,0,1
2026-01-30,B01,0,265.0,0.0,False,0,0
2026-01-30,B02,33,1099.0,0.0,False,0,0
2026-01-30,B03,1,506.0,0.0,False,0,0
2026-01-30,B04,3,278.0,0.0,False,0,0
2026-01-30,B05,2,94.0,0.0,False,0,0
2026-01-30,B06,2,1112.0,0.0,False,0,0
2026-01-30,B07,2,0.0,10127.0,False,2,0
2026-01-30,B08,1,1355.0,1952.0,False,0,0
2026-01-30,B09,8,807.0,0.0,False,0,0
2026-01-30,B10,2,47.0,226.0,False,0,0
2026-01-30,B11,0,447.0,0.0,False,0,0
2026-01-30,B12,13,527.0,1052.0,False,0,0
2026-01-30,C01,0,14.0,48.0,False,0,0
2026-01-30,C02,4,132.0,0.0,False,0,0
2026-01-30,C03,0,141.0,0.0,False,0,0
2026-01-30,C04,3,96.0,465.0,False,0,0
2026-01-30,C05,0,306.0,0.0,False,0,0
2026-01-30,C06,0,306.0,0.0,False,0,0
2026-01-30,C07,2,361.0,0.0,False,0,0
2026-01-30,C08,0,44.0,0.0,False,0,0
2026-01-31,A01,19,129.0,2235.0,False,0,0
2026-01-31,A02,25,5699.0,0.0,False,0,1
2026-01-31,A03,19,360.4,765.0,False,0,0
2026-01-31,A04,9,372.3,0.0,False,0,0
2026-01-31,A05,4,3750.0,4055.0,False,0,1
2026-01-31,A06,22,3008.0,12265.0,False,0,1
2026-01-31,A07,12,555.0,718.0,False,0,0
2026-01-31,A08,16,218.0,0.0,False,0,0
2026-01-31,A09,24,400.0,662.0,False,0,0
2026-01-31,A10,278,3200.0,8132.0,False,0,1
2026-01-31,B01,0,265.0,0.0,False,0,0
2026-01-31,B02,7,1092.0,0.0,False,0,0
2026-01-31,B03,2,504.0,0.0,False,0,0
2026-01-31,B04,0,278.0,0.0,False,0,0
2026-01-31,B05,1,93.0,0.0,False,0,0
2026-01-31,B06,2,1110.0,0.0,False,0,0
2026-01-31,B07,83,0.0,10127.0,False,83,0
2026-01-31,B08,25,1330.0,1952.0,False,0,0
2026-01-31,B09,11,796.0,0.0,False,0,0
2026-01-31,B10,5,42.0,226.0,False,0,0
2026-01-31,B11,19,428.0,0.0,False,0,0
2026-01-31,B12,9,518.0,1052.0,False,0,0
2026-01-31,C01,0,14.0,48.0,False,0,0
2026-01-31,C02,0,136.4,0.0,False,0,0
2026-01-31,C03,0,141.0,0.0,False,0,0
2026-01-31,C04,0,101.0,465.0,False,0,0
2026-01-31,C05,0,306.0,0.0,False,0,0
2026-01-31,C06,0,306.0,0.0,False,0,0
2026-01-31,C07,7,354.0,0.0,False,0,0
2026-01-31,C08,0,44.0,0.0,False,0,0
